fact_id,ingestion_fingerprint,ticker,source,statement,concept,standard_concept,canonical_key,label,value,numeric_value,unit,currency,scale_factor,period,period_kind,period_type,period_start,period_end,period_instant,fiscal_year,fiscal_period,filing_date,form_type,accession,source_locator,context_ref,statement_role,metadata,dimensions,is_derived,derivation,original_source
f-72,4ca703d6a2f37bb06aaaf5cbadf2a3d25493f59d58413170b28120daa77303b7,AAPL,edgar,income_statement,us-gaap:RevenueFromContractWithCustomerExcludingAssessedTax,,revenuefromcontractwithcustomerexcludingassessedtax,Net sales,307003000000,307003000000.0,usd,USD,1.0,duration_2024-09-29_2025-09-27,reported,duration,2024-09-29,2025-09-27,,2025,FY,2025-10-31,10-K,0000320193-25-000079,edgar:0000320193-25-000079:f-72,c-12,http://www.apple.com/role/CONSOLIDATEDSTATEMENTSOFOPERATIONS,"{""balance"": ""credit"", ""cik"": ""0000320193"", ""context_ref"": ""c-12"", ""period_key"": ""duration_2024-09-29_2025-09-27"", ""preferred_sign"": 1.0, ""statement_role"": ""http://www.apple.com/role/CONSOLIDATEDSTATEMENTSOFOPERATIONS"", ""statement_type"": ""IncomeStatement"", ""weight"": 1.0}","{""srt_ProductOrServiceAxis"": ""us-gaap:ProductMember""}",False,,edgar_xbrl
f-73,b4642159f444fe99ad2e91977fb89c8928963f9ad9627efc12f37eca4ea56c66,AAPL,edgar,income_statement,us-gaap:RevenueFromContractWithCustomerExcludingAssessedTax,,revenuefromcontractwithcustomerexcludingassessedtax,Net sales,294866000000,294866000000.0,usd,USD,1.0,duration_2023-10-01_2024-09-28,reported,duration,2023-10-01,2024-09-28,,2025,FY,2025-10-31,10-K,0000320193-25-000079,edgar:0000320193-25-000079:f-73,c-13,http://www.apple.com/role/CONSOLIDATEDSTATEMENTSOFOPERATIONS,"{""balance"": ""credit"", ""cik"": ""0000320193"", ""context_ref"": ""c-13"", ""period_key"": ""duration_2023-10-01_2024-09-28"", ""preferred_sign"": 1.0, ""statement_role"": ""http://www.apple.com/role/CONSOLIDATEDSTATEMENTSOFOPERATIONS"", ""statement_type"": ""IncomeStatement"", ""weight"": 1.0}","{""srt_ProductOrServiceAxis"": ""us-gaap:ProductMember""}",False,,edgar_xbrl
f-74,4a22ab48dbc10789a4d8803ec2f2283d4dac993b65adf037cbb69bdb06b1669a,AAPL,edgar,income_statement,us-gaap:RevenueFromContractWithCustomerExcludingAssessedTax,,revenuefromcontractwithcustomerexcludingassessedtax,Net sales,298085000000,298085000000.0,usd,USD,1.0,duration_2022-09-25_2023-09-30,reported,duration,2022-09-25,2023-09-30,,2024,FY,2025-10-31,10-K,0000320193-25-000079,edgar:0000320193-25-000079:f-74,c-14,http://www.apple.com/role/CONSOLIDATEDSTATEMENTSOFOPERATIONS,"{""balance"": ""credit"", ""cik"": ""0000320193"", ""context_ref"": ""c-14"", ""period_key"": ""duration_2022-09-25_2023-09-30"", ""preferred_sign"": 1.0, ""statement_role"": ""http://www.apple.com/role/CONSOLIDATEDSTATEMENTSOFOPERATIONS"", ""statement_type"": ""IncomeStatement"", ""weight"": 1.0}","{""srt_ProductOrServiceAxis"": ""us-gaap:ProductMember""}",False,,edgar_xbrl
f-81,16e27345ffda931e6e35520f73ca61d8e018269efb9690ab401f78e5f9c390bd,AAPL,edgar,income_statement,us-gaap:CostOfGoodsAndServicesSold,,costofgoodsandservicessold,Cost of sales,194116000000,194116000000.0,usd,USD,1.0,duration_2024-09-29_2025-09-27,reported,duration,2024-09-29,2025-09-27,,2025,FY,2025-10-31,10-K,0000320193-25-000079,edgar:0000320193-25-000079:f-81,c-12,http://www.apple.com/role/CONSOLIDATEDSTATEMENTSOFOPERATIONS,"{""balance"": ""debit"", ""cik"": ""0000320193"", ""context_ref"": ""c-12"", ""period_key"": ""duration_2024-09-29_2025-09-27"", ""preferred_sign"": 1.0, ""statement_role"": ""http://www.apple.com/role/CONSOLIDATEDSTATEMENTSOFOPERATIONS"", ""statement_type"": ""IncomeStatement"", ""weight"": -1.0}","{""srt_ProductOrServiceAxis"": ""us-gaap:ProductMember""}",False,,edgar_xbrl
f-82,b7bbf44401edc572955e3aa89a7f1ed5c4aa7002cc05faa3b39011af4464faff,AAPL,edgar,income_statement,us-gaap:CostOfGoodsAndServicesSold,,costofgoodsandservicessold,Cost of sales,185233000000,185233000000.0,usd,USD,1.0,duration_2023-10-01_2024-09-28,reported,duration,2023-10-01,2024-09-28,,2025,FY,2025-10-31,10-K,0000320193-25-000079,edgar:0000320193-25-000079:f-82,c-13,http://www.apple.com/role/CONSOLIDATEDSTATEMENTSOFOPERATIONS,"{""balance"": ""debit"", ""cik"": ""0000320193"", ""context_ref"": ""c-13"", ""period_key"": ""duration_2023-10-01_2024-09-28"", ""preferred_sign"": 1.0, ""statement_role"": ""http://www.apple.com/role/CONSOLIDATEDSTATEMENTSOFOPERATIONS"", ""statement_type"": ""IncomeStatement"", ""weight"": -1.0}","{""srt_ProductOrServiceAxis"": ""us-gaap:ProductMember""}",False,,edgar_xbrl
f-83,3388c786ad0fc4732d4f23cee526cc5ba214d61bb527939db4ae83b272759ebc,AAPL,edgar,income_statement,us-gaap:CostOfGoodsAndServicesSold,,costofgoodsandservicessold,Cost of sales,189282000000,189282000000.0,usd,USD,1.0,duration_2022-09-25_2023-09-30,reported,duration,2022-09-25,2023-09-30,,2024,FY,2025-10-31,10-K,0000320193-25-000079,edgar:0000320193-25-000079:f-83,c-14,http://www.apple.com/role/CONSOLIDATEDSTATEMENTSOFOPERATIONS,"{""balance"": ""debit"", ""cik"": ""0000320193"", ""context_ref"": ""c-14"", ""period_key"": ""duration_2022-09-25_2023-09-30"", ""preferred_sign"": 1.0, ""statement_role"": ""http://www.apple.com/role/CONSOLIDATEDSTATEMENTSOFOPERATIONS"", ""statement_type"": ""IncomeStatement"", ""weight"": -1.0}","{""srt_ProductOrServiceAxis"": ""us-gaap:ProductMember""}",False,,edgar_xbrl
f-84,300138b1d69a824d2d489e7f11dca8e85544789c22b9ff805b3533df582ad7fb,AAPL,edgar,income_statement,us-gaap:CostOfGoodsAndServicesSold,,costofgoodsandservicessold,Cost of sales,26844000000,26844000000.0,usd,USD,1.0,duration_2024-09-29_2025-09-27,reported,duration,2024-09-29,2025-09-27,,2025,FY,2025-10-31,10-K,0000320193-25-000079,edgar:0000320193-25-000079:f-84,c-15,http://www.apple.com/role/CONSOLIDATEDSTATEMENTSOFOPERATIONS,"{""balance"": ""debit"", ""cik"": ""0000320193"", ""context_ref"": ""c-15"", ""period_key"": ""duration_2024-09-29_2025-09-27"", ""preferred_sign"": 1.0, ""statement_role"": ""http://www.apple.com/role/CONSOLIDATEDSTATEMENTSOFOPERATIONS"", ""statement_type"": ""IncomeStatement"", ""weight"": -1.0}","{""srt_ProductOrServiceAxis"": ""us-gaap:ServiceMember""}",False,,edgar_xbrl
f-85,33f967c0418bb79a4921ed0b628f0d0897253e3a4910eb57b6b8ad816b99ab72,AAPL,edgar,income_statement,us-gaap:CostOfGoodsAndServicesSold,,costofgoodsandservicessold,Cost of sales,25119000000,25119000000.0,usd,USD,1.0,duration_2023-10-01_2024-09-28,reported,duration,2023-10-01,2024-09-28,,2025,FY,2025-10-31,10-K,0000320193-25-000079,edgar:0000320193-25-000079:f-85,c-16,http://www.apple.com/role/CONSOLIDATEDSTATEMENTSOFOPERATIONS,"{""balance"": ""debit"", ""cik"": ""0000320193"", ""context_ref"": ""c-16"", ""period_key"": ""duration_2023-10-01_2024-09-28"", ""preferred_sign"": 1.0, ""statement_role"": ""http://www.apple.com/role/CONSOLIDATEDSTATEMENTSOFOPERATIONS"", ""statement_type"": ""IncomeStatement"", ""weight"": -1.0}","{""srt_ProductOrServiceAxis"": ""us-gaap:ServiceMember""}",False,,edgar_xbrl
f-86,a1094c477ce3fb22ad8f868074fc4b3c2dd65e8b8dfa9dcf01a21ee0068acb3b,AAPL,edgar,income_statement,us-gaap:CostOfGoodsAndServicesSold,,costofgoodsandservicessold,Cost of sales,24855000000,24855000000.0,usd,USD,1.0,duration_2022-09-25_2023-09-30,reported,duration,2022-09-25,2023-09-30,,2024,FY,2025-10-31,10-K,0000320193-25-000079,edgar:0000320193-25-000079:f-86,c-17,http://www.apple.com/role/CONSOLIDATEDSTATEMENTSOFOPERATIONS,"{""balance"": ""debit"", ""cik"": ""0000320193"", ""context_ref"": ""c-17"", ""period_key"": ""duration_2022-09-25_2023-09-30"", ""preferred_sign"": 1.0, ""statement_role"": ""http://www.apple.com/role/CONSOLIDATEDSTATEMENTSOFOPERATIONS"", ""statement_type"": ""IncomeStatement"", ""weight"": -1.0}","{""srt_ProductOrServiceAxis"": ""us-gaap:ServiceMember""}",False,,edgar_xbrl
f-90,6656a18423f958947278fd9af7fb8e736033fd5283eadcb3c573ac29ddf013ad,AAPL,edgar,income_statement,us-gaap:GrossProfit,GrossProfit,grossprofit,Gross margin,195201000000,195201000000.0,usd,USD,1.0,duration_2024-09-29_2025-09-27,reported,duration,2024-09-29,2025-09-27,,2025,FY,2025-10-31,10-K,0000320193-25-000079,edgar:0000320193-25-000079:f-90,c-1,http://www.apple.com/role/CONSOLIDATEDSTATEMENTSOFOPERATIONS,"{""balance"": ""credit"", ""cik"": ""0000320193"", ""context_ref"": ""c-1"", ""period_key"": ""duration_2024-09-29_2025-09-27"", ""preferred_sign"": 1.0, ""statement_role"": ""http://www.apple.com/role/CONSOLIDATEDSTATEMENTSOFOPERATIONS"", ""statement_type"": ""IncomeStatement"", ""weight"": 1.0}",{},False,,edgar_xbrl
f-91,4d1e6e12ae0d47b70195578c856f09dc32aa5c16670dd6dbf1b96fedf8144f47,AAPL,edgar,income_statement,us-gaap:GrossProfit,GrossProfit,grossprofit,Gross margin,180683000000,180683000000.0,usd,USD,1.0,duration_2023-10-01_2024-09-28,reported,duration,2023-10-01,2024-09-28,,2025,FY,2025-10-31,10-K,0000320193-25-000079,edgar:0000320193-25-000079:f-91,c-18,http://www.apple.com/role/CONSOLIDATEDSTATEMENTSOFOPERATIONS,"{""balance"": ""credit"", ""cik"": ""0000320193"", ""context_ref"": ""c-18"", ""period_key"": ""duration_2023-10-01_2024-09-28"", ""preferred_sign"": 1.0, ""statement_role"": ""http://www.apple.com/role/CONSOLIDATEDSTATEMENTSOFOPERATIONS"", ""statement_type"": ""IncomeStatement"", ""weight"": 1.0}",{},False,,edgar_xbrl
f-92,0c60b48054cbc6789360ba9ab6c5563ee43150a52c207083ccec53230c20174d,AAPL,edgar,income_statement,us-gaap:GrossProfit,GrossProfit,grossprofit,Gross margin,169148000000,169148000000.0,usd,USD,1.0,duration_2022-09-25_2023-09-30,reported,duration,2022-09-25,2023-09-30,,2024,FY,2025-10-31,10-K,0000320193-25-000079,edgar:0000320193-25-000079:f-92,c-19,http://www.apple.com/role/CONSOLIDATEDSTATEMENTSOFOPERATIONS,"{""balance"": ""credit"", ""cik"": ""0000320193"", ""context_ref"": ""c-19"", ""period_key"": ""duration_2022-09-25_2023-09-30"", ""preferred_sign"": 1.0, ""statement_role"": ""http://www.apple.com/role/CONSOLIDATEDSTATEMENTSOFOPERATIONS"", ""statement_type"": ""IncomeStatement"", ""weight"": 1.0}",{},False,,edgar_xbrl
f-96,f7b5a2b58640e82f902e08a0bd180d9ff6911a7446d96bc48e6a4e95b745907f,AAPL,edgar,income_statement,us-gaap:SellingGeneralAndAdministrativeExpense,SellingGeneralAndAdminExpenses,sellinggeneralandadminexpenses,"Selling, general and administrative",27601000000,27601000000.0,usd,USD,1.0,duration_2024-09-29_2025-09-27,reported,duration,2024-09-29,2025-09-27,,2025,FY,2025-10-31,10-K,0000320193-25-000079,edgar:0000320193-25-000079:f-96,c-1,http://www.apple.com/role/CONSOLIDATEDSTATEMENTSOFOPERATIONS,"{""balance"": ""debit"", ""cik"": ""0000320193"", ""context_ref"": ""c-1"", ""period_key"": ""duration_2024-09-29_2025-09-27"", ""preferred_sign"": 1.0, ""statement_role"": ""http://www.apple.com/role/CONSOLIDATEDSTATEMENTSOFOPERATIONS"", ""statement_type"": ""IncomeStatement"", ""weight"": 1.0}",{},False,,edgar_xbrl
f-97,c3407d2dbbecc75cd63c77ca262f789959f7d684c88073b234b6c1aaa3fde69a,AAPL,edgar,income_statement,us-gaap:SellingGeneralAndAdministrativeExpense,SellingGeneralAndAdminExpenses,sellinggeneralandadminexpenses,"Selling, general and administrative",26097000000,26097000000.0,usd,USD,1.0,duration_2023-10-01_2024-09-28,reported,duration,2023-10-01,2024-09-28,,2025,FY,2025-10-31,10-K,0000320193-25-000079,edgar:0000320193-25-000079:f-97,c-18,http://www.apple.com/role/CONSOLIDATEDSTATEMENTSOFOPERATIONS,"{""balance"": ""debit"", ""cik"": ""0000320193"", ""context_ref"": ""c-18"", ""period_key"": ""duration_2023-10-01_2024-09-28"", ""preferred_sign"": 1.0, ""statement_role"": ""http://www.apple.com/role/CONSOLIDATEDSTATEMENTSOFOPERATIONS"", ""statement_type"": ""IncomeStatement"", ""weight"": 1.0}",{},False,,edgar_xbrl
f-98,e9b242079fdbb54ba5cc16464a08ce976e5ff64e372b64e5b3dac28e5da79da6,AAPL,edgar,income_statement,us-gaap:SellingGeneralAndAdministrativeExpense,SellingGeneralAndAdminExpenses,sellinggeneralandadminexpenses,"Selling, general and administrative",24932000000,24932000000.0,usd,USD,1.0,duration_2022-09-25_2023-09-30,reported,duration,2022-09-25,2023-09-30,,2024,FY,2025-10-31,10-K,0000320193-25-000079,edgar:0000320193-25-000079:f-98,c-19,http://www.apple.com/role/CONSOLIDATEDSTATEMENTSOFOPERATIONS,"{""balance"": ""debit"", ""cik"": ""0000320193"", ""context_ref"": ""c-19"", ""period_key"": ""duration_2022-09-25_2023-09-30"", ""preferred_sign"": 1.0, ""statement_role"": ""http://www.apple.com/role/CONSOLIDATEDSTATEMENTSOFOPERATIONS"", ""statement_type"": ""IncomeStatement"", ""weight"": 1.0}",{},False,,edgar_xbrl
f-99,c495e78819c63d312a614ece828a54bf6a06cd7f5fbb193f26060c5157fc6c05,AAPL,edgar,income_statement,us-gaap:OperatingExpenses,TotalOperatingExpenses,totaloperatingexpenses,Total operating expenses,62151000000,62151000000.0,usd,USD,1.0,duration_2024-09-29_2025-09-27,reported,duration,2024-09-29,2025-09-27,,2025,FY,2025-10-31,10-K,0000320193-25-000079,edgar:0000320193-25-000079:f-99,c-1,http://www.apple.com/role/CONSOLIDATEDSTATEMENTSOFOPERATIONS,"{""cik"": ""0000320193"", ""context_ref"": ""c-1"", ""period_key"": ""duration_2024-09-29_2025-09-27"", ""preferred_sign"": 1.0, ""statement_role"": ""http://www.apple.com/role/CONSOLIDATEDSTATEMENTSOFOPERATIONS"", ""statement_type"": ""IncomeStatement"", ""weight"": -1.0}",{},False,,edgar_xbrl
f-100,b6fa55235939cfeb2a92f58b627b1833e880515fd07917bf1cb804c502fd0394,AAPL,edgar,income_statement,us-gaap:OperatingExpenses,TotalOperatingExpenses,totaloperatingexpenses,Total operating expenses,57467000000,57467000000.0,usd,USD,1.0,duration_2023-10-01_2024-09-28,reported,duration,2023-10-01,2024-09-28,,2025,FY,2025-10-31,10-K,0000320193-25-000079,edgar:0000320193-25-000079:f-100,c-18,http://www.apple.com/role/CONSOLIDATEDSTATEMENTSOFOPERATIONS,"{""cik"": ""0000320193"", ""context_ref"": ""c-18"", ""period_key"": ""duration_2023-10-01_2024-09-28"", ""preferred_sign"": 1.0, ""statement_role"": ""http://www.apple.com/role/CONSOLIDATEDSTATEMENTSOFOPERATIONS"", ""statement_type"": ""IncomeStatement"", ""weight"": -1.0}",{},False,,edgar_xbrl
f-101,6d688507a7546db79653f86025e5d19c1cc469e5c2760d0aec68cb1b6ea83d04,AAPL,edgar,income_statement,us-gaap:OperatingExpenses,TotalOperatingExpenses,totaloperatingexpenses,Total operating expenses,54847000000,54847000000.0,usd,USD,1.0,duration_2022-09-25_2023-09-30,reported,duration,2022-09-25,2023-09-30,,2024,FY,2025-10-31,10-K,0000320193-25-000079,edgar:0000320193-25-000079:f-101,c-19,http://www.apple.com/role/CONSOLIDATEDSTATEMENTSOFOPERATIONS,"{""cik"": ""0000320193"", ""context_ref"": ""c-19"", ""period_key"": ""duration_2022-09-25_2023-09-30"", ""preferred_sign"": 1.0, ""statement_role"": ""http://www.apple.com/role/CONSOLIDATEDSTATEMENTSOFOPERATIONS"", ""statement_type"": ""IncomeStatement"", ""weight"": -1.0}",{},False,,edgar_xbrl
f-105,ce5699890ffa48a3ff730f8c5c209adfb735fd4881eae3f1651bb53805bbbc9a,AAPL,edgar,income_statement,us-gaap:NonoperatingIncomeExpense,NonoperatingIncomeExpense,nonoperatingincomeexpense,"Other income/(expense), net",-321000000,-321000000.0,usd,USD,1.0,duration_2024-09-29_2025-09-27,reported,duration,2024-09-29,2025-09-27,,2025,FY,2025-10-31,10-K,0000320193-25-000079,edgar:0000320193-25-000079:f-105,c-1,http://www.apple.com/role/CONSOLIDATEDSTATEMENTSOFOPERATIONS,"{""cik"": ""0000320193"", ""context_ref"": ""c-1"", ""period_key"": ""duration_2024-09-29_2025-09-27"", ""preferred_sign"": 1.0, ""statement_role"": ""http://www.apple.com/role/CONSOLIDATEDSTATEMENTSOFOPERATIONS"", ""statement_type"": ""IncomeStatement"", ""weight"": 1.0}",{},False,,edgar_xbrl
f-106,201c32a945ca2c469dc3b62a20fa331281e12a98cf8abb94654c115f44c7e948,AAPL,edgar,income_statement,us-gaap:NonoperatingIncomeExpense,NonoperatingIncomeExpense,nonoperatingincomeexpense,"Other income/(expense), net",269000000,269000000.0,usd,USD,1.0,duration_2023-10-01_2024-09-28,reported,duration,2023-10-01,2024-09-28,,2025,FY,2025-10-31,10-K,0000320193-25-000079,edgar:0000320193-25-000079:f-106,c-18,http://www.apple.com/role/CONSOLIDATEDSTATEMENTSOFOPERATIONS,"{""cik"": ""0000320193"", ""context_ref"": ""c-18"", ""period_key"": ""duration_2023-10-01_2024-09-28"", ""preferred_sign"": 1.0, ""statement_role"": ""http://www.apple.com/role/CONSOLIDATEDSTATEMENTSOFOPERATIONS"", ""statement_type"": ""IncomeStatement"", ""weight"": 1.0}",{},False,,edgar_xbrl
f-107,8069dada004146bda2ef233002dd9f06db051277889f1908936429f3175bf7f1,AAPL,edgar,income_statement,us-gaap:NonoperatingIncomeExpense,NonoperatingIncomeExpense,nonoperatingincomeexpense,"Other income/(expense), net",-565000000,-565000000.0,usd,USD,1.0,duration_2022-09-25_2023-09-30,reported,duration,2022-09-25,2023-09-30,,2024,FY,2025-10-31,10-K,0000320193-25-000079,edgar:0000320193-25-000079:f-107,c-19,http://www.apple.com/role/CONSOLIDATEDSTATEMENTSOFOPERATIONS,"{""cik"": ""0000320193"", ""context_ref"": ""c-19"", ""period_key"": ""duration_2022-09-25_2023-09-30"", ""preferred_sign"": 1.0, ""statement_role"": ""http://www.apple.com/role/CONSOLIDATEDSTATEMENTSOFOPERATIONS"", ""statement_type"": ""IncomeStatement"", ""weight"": 1.0}",{},False,,edgar_xbrl
f-108,06bd1bbc4576ed1d8d2a95d09173b58bde431bb03360cacb15d0a15625223984,AAPL,edgar,income_statement,us-gaap:IncomeLossFromContinuingOperationsBeforeIncomeTaxesExtraordinaryItemsNoncontrollingInterest,PretaxIncomeLoss,pretaxincomeloss,Income before provision for income taxes,132729000000,132729000000.0,usd,USD,1.0,duration_2024-09-29_2025-09-27,reported,duration,2024-09-29,2025-09-27,,2025,FY,2025-10-31,10-K,0000320193-25-000079,edgar:0000320193-25-000079:f-108,c-1,http://www.apple.com/role/CONSOLIDATEDSTATEMENTSOFOPERATIONS,"{""balance"": ""credit"", ""cik"": ""0000320193"", ""context_ref"": ""c-1"", ""period_key"": ""duration_2024-09-29_2025-09-27"", ""preferred_sign"": 1.0, ""statement_role"": ""http://www.apple.com/role/CONSOLIDATEDSTATEMENTSOFOPERATIONS"", ""statement_type"": ""IncomeStatement"", ""weight"": 1.0}",{},False,,edgar_xbrl
f-109,ac8f25dd1d958d9547409b19675bdfa3b358b1989cba364d461e3a6d3e244fb2,AAPL,edgar,income_statement,us-gaap:IncomeLossFromContinuingOperationsBeforeIncomeTaxesExtraordinaryItemsNoncontrollingInterest,PretaxIncomeLoss,pretaxincomeloss,Income before provision for income taxes,123485000000,123485000000.0,usd,USD,1.0,duration_2023-10-01_2024-09-28,reported,duration,2023-10-01,2024-09-28,,2025,FY,2025-10-31,10-K,0000320193-25-000079,edgar:0000320193-25-000079:f-109,c-18,http://www.apple.com/role/CONSOLIDATEDSTATEMENTSOFOPERATIONS,"{""balance"": ""credit"", ""cik"": ""0000320193"", ""context_ref"": ""c-18"", ""period_key"": ""duration_2023-10-01_2024-09-28"", ""preferred_sign"": 1.0, ""statement_role"": ""http://www.apple.com/role/CONSOLIDATEDSTATEMENTSOFOPERATIONS"", ""statement_type"": ""IncomeStatement"", ""weight"": 1.0}",{},False,,edgar_xbrl
f-110,2efe8cd03a358b7e47902f828251da7e3c24158befbd15107d46305e3afaeeb4,AAPL,edgar,income_statement,us-gaap:IncomeLossFromContinuingOperationsBeforeIncomeTaxesExtraordinaryItemsNoncontrollingInterest,PretaxIncomeLoss,pretaxincomeloss,Income before provision for income taxes,113736000000,113736000000.0,usd,USD,1.0,duration_2022-09-25_2023-09-30,reported,duration,2022-09-25,2023-09-30,,2024,FY,2025-10-31,10-K,0000320193-25-000079,edgar:0000320193-25-000079:f-110,c-19,http://www.apple.com/role/CONSOLIDATEDSTATEMENTSOFOPERATIONS,"{""balance"": ""credit"", ""cik"": ""0000320193"", ""context_ref"": ""c-19"", ""period_key"": ""duration_2022-09-25_2023-09-30"", ""preferred_sign"": 1.0, ""statement_role"": ""http://www.apple.com/role/CONSOLIDATEDSTATEMENTSOFOPERATIONS"", ""statement_type"": ""IncomeStatement"", ""weight"": 1.0}",{},False,,edgar_xbrl
f-114,d8a7fe50482913c7fb17196909e1b99af65b3a40d8116e60327752ea408c909a,AAPL,edgar,income_statement,us-gaap:NetIncomeLoss,NetIncome,netincome,Net income,112010000000,112010000000.0,usd,USD,1.0,duration_2024-09-29_2025-09-27,reported,duration,2024-09-29,2025-09-27,,2025,FY,2025-10-31,10-K,0000320193-25-000079,edgar:0000320193-25-000079:f-114,c-1,http://www.apple.com/role/CONSOLIDATEDSTATEMENTSOFOPERATIONS,"{""balance"": ""credit"", ""cik"": ""0000320193"", ""context_ref"": ""c-1"", ""period_key"": ""duration_2024-09-29_2025-09-27"", ""preferred_sign"": 1.0, ""statement_role"": ""http://www.apple.com/role/CONSOLIDATEDSTATEMENTSOFOPERATIONS"", ""statement_type"": ""IncomeStatement"", ""weight"": 1.0}",{},False,,edgar_xbrl
f-115,bc42aeb5b9dc6d3317f85400336a9b6084292c94eb455d30736dce24cc659b4b,AAPL,edgar,income_statement,us-gaap:NetIncomeLoss,NetIncome,netincome,Net income,93736000000,93736000000.0,usd,USD,1.0,duration_2023-10-01_2024-09-28,reported,duration,2023-10-01,2024-09-28,,2025,FY,2025-10-31,10-K,0000320193-25-000079,edgar:0000320193-25-000079:f-115,c-18,http://www.apple.com/role/CONSOLIDATEDSTATEMENTSOFOPERATIONS,"{""balance"": ""credit"", ""cik"": ""0000320193"", ""context_ref"": ""c-18"", ""period_key"": ""duration_2023-10-01_2024-09-28"", ""preferred_sign"": 1.0, ""statement_role"": ""http://www.apple.com/role/CONSOLIDATEDSTATEMENTSOFOPERATIONS"", ""statement_type"": ""IncomeStatement"", ""weight"": 1.0}",{},False,,edgar_xbrl
f-116,2b4039b70c8bbf60a898606c920bf0e54531b2534f9397a81a01b01ecf465e93,AAPL,edgar,income_statement,us-gaap:NetIncomeLoss,NetIncome,netincome,Net income,96995000000,96995000000.0,usd,USD,1.0,duration_2022-09-25_2023-09-30,reported,duration,2022-09-25,2023-09-30,,2024,FY,2025-10-31,10-K,0000320193-25-000079,edgar:0000320193-25-000079:f-116,c-19,http://www.apple.com/role/CONSOLIDATEDSTATEMENTSOFOPERATIONS,"{""balance"": ""credit"", ""cik"": ""0000320193"", ""context_ref"": ""c-19"", ""period_key"": ""duration_2022-09-25_2023-09-30"", ""preferred_sign"": 1.0, ""statement_role"": ""http://www.apple.com/role/CONSOLIDATEDSTATEMENTSOFOPERATIONS"", ""statement_type"": ""IncomeStatement"", ""weight"": 1.0}",{},False,,edgar_xbrl
f-244,14571502f8a8dd2ed8d49f8b1524eda707eae9accb89c4a64a5194832be2f1b3,AAPL,edgar,income_statement,us-gaap:NetIncomeLoss,NetIncome,netincome,Net income,112010000000,112010000000.0,usd,USD,1.0,duration_2024-09-29_2025-09-27,reported,duration,2024-09-29,2025-09-27,,2025,FY,2025-10-31,10-K,0000320193-25-000079,edgar:0000320193-25-000079:f-244,c-34,http://www.apple.com/role/CONSOLIDATEDSTATEMENTSOFOPERATIONS,"{""balance"": ""credit"", ""cik"": ""0000320193"", ""context_ref"": ""c-34"", ""period_key"": ""duration_2024-09-29_2025-09-27"", ""preferred_sign"": 1.0, ""statement_role"": ""http://www.apple.com/role/CONSOLIDATEDSTATEMENTSOFOPERATIONS"", ""statement_type"": ""IncomeStatement"", ""weight"": 1.0}","{""us-gaap_StatementEquityComponentsAxis"": ""us-gaap:RetainedEarningsMember""}",False,,edgar_xbrl
f-245,3c7dab823e6c74f10ff971c2498f24944f41ec47cea6f7839e6781eb172c3dd7,AAPL,edgar,income_statement,us-gaap:NetIncomeLoss,NetIncome,netincome,Net income,93736000000,93736000000.0,usd,USD,1.0,duration_2023-10-01_2024-09-28,reported,duration,2023-10-01,2024-09-28,,2025,FY,2025-10-31,10-K,0000320193-25-000079,edgar:0000320193-25-000079:f-245,c-35,http://www.apple.com/role/CONSOLIDATEDSTATEMENTSOFOPERATIONS,"{""balance"": ""credit"", ""cik"": ""0000320193"", ""context_ref"": ""c-35"", ""period_key"": ""duration_2023-10-01_2024-09-28"", ""preferred_sign"": 1.0, ""statement_role"": ""http://www.apple.com/role/CONSOLIDATEDSTATEMENTSOFOPERATIONS"", ""statement_type"": ""IncomeStatement"", ""weight"": 1.0}","{""us-gaap_StatementEquityComponentsAxis"": ""us-gaap:RetainedEarningsMember""}",False,,edgar_xbrl
f-246,c0023d9e5f5521bc562f8c7c1e6cb391bf0ab59ede5a592b81173be5594f6a56,AAPL,edgar,income_statement,us-gaap:NetIncomeLoss,NetIncome,netincome,Net income,96995000000,96995000000.0,usd,USD,1.0,duration_2022-09-25_2023-09-30,reported,duration,2022-09-25,2023-09-30,,2024,FY,2025-10-31,10-K,0000320193-25-000079,edgar:0000320193-25-000079:f-246,c-36,http://www.apple.com/role/CONSOLIDATEDSTATEMENTSOFOPERATIONS,"{""balance"": ""credit"", ""cik"": ""0000320193"", ""context_ref"": ""c-36"", ""period_key"": ""duration_2022-09-25_2023-09-30"", ""preferred_sign"": 1.0, ""statement_role"": ""http://www.apple.com/role/CONSOLIDATEDSTATEMENTSOFOPERATIONS"", ""statement_type"": ""IncomeStatement"", ""weight"": 1.0}","{""us-gaap_StatementEquityComponentsAxis"": ""us-gaap:RetainedEarningsMember""}",False,,edgar_xbrl
f-377,1bff2676246c4eab216f0ab0a911a626e1b09dbf6ef227b4f62c806d7cfc55bb,AAPL,edgar,income_statement,us-gaap:RevenueFromContractWithCustomerExcludingAssessedTax,,revenuefromcontractwithcustomerexcludingassessedtax,Net sales,209586000000,209586000000.0,usd,USD,1.0,duration_2024-09-29_2025-09-27,reported,duration,2024-09-29,2025-09-27,,2025,FY,2025-10-31,10-K,0000320193-25-000079,edgar:0000320193-25-000079:f-377,c-45,http://www.apple.com/role/CONSOLIDATEDSTATEMENTSOFOPERATIONS,"{""balance"": ""credit"", ""cik"": ""0000320193"", ""context_ref"": ""c-45"", ""period_key"": ""duration_2024-09-29_2025-09-27"", ""preferred_sign"": 1.0, ""statement_role"": ""http://www.apple.com/role/CONSOLIDATEDSTATEMENTSOFOPERATIONS"", ""statement_type"": ""IncomeStatement"", ""weight"": 1.0}","{""srt_ProductOrServiceAxis"": ""aapl:IPhoneMember""}",False,,edgar_xbrl
f-378,2ba2807bf3f539e6304dc4730f4fdb56761da89acda1936e21a0cb226c615681,AAPL,edgar,income_statement,us-gaap:RevenueFromContractWithCustomerExcludingAssessedTax,,revenuefromcontractwithcustomerexcludingassessedtax,Net sales,201183000000,201183000000.0,usd,USD,1.0,duration_2023-10-01_2024-09-28,reported,duration,2023-10-01,2024-09-28,,2025,FY,2025-10-31,10-K,0000320193-25-000079,edgar:0000320193-25-000079:f-378,c-46,http://www.apple.com/role/CONSOLIDATEDSTATEMENTSOFOPERATIONS,"{""balance"": ""credit"", ""cik"": ""0000320193"", ""context_ref"": ""c-46"", ""period_key"": ""duration_2023-10-01_2024-09-28"", ""preferred_sign"": 1.0, ""statement_role"": ""http://www.apple.com/role/CONSOLIDATEDSTATEMENTSOFOPERATIONS"", ""statement_type"": ""IncomeStatement"", ""weight"": 1.0}","{""srt_ProductOrServiceAxis"": ""aapl:IPhoneMember""}",False,,edgar_xbrl
f-379,55528ddd6fb09f46b34db4107bbb7aed2f543a8020606d917eeee8dc46599bb5,AAPL,edgar,income_statement,us-gaap:RevenueFromContractWithCustomerExcludingAssessedTax,,revenuefromcontractwithcustomerexcludingassessedtax,Net sales,200583000000,200583000000.0,usd,USD,1.0,duration_2022-09-25_2023-09-30,reported,duration,2022-09-25,2023-09-30,,2024,FY,2025-10-31,10-K,0000320193-25-000079,edgar:0000320193-25-000079:f-379,c-47,http://www.apple.com/role/CONSOLIDATEDSTATEMENTSOFOPERATIONS,"{""balance"": ""credit"", ""cik"": ""0000320193"", ""context_ref"": ""c-47"", ""period_key"": ""duration_2022-09-25_2023-09-30"", ""preferred_sign"": 1.0, ""statement_role"": ""http://www.apple.com/role/CONSOLIDATEDSTATEMENTSOFOPERATIONS"", ""statement_type"": ""IncomeStatement"", ""weight"": 1.0}","{""srt_ProductOrServiceAxis"": ""aapl:IPhoneMember""}",False,,edgar_xbrl
f-380,e7d95dc7ffe43c1b0e4a1c130d14e6c85417901e014fa44a63eedde6b53cc909,AAPL,edgar,income_statement,us-gaap:RevenueFromContractWithCustomerExcludingAssessedTax,,revenuefromcontractwithcustomerexcludingassessedtax,Net sales,33708000000,33708000000.0,usd,USD,1.0,duration_2024-09-29_2025-09-27,reported,duration,2024-09-29,2025-09-27,,2025,FY,2025-10-31,10-K,0000320193-25-000079,edgar:0000320193-25-000079:f-380,c-48,http://www.apple.com/role/CONSOLIDATEDSTATEMENTSOFOPERATIONS,"{""balance"": ""credit"", ""cik"": ""0000320193"", ""context_ref"": ""c-48"", ""period_key"": ""duration_2024-09-29_2025-09-27"", ""preferred_sign"": 1.0, ""statement_role"": ""http://www.apple.com/role/CONSOLIDATEDSTATEMENTSOFOPERATIONS"", ""statement_type"": ""IncomeStatement"", ""weight"": 1.0}","{""srt_ProductOrServiceAxis"": ""aapl:MacMember""}",False,,edgar_xbrl
f-381,7fc4195429b495e9be7e6c4cfc96cccec2fe8bc0a4c4c1c82bffe0fdf31963a1,AAPL,edgar,income_statement,us-gaap:RevenueFromContractWithCustomerExcludingAssessedTax,,revenuefromcontractwithcustomerexcludingassessedtax,Net sales,29984000000,29984000000.0,usd,USD,1.0,duration_2023-10-01_2024-09-28,reported,duration,2023-10-01,2024-09-28,,2025,FY,2025-10-31,10-K,0000320193-25-000079,edgar:0000320193-25-000079:f-381,c-49,http://www.apple.com/role/CONSOLIDATEDSTATEMENTSOFOPERATIONS,"{""balance"": ""credit"", ""cik"": ""0000320193"", ""context_ref"": ""c-49"", ""period_key"": ""duration_2023-10-01_2024-09-28"", ""preferred_sign"": 1.0, ""statement_role"": ""http://www.apple.com/role/CONSOLIDATEDSTATEMENTSOFOPERATIONS"", ""statement_type"": ""IncomeStatement"", ""weight"": 1.0}","{""srt_ProductOrServiceAxis"": ""aapl:MacMember""}",False,,edgar_xbrl
f-382,a07da43ba7e7ffa19af791b4ebe767d4da930c2a9d2561182dc495efd6e5250a,AAPL,edgar,income_statement,us-gaap:RevenueFromContractWithCustomerExcludingAssessedTax,,revenuefromcontractwithcustomerexcludingassessedtax,Net sales,29357000000,29357000000.0,usd,USD,1.0,duration_2022-09-25_2023-09-30,reported,duration,2022-09-25,2023-09-30,,2024,FY,2025-10-31,10-K,0000320193-25-000079,edgar:0000320193-25-000079:f-382,c-50,http://www.apple.com/role/CONSOLIDATEDSTATEMENTSOFOPERATIONS,"{""balance"": ""credit"", ""cik"": ""0000320193"", ""context_ref"": ""c-50"", ""period_key"": ""duration_2022-09-25_2023-09-30"", ""preferred_sign"": 1.0, ""statement_role"": ""http://www.apple.com/role/CONSOLIDATEDSTATEMENTSOFOPERATIONS"", ""statement_type"": ""IncomeStatement"", ""weight"": 1.0}","{""srt_ProductOrServiceAxis"": ""aapl:MacMember""}",False,,edgar_xbrl
f-383,ab929c7672784b6c221210ebefb32053094013b11efe91d32229a127d351c05c,AAPL,edgar,income_statement,us-gaap:RevenueFromContractWithCustomerExcludingAssessedTax,,revenuefromcontractwithcustomerexcludingassessedtax,Net sales,28023000000,28023000000.0,usd,USD,1.0,duration_2024-09-29_2025-09-27,reported,duration,2024-09-29,2025-09-27,,2025,FY,2025-10-31,10-K,0000320193-25-000079,edgar:0000320193-25-000079:f-383,c-51,http://www.apple.com/role/CONSOLIDATEDSTATEMENTSOFOPERATIONS,"{""balance"": ""credit"", ""cik"": ""0000320193"", ""context_ref"": ""c-51"", ""period_key"": ""duration_2024-09-29_2025-09-27"", ""preferred_sign"": 1.0, ""statement_role"": ""http://www.apple.com/role/CONSOLIDATEDSTATEMENTSOFOPERATIONS"", ""statement_type"": ""IncomeStatement"", ""weight"": 1.0}","{""srt_ProductOrServiceAxis"": ""aapl:IPadMember""}",False,,edgar_xbrl
f-384,88af21ec09aee96d44f0e2ff9f33e77f3fc800465844e1cb856eb6c51c49a820,AAPL,edgar,income_statement,us-gaap:RevenueFromContractWithCustomerExcludingAssessedTax,,revenuefromcontractwithcustomerexcludingassessedtax,Net sales,26694000000,26694000000.0,usd,USD,1.0,duration_2023-10-01_2024-09-28,reported,duration,2023-10-01,2024-09-28,,2025,FY,2025-10-31,10-K,0000320193-25-000079,edgar:0000320193-25-000079:f-384,c-52,http://www.apple.com/role/CONSOLIDATEDSTATEMENTSOFOPERATIONS,"{""balance"": ""credit"", ""cik"": ""0000320193"", ""context_ref"": ""c-52"", ""period_key"": ""duration_2023-10-01_2024-09-28"", ""preferred_sign"": 1.0, ""statement_role"": ""http://www.apple.com/role/CONSOLIDATEDSTATEMENTSOFOPERATIONS"", ""statement_type"": ""IncomeStatement"", ""weight"": 1.0}","{""srt_ProductOrServiceAxis"": ""aapl:IPadMember""}",False,,edgar_xbrl
f-385,3436ed57cefd2dee0427bed9c534bc66601a2fe7f88ce89a45f87727817c7945,AAPL,edgar,income_statement,us-gaap:RevenueFromContractWithCustomerExcludingAssessedTax,,revenuefromcontractwithcustomerexcludingassessedtax,Net sales,28300000000,28300000000.0,usd,USD,1.0,duration_2022-09-25_2023-09-30,reported,duration,2022-09-25,2023-09-30,,2024,FY,2025-10-31,10-K,0000320193-25-000079,edgar:0000320193-25-000079:f-385,c-53,http://www.apple.com/role/CONSOLIDATEDSTATEMENTSOFOPERATIONS,"{""balance"": ""credit"", ""cik"": ""0000320193"", ""context_ref"": ""c-53"", ""period_key"": ""duration_2022-09-25_2023-09-30"", ""preferred_sign"": 1.0, ""statement_role"": ""http://www.apple.com/role/CONSOLIDATEDSTATEMENTSOFOPERATIONS"", ""statement_type"": ""IncomeStatement"", ""weight"": 1.0}","{""srt_ProductOrServiceAxis"": ""aapl:IPadMember""}",False,,edgar_xbrl
f-386,26ebe0a3c5c8ec3bb447e7534866603a601b163eaf9fcf90080a740f20d03962,AAPL,edgar,income_statement,us-gaap:RevenueFromContractWithCustomerExcludingAssessedTax,,revenuefromcontractwithcustomerexcludingassessedtax,Net sales,35686000000,35686000000.0,usd,USD,1.0,duration_2024-09-29_2025-09-27,reported,duration,2024-09-29,2025-09-27,,2025,FY,2025-10-31,10-K,0000320193-25-000079,edgar:0000320193-25-000079:f-386,c-54,http://www.apple.com/role/CONSOLIDATEDSTATEMENTSOFOPERATIONS,"{""balance"": ""credit"", ""cik"": ""0000320193"", ""context_ref"": ""c-54"", ""period_key"": ""duration_2024-09-29_2025-09-27"", ""preferred_sign"": 1.0, ""statement_role"": ""http://www.apple.com/role/CONSOLIDATEDSTATEMENTSOFOPERATIONS"", ""statement_type"": ""IncomeStatement"", ""weight"": 1.0}","{""srt_ProductOrServiceAxis"": ""aapl:WearablesHomeandAccessoriesMember""}",False,,edgar_xbrl
f-387,85ea560bce428ce043994948063e845414da91c4e9b9c3cb589aa2ad62514c74,AAPL,edgar,income_statement,us-gaap:RevenueFromContractWithCustomerExcludingAssessedTax,,revenuefromcontractwithcustomerexcludingassessedtax,Net sales,37005000000,37005000000.0,usd,USD,1.0,duration_2023-10-01_2024-09-28,reported,duration,2023-10-01,2024-09-28,,2025,FY,2025-10-31,10-K,0000320193-25-000079,edgar:0000320193-25-000079:f-387,c-55,http://www.apple.com/role/CONSOLIDATEDSTATEMENTSOFOPERATIONS,"{""balance"": ""credit"", ""cik"": ""0000320193"", ""context_ref"": ""c-55"", ""period_key"": ""duration_2023-10-01_2024-09-28"", ""preferred_sign"": 1.0, ""statement_role"": ""http://www.apple.com/role/CONSOLIDATEDSTATEMENTSOFOPERATIONS"", ""statement_type"": ""IncomeStatement"", ""weight"": 1.0}","{""srt_ProductOrServiceAxis"": ""aapl:WearablesHomeandAccessoriesMember""}",False,,edgar_xbrl
f-388,7734c6ee7ba54e588fca5737a4f34274da644150b7ac4a65343ecfee23897b13,AAPL,edgar,income_statement,us-gaap:RevenueFromContractWithCustomerExcludingAssessedTax,,revenuefromcontractwithcustomerexcludingassessedtax,Net sales,39845000000,39845000000.0,usd,USD,1.0,duration_2022-09-25_2023-09-30,reported,duration,2022-09-25,2023-09-30,,2024,FY,2025-10-31,10-K,0000320193-25-000079,edgar:0000320193-25-000079:f-388,c-56,http://www.apple.com/role/CONSOLIDATEDSTATEMENTSOFOPERATIONS,"{""balance"": ""credit"", ""cik"": ""0000320193"", ""context_ref"": ""c-56"", ""period_key"": ""duration_2022-09-25_2023-09-30"", ""preferred_sign"": 1.0, ""statement_role"": ""http://www.apple.com/role/CONSOLIDATEDSTATEMENTSOFOPERATIONS"", ""statement_type"": ""IncomeStatement"", ""weight"": 1.0}","{""srt_ProductOrServiceAxis"": ""aapl:WearablesHomeandAccessoriesMember""}",False,,edgar_xbrl
f-75,4ad88ceac4e632a21352aa4557e05643b083d7206421b91dfe0b60ce1564ca97,AAPL,edgar,income_statement,us-gaap:RevenueFromContractWithCustomerExcludingAssessedTax,,revenuefromcontractwithcustomerexcludingassessedtax,Net sales,109158000000,109158000000.0,usd,USD,1.0,duration_2024-09-29_2025-09-27,reported,duration,2024-09-29,2025-09-27,,2025,FY,2025-10-31,10-K,0000320193-25-000079,edgar:0000320193-25-000079:f-75,c-15,http://www.apple.com/role/CONSOLIDATEDSTATEMENTSOFOPERATIONS,"{""balance"": ""credit"", ""cik"": ""0000320193"", ""context_ref"": ""c-15"", ""period_key"": ""duration_2024-09-29_2025-09-27"", ""preferred_sign"": 1.0, ""statement_role"": ""http://www.apple.com/role/CONSOLIDATEDSTATEMENTSOFOPERATIONS"", ""statement_type"": ""IncomeStatement"", ""weight"": 1.0}","{""srt_ProductOrServiceAxis"": ""us-gaap:ServiceMember""}",False,,edgar_xbrl
f-76,afc6a0ec7c493cbfd0d96d01618ff6be0065597206bb6950f0cff796a77e5675,AAPL,edgar,income_statement,us-gaap:RevenueFromContractWithCustomerExcludingAssessedTax,,revenuefromcontractwithcustomerexcludingassessedtax,Net sales,96169000000,96169000000.0,usd,USD,1.0,duration_2023-10-01_2024-09-28,reported,duration,2023-10-01,2024-09-28,,2025,FY,2025-10-31,10-K,0000320193-25-000079,edgar:0000320193-25-000079:f-76,c-16,http://www.apple.com/role/CONSOLIDATEDSTATEMENTSOFOPERATIONS,"{""balance"": ""credit"", ""cik"": ""0000320193"", ""context_ref"": ""c-16"", ""period_key"": ""duration_2023-10-01_2024-09-28"", ""preferred_sign"": 1.0, ""statement_role"": ""http://www.apple.com/role/CONSOLIDATEDSTATEMENTSOFOPERATIONS"", ""statement_type"": ""IncomeStatement"", ""weight"": 1.0}","{""srt_ProductOrServiceAxis"": ""us-gaap:ServiceMember""}",False,,edgar_xbrl
f-77,56c370f60a5ed55937b2c6f8edbfbe58b4b83f78ce1ab0b575d5c52b62a8a482,AAPL,edgar,income_statement,us-gaap:RevenueFromContractWithCustomerExcludingAssessedTax,,revenuefromcontractwithcustomerexcludingassessedtax,Net sales,85200000000,85200000000.0,usd,USD,1.0,duration_2022-09-25_2023-09-30,reported,duration,2022-09-25,2023-09-30,,2024,FY,2025-10-31,10-K,0000320193-25-000079,edgar:0000320193-25-000079:f-77,c-17,http://www.apple.com/role/CONSOLIDATEDSTATEMENTSOFOPERATIONS,"{""balance"": ""credit"", ""cik"": ""0000320193"", ""context_ref"": ""c-17"", ""period_key"": ""duration_2022-09-25_2023-09-30"", ""preferred_sign"": 1.0, ""statement_role"": ""http://www.apple.com/role/CONSOLIDATEDSTATEMENTSOFOPERATIONS"", ""statement_type"": ""IncomeStatement"", ""weight"": 1.0}","{""srt_ProductOrServiceAxis"": ""us-gaap:ServiceMember""}",False,,edgar_xbrl
f-78,e86f87e9362493796090be9c5b6662b5ddde8e7780eb5b7c1f5b8ad6304a9588,AAPL,edgar,income_statement,us-gaap:RevenueFromContractWithCustomerExcludingAssessedTax,,revenuefromcontractwithcustomerexcludingassessedtax,Net sales,416161000000,416161000000.0,usd,USD,1.0,duration_2024-09-29_2025-09-27,reported,duration,2024-09-29,2025-09-27,,2025,FY,2025-10-31,10-K,0000320193-25-000079,edgar:0000320193-25-000079:f-78,c-1,http://www.apple.com/role/CONSOLIDATEDSTATEMENTSOFOPERATIONS,"{""balance"": ""credit"", ""cik"": ""0000320193"", ""context_ref"": ""c-1"", ""period_key"": ""duration_2024-09-29_2025-09-27"", ""preferred_sign"": 1.0, ""statement_role"": ""http://www.apple.com/role/CONSOLIDATEDSTATEMENTSOFOPERATIONS"", ""statement_type"": ""IncomeStatement"", ""weight"": 1.0}",{},False,,edgar_xbrl
f-79,2557930c1fc590274257054ee678e2b25afaf5ecd41ac11796a67eb23f10a6e4,AAPL,edgar,income_statement,us-gaap:RevenueFromContractWithCustomerExcludingAssessedTax,,revenuefromcontractwithcustomerexcludingassessedtax,Net sales,391035000000,391035000000.0,usd,USD,1.0,duration_2023-10-01_2024-09-28,reported,duration,2023-10-01,2024-09-28,,2025,FY,2025-10-31,10-K,0000320193-25-000079,edgar:0000320193-25-000079:f-79,c-18,http://www.apple.com/role/CONSOLIDATEDSTATEMENTSOFOPERATIONS,"{""balance"": ""credit"", ""cik"": ""0000320193"", ""context_ref"": ""c-18"", ""period_key"": ""duration_2023-10-01_2024-09-28"", ""preferred_sign"": 1.0, ""statement_role"": ""http://www.apple.com/role/CONSOLIDATEDSTATEMENTSOFOPERATIONS"", ""statement_type"": ""IncomeStatement"", ""weight"": 1.0}",{},False,,edgar_xbrl
f-80,ae187b76215dd5370e6113118847b1edf5b4d7043637696b95c502ac6d4ef8e6,AAPL,edgar,income_statement,us-gaap:RevenueFromContractWithCustomerExcludingAssessedTax,,revenuefromcontractwithcustomerexcludingassessedtax,Net sales,383285000000,383285000000.0,usd,USD,1.0,duration_2022-09-25_2023-09-30,reported,duration,2022-09-25,2023-09-30,,2024,FY,2025-10-31,10-K,0000320193-25-000079,edgar:0000320193-25-000079:f-80,c-19,http://www.apple.com/role/CONSOLIDATEDSTATEMENTSOFOPERATIONS,"{""balance"": ""credit"", ""cik"": ""0000320193"", ""context_ref"": ""c-19"", ""period_key"": ""duration_2022-09-25_2023-09-30"", ""preferred_sign"": 1.0, ""statement_role"": ""http://www.apple.com/role/CONSOLIDATEDSTATEMENTSOFOPERATIONS"", ""statement_type"": ""IncomeStatement"", ""weight"": 1.0}",{},False,,edgar_xbrl
f-123,7bcfa29959edca1fc8797617e4efcd1b77bf65caf7aa199f613f3be7927a0b36,AAPL,edgar,income_statement,us-gaap:WeightedAverageNumberOfSharesOutstandingBasic,SharesAverage,sharesaverage,Basic (in shares),14948500000,14948500000.0,shares,,1.0,duration_2024-09-29_2025-09-27,reported,duration,2024-09-29,2025-09-27,,2025,FY,2025-10-31,10-K,0000320193-25-000079,edgar:0000320193-25-000079:f-123,c-1,http://www.apple.com/role/CONSOLIDATEDSTATEMENTSOFOPERATIONS,"{""cik"": ""0000320193"", ""context_ref"": ""c-1"", ""period_key"": ""duration_2024-09-29_2025-09-27"", ""preferred_sign"": 1.0, ""statement_role"": ""http://www.apple.com/role/CONSOLIDATEDSTATEMENTSOFOPERATIONS"", ""statement_type"": ""IncomeStatement"", ""weight"": 1.0}",{},False,,edgar_xbrl
f-124,0b23980bcbbd1220017a0ef5062a1793ad64207b8336ba944b8379b5a84591f6,AAPL,edgar,income_statement,us-gaap:WeightedAverageNumberOfSharesOutstandingBasic,SharesAverage,sharesaverage,Basic (in shares),15343783000,15343783000.0,shares,,1.0,duration_2023-10-01_2024-09-28,reported,duration,2023-10-01,2024-09-28,,2025,FY,2025-10-31,10-K,0000320193-25-000079,edgar:0000320193-25-000079:f-124,c-18,http://www.apple.com/role/CONSOLIDATEDSTATEMENTSOFOPERATIONS,"{""cik"": ""0000320193"", ""context_ref"": ""c-18"", ""period_key"": ""duration_2023-10-01_2024-09-28"", ""preferred_sign"": 1.0, ""statement_role"": ""http://www.apple.com/role/CONSOLIDATEDSTATEMENTSOFOPERATIONS"", ""statement_type"": ""IncomeStatement"", ""weight"": 1.0}",{},False,,edgar_xbrl
f-125,b697b8fdbe05bd622fe40ec48a5dd06201bed15b1ef8b936261cae4da96487b0,AAPL,edgar,income_statement,us-gaap:WeightedAverageNumberOfSharesOutstandingBasic,SharesAverage,sharesaverage,Basic (in shares),15744231000,15744231000.0,shares,,1.0,duration_2022-09-25_2023-09-30,reported,duration,2022-09-25,2023-09-30,,2024,FY,2025-10-31,10-K,0000320193-25-000079,edgar:0000320193-25-000079:f-125,c-19,http://www.apple.com/role/CONSOLIDATEDSTATEMENTSOFOPERATIONS,"{""cik"": ""0000320193"", ""context_ref"": ""c-19"", ""period_key"": ""duration_2022-09-25_2023-09-30"", ""preferred_sign"": 1.0, ""statement_role"": ""http://www.apple.com/role/CONSOLIDATEDSTATEMENTSOFOPERATIONS"", ""statement_type"": ""IncomeStatement"", ""weight"": 1.0}",{},False,,edgar_xbrl
f-126,e0163f10f3b02d70de3f0e2a0f4b7a19d5de343b388b6eaeb0641c0da9602ec0,AAPL,edgar,income_statement,us-gaap:WeightedAverageNumberOfDilutedSharesOutstanding,SharesFullyDilutedAverage,sharesfullydilutedaverage,Diluted (in shares),15004697000,15004697000.0,shares,,1.0,duration_2024-09-29_2025-09-27,reported,duration,2024-09-29,2025-09-27,,2025,FY,2025-10-31,10-K,0000320193-25-000079,edgar:0000320193-25-000079:f-126,c-1,http://www.apple.com/role/CONSOLIDATEDSTATEMENTSOFOPERATIONS,"{""cik"": ""0000320193"", ""context_ref"": ""c-1"", ""period_key"": ""duration_2024-09-29_2025-09-27"", ""preferred_sign"": 1.0, ""statement_role"": ""http://www.apple.com/role/CONSOLIDATEDSTATEMENTSOFOPERATIONS"", ""statement_type"": ""IncomeStatement"", ""weight"": 1.0}",{},False,,edgar_xbrl
f-127,3e896651d164a1994b7172f2e7d39a080430bb19e51f21f1cf21ca4414918802,AAPL,edgar,income_statement,us-gaap:WeightedAverageNumberOfDilutedSharesOutstanding,SharesFullyDilutedAverage,sharesfullydilutedaverage,Diluted (in shares),15408095000,15408095000.0,shares,,1.0,duration_2023-10-01_2024-09-28,reported,duration,2023-10-01,2024-09-28,,2025,FY,2025-10-31,10-K,0000320193-25-000079,edgar:0000320193-25-000079:f-127,c-18,http://www.apple.com/role/CONSOLIDATEDSTATEMENTSOFOPERATIONS,"{""cik"": ""0000320193"", ""context_ref"": ""c-18"", ""period_key"": ""duration_2023-10-01_2024-09-28"", ""preferred_sign"": 1.0, ""statement_role"": ""http://www.apple.com/role/CONSOLIDATEDSTATEMENTSOFOPERATIONS"", ""statement_type"": ""IncomeStatement"", ""weight"": 1.0}",{},False,,edgar_xbrl
f-128,1d316cfef717a2611802492b6c8e348b701b8cd49d29c6bc8c9dd9c408b793d7,AAPL,edgar,income_statement,us-gaap:WeightedAverageNumberOfDilutedSharesOutstanding,SharesFullyDilutedAverage,sharesfullydilutedaverage,Diluted (in shares),15812547000,15812547000.0,shares,,1.0,duration_2022-09-25_2023-09-30,reported,duration,2022-09-25,2023-09-30,,2024,FY,2025-10-31,10-K,0000320193-25-000079,edgar:0000320193-25-000079:f-128,c-19,http://www.apple.com/role/CONSOLIDATEDSTATEMENTSOFOPERATIONS,"{""cik"": ""0000320193"", ""context_ref"": ""c-19"", ""period_key"": ""duration_2022-09-25_2023-09-30"", ""preferred_sign"": 1.0, ""statement_role"": ""http://www.apple.com/role/CONSOLIDATEDSTATEMENTSOFOPERATIONS"", ""statement_type"": ""IncomeStatement"", ""weight"": 1.0}",{},False,,edgar_xbrl
f-117,ace55da4923eef1a0af42d9ceb858974f48a65f3d070f2d304d342db73a98ef6,AAPL,edgar,income_statement,us-gaap:EarningsPerShareBasic,,earningspersharebasic,Basic (in dollars per share),7.49,7.49,usdPerShare,USD,1.0,duration_2024-09-29_2025-09-27,reported,duration,2024-09-29,2025-09-27,,2025,FY,2025-10-31,10-K,0000320193-25-000079,edgar:0000320193-25-000079:f-117,c-1,http://www.apple.com/role/CONSOLIDATEDSTATEMENTSOFOPERATIONS,"{""cik"": ""0000320193"", ""context_ref"": ""c-1"", ""period_key"": ""duration_2024-09-29_2025-09-27"", ""preferred_sign"": 1.0, ""statement_role"": ""http://www.apple.com/role/CONSOLIDATEDSTATEMENTSOFOPERATIONS"", ""statement_type"": ""IncomeStatement""}",{},False,,edgar_xbrl
f-118,ce2f44b7d68cf1dd94c1824b39bf988fba2064662d2cc2aeadf6f0ba3a9e0281,AAPL,edgar,income_statement,us-gaap:EarningsPerShareBasic,,earningspersharebasic,Basic (in dollars per share),6.11,6.11,usdPerShare,USD,1.0,duration_2023-10-01_2024-09-28,reported,duration,2023-10-01,2024-09-28,,2025,FY,2025-10-31,10-K,0000320193-25-000079,edgar:0000320193-25-000079:f-118,c-18,http://www.apple.com/role/CONSOLIDATEDSTATEMENTSOFOPERATIONS,"{""cik"": ""0000320193"", ""context_ref"": ""c-18"", ""period_key"": ""duration_2023-10-01_2024-09-28"", ""preferred_sign"": 1.0, ""statement_role"": ""http://www.apple.com/role/CONSOLIDATEDSTATEMENTSOFOPERATIONS"", ""statement_type"": ""IncomeStatement""}",{},False,,edgar_xbrl
f-119,3709bb00a70089f6a344e2127e63ed70d61e924b341ba3f4a5dd42db3d8c7a5e,AAPL,edgar,income_statement,us-gaap:EarningsPerShareBasic,,earningspersharebasic,Basic (in dollars per share),6.16,6.16,usdPerShare,USD,1.0,duration_2022-09-25_2023-09-30,reported,duration,2022-09-25,2023-09-30,,2024,FY,2025-10-31,10-K,0000320193-25-000079,edgar:0000320193-25-000079:f-119,c-19,http://www.apple.com/role/CONSOLIDATEDSTATEMENTSOFOPERATIONS,"{""cik"": ""0000320193"", ""context_ref"": ""c-19"", ""period_key"": ""duration_2022-09-25_2023-09-30"", ""preferred_sign"": 1.0, ""statement_role"": ""http://www.apple.com/role/CONSOLIDATEDSTATEMENTSOFOPERATIONS"", ""statement_type"": ""IncomeStatement""}",{},False,,edgar_xbrl
f-120,05fb059740d3806cc5f5bd697df5f218acac93df6a31c0615b9cbeb378e34cf8,AAPL,edgar,income_statement,us-gaap:EarningsPerShareDiluted,,earningspersharediluted,Diluted (in dollars per share),7.46,7.46,usdPerShare,USD,1.0,duration_2024-09-29_2025-09-27,reported,duration,2024-09-29,2025-09-27,,2025,FY,2025-10-31,10-K,0000320193-25-000079,edgar:0000320193-25-000079:f-120,c-1,http://www.apple.com/role/CONSOLIDATEDSTATEMENTSOFOPERATIONS,"{""cik"": ""0000320193"", ""context_ref"": ""c-1"", ""period_key"": ""duration_2024-09-29_2025-09-27"", ""preferred_sign"": 1.0, ""statement_role"": ""http://www.apple.com/role/CONSOLIDATEDSTATEMENTSOFOPERATIONS"", ""statement_type"": ""IncomeStatement""}",{},False,,edgar_xbrl
f-121,8de926110ba0a290d74e8e557a2def8c51452d43100c29db791d321543f729d9,AAPL,edgar,income_statement,us-gaap:EarningsPerShareDiluted,,earningspersharediluted,Diluted (in dollars per share),6.08,6.08,usdPerShare,USD,1.0,duration_2023-10-01_2024-09-28,reported,duration,2023-10-01,2024-09-28,,2025,FY,2025-10-31,10-K,0000320193-25-000079,edgar:0000320193-25-000079:f-121,c-18,http://www.apple.com/role/CONSOLIDATEDSTATEMENTSOFOPERATIONS,"{""cik"": ""0000320193"", ""context_ref"": ""c-18"", ""period_key"": ""duration_2023-10-01_2024-09-28"", ""preferred_sign"": 1.0, ""statement_role"": ""http://www.apple.com/role/CONSOLIDATEDSTATEMENTSOFOPERATIONS"", ""statement_type"": ""IncomeStatement""}",{},False,,edgar_xbrl
f-122,0fe45d8687411f1567c1a66c010a776de03f1a93e6fe336aecbc04f308c4a379,AAPL,edgar,income_statement,us-gaap:EarningsPerShareDiluted,,earningspersharediluted,Diluted (in dollars per share),6.13,6.13,usdPerShare,USD,1.0,duration_2022-09-25_2023-09-30,reported,duration,2022-09-25,2023-09-30,,2024,FY,2025-10-31,10-K,0000320193-25-000079,edgar:0000320193-25-000079:f-122,c-19,http://www.apple.com/role/CONSOLIDATEDSTATEMENTSOFOPERATIONS,"{""cik"": ""0000320193"", ""context_ref"": ""c-19"", ""period_key"": ""duration_2022-09-25_2023-09-30"", ""preferred_sign"": 1.0, ""statement_role"": ""http://www.apple.com/role/CONSOLIDATEDSTATEMENTSOFOPERATIONS"", ""statement_type"": ""IncomeStatement""}",{},False,,edgar_xbrl
f-111,074c4c8265f614340effb05c45f779712f5da1a2eefac3135ae4b78303bc4328,AAPL,edgar,income_statement,us-gaap:IncomeTaxExpenseBenefit,IncomeTaxes,incometaxes,Provision for income taxes,20719000000,20719000000.0,usd,USD,1.0,duration_2024-09-29_2025-09-27,reported,duration,2024-09-29,2025-09-27,,2025,FY,2025-10-31,10-K,0000320193-25-000079,edgar:0000320193-25-000079:f-111,c-1,http://www.apple.com/role/CONSOLIDATEDSTATEMENTSOFOPERATIONS,"{""balance"": ""debit"", ""cik"": ""0000320193"", ""context_ref"": ""c-1"", ""period_key"": ""duration_2024-09-29_2025-09-27"", ""preferred_sign"": 1.0, ""statement_role"": ""http://www.apple.com/role/CONSOLIDATEDSTATEMENTSOFOPERATIONS"", ""statement_type"": ""IncomeStatement"", ""weight"": -1.0}",{},False,,edgar_xbrl
f-112,496e6c571a6c684cc5a8d5a1b6959d5632e45d6259d8f344b4f1c1a6266866a4,AAPL,edgar,income_statement,us-gaap:IncomeTaxExpenseBenefit,IncomeTaxes,incometaxes,Provision for income taxes,29749000000,29749000000.0,usd,USD,1.0,duration_2023-10-01_2024-09-28,reported,duration,2023-10-01,2024-09-28,,2025,FY,2025-10-31,10-K,0000320193-25-000079,edgar:0000320193-25-000079:f-112,c-18,http://www.apple.com/role/CONSOLIDATEDSTATEMENTSOFOPERATIONS,"{""balance"": ""debit"", ""cik"": ""0000320193"", ""context_ref"": ""c-18"", ""period_key"": ""duration_2023-10-01_2024-09-28"", ""preferred_sign"": 1.0, ""statement_role"": ""http://www.apple.com/role/CONSOLIDATEDSTATEMENTSOFOPERATIONS"", ""statement_type"": ""IncomeStatement"", ""weight"": -1.0}",{},False,,edgar_xbrl
f-113,3030aa543cbf8b9fe1c323176b520cbb39082a3ec82172e465b66872e9d883ee,AAPL,edgar,income_statement,us-gaap:IncomeTaxExpenseBenefit,IncomeTaxes,incometaxes,Provision for income taxes,16741000000,16741000000.0,usd,USD,1.0,duration_2022-09-25_2023-09-30,reported,duration,2022-09-25,2023-09-30,,2024,FY,2025-10-31,10-K,0000320193-25-000079,edgar:0000320193-25-000079:f-113,c-19,http://www.apple.com/role/CONSOLIDATEDSTATEMENTSOFOPERATIONS,"{""balance"": ""debit"", ""cik"": ""0000320193"", ""context_ref"": ""c-19"", ""period_key"": ""duration_2022-09-25_2023-09-30"", ""preferred_sign"": 1.0, ""statement_role"": ""http://www.apple.com/role/CONSOLIDATEDSTATEMENTSOFOPERATIONS"", ""statement_type"": ""IncomeStatement"", ""weight"": -1.0}",{},False,,edgar_xbrl
f-1016,ed180756558cbb0f6391f8f49831c1835d1644ed11d57af3539473f097f02cae,AAPL,edgar,income_statement,us-gaap:RevenueFromContractWithCustomerExcludingAssessedTax,,revenuefromcontractwithcustomerexcludingassessedtax,Net sales,178353000000,178353000000.0,usd,USD,1.0,duration_2024-09-29_2025-09-27,reported,duration,2024-09-29,2025-09-27,,2025,FY,2025-10-31,10-K,0000320193-25-000079,edgar:0000320193-25-000079:f-1016,c-149,http://www.apple.com/role/CONSOLIDATEDSTATEMENTSOFOPERATIONS,"{""balance"": ""credit"", ""cik"": ""0000320193"", ""context_ref"": ""c-149"", ""period_key"": ""duration_2024-09-29_2025-09-27"", ""preferred_sign"": 1.0, ""statement_role"": ""http://www.apple.com/role/CONSOLIDATEDSTATEMENTSOFOPERATIONS"", ""statement_type"": ""IncomeStatement"", ""weight"": 1.0}","{""srt_ConsolidationItemsAxis"": ""us-gaap:OperatingSegmentsMember"", ""us-gaap_StatementBusinessSegmentsAxis"": ""aapl:AmericasSegmentMember""}",False,,edgar_xbrl
f-1017,89153e0d3aaf3a265bdd43668de3a465f5bacd2859efb2eafe7b7cfa0c9d3661,AAPL,edgar,income_statement,us-gaap:RevenueFromContractWithCustomerExcludingAssessedTax,,revenuefromcontractwithcustomerexcludingassessedtax,Net sales,111032000000,111032000000.0,usd,USD,1.0,duration_2024-09-29_2025-09-27,reported,duration,2024-09-29,2025-09-27,,2025,FY,2025-10-31,10-K,0000320193-25-000079,edgar:0000320193-25-000079:f-1017,c-150,http://www.apple.com/role/CONSOLIDATEDSTATEMENTSOFOPERATIONS,"{""balance"": ""credit"", ""cik"": ""0000320193"", ""context_ref"": ""c-150"", ""period_key"": ""duration_2024-09-29_2025-09-27"", ""preferred_sign"": 1.0, ""statement_role"": ""http://www.apple.com/role/CONSOLIDATEDSTATEMENTSOFOPERATIONS"", ""statement_type"": ""IncomeStatement"", ""weight"": 1.0}","{""srt_ConsolidationItemsAxis"": ""us-gaap:OperatingSegmentsMember"", ""us-gaap_StatementBusinessSegmentsAxis"": ""aapl:EuropeSegmentMember""}",False,,edgar_xbrl
f-1018,bfead29b6ae43bae8d9cf2c0ff9c6fa0697c6e81da4e63219e875738da73a843,AAPL,edgar,income_statement,us-gaap:RevenueFromContractWithCustomerExcludingAssessedTax,,revenuefromcontractwithcustomerexcludingassessedtax,Net sales,64377000000,64377000000.0,usd,USD,1.0,duration_2024-09-29_2025-09-27,reported,duration,2024-09-29,2025-09-27,,2025,FY,2025-10-31,10-K,0000320193-25-000079,edgar:0000320193-25-000079:f-1018,c-151,http://www.apple.com/role/CONSOLIDATEDSTATEMENTSOFOPERATIONS,"{""balance"": ""credit"", ""cik"": ""0000320193"", ""context_ref"": ""c-151"", ""period_key"": ""duration_2024-09-29_2025-09-27"", ""preferred_sign"": 1.0, ""statement_role"": ""http://www.apple.com/role/CONSOLIDATEDSTATEMENTSOFOPERATIONS"", ""statement_type"": ""IncomeStatement"", ""weight"": 1.0}","{""srt_ConsolidationItemsAxis"": ""us-gaap:OperatingSegmentsMember"", ""us-gaap_StatementBusinessSegmentsAxis"": ""aapl:GreaterChinaSegmentMember""}",False,,edgar_xbrl
f-1019,41f31eaff2550b5bbd1a1d007bef53a6b299f55e47e841ddf406869ba9d6222c,AAPL,edgar,income_statement,us-gaap:RevenueFromContractWithCustomerExcludingAssessedTax,,revenuefromcontractwithcustomerexcludingassessedtax,Net sales,28703000000,28703000000.0,usd,USD,1.0,duration_2024-09-29_2025-09-27,reported,duration,2024-09-29,2025-09-27,,2025,FY,2025-10-31,10-K,0000320193-25-000079,edgar:0000320193-25-000079:f-1019,c-152,http://www.apple.com/role/CONSOLIDATEDSTATEMENTSOFOPERATIONS,"{""balance"": ""credit"", ""cik"": ""0000320193"", ""context_ref"": ""c-152"", ""period_key"": ""duration_2024-09-29_2025-09-27"", ""preferred_sign"": 1.0, ""statement_role"": ""http://www.apple.com/role/CONSOLIDATEDSTATEMENTSOFOPERATIONS"", ""statement_type"": ""IncomeStatement"", ""weight"": 1.0}","{""srt_ConsolidationItemsAxis"": ""us-gaap:OperatingSegmentsMember"", ""us-gaap_StatementBusinessSegmentsAxis"": ""aapl:JapanSegmentMember""}",False,,edgar_xbrl
f-1020,174c11323e1b29f13aa344391989cfcb048d55311fdaf4c75ca985acb6f6c6ab,AAPL,edgar,income_statement,us-gaap:RevenueFromContractWithCustomerExcludingAssessedTax,,revenuefromcontractwithcustomerexcludingassessedtax,Net sales,33696000000,33696000000.0,usd,USD,1.0,duration_2024-09-29_2025-09-27,reported,duration,2024-09-29,2025-09-27,,2025,FY,2025-10-31,10-K,0000320193-25-000079,edgar:0000320193-25-000079:f-1020,c-153,http://www.apple.com/role/CONSOLIDATEDSTATEMENTSOFOPERATIONS,"{""balance"": ""credit"", ""cik"": ""0000320193"", ""context_ref"": ""c-153"", ""period_key"": ""duration_2024-09-29_2025-09-27"", ""preferred_sign"": 1.0, ""statement_role"": ""http://www.apple.com/role/CONSOLIDATEDSTATEMENTSOFOPERATIONS"", ""statement_type"": ""IncomeStatement"", ""weight"": 1.0}","{""srt_ConsolidationItemsAxis"": ""us-gaap:OperatingSegmentsMember"", ""us-gaap_StatementBusinessSegmentsAxis"": ""aapl:RestOfAsiaPacificSegmentMember""}",False,,edgar_xbrl
f-1022,9280b10119e56ccabb56e5900cdac3f4314a8ea7fb74adf186c2e7d45b724f2c,AAPL,edgar,income_statement,us-gaap:CostOfGoodsAndServicesSold,,costofgoodsandservicessold,Cost of sales,95699000000,95699000000.0,usd,USD,1.0,duration_2024-09-29_2025-09-27,reported,duration,2024-09-29,2025-09-27,,2025,FY,2025-10-31,10-K,0000320193-25-000079,edgar:0000320193-25-000079:f-1022,c-149,http://www.apple.com/role/CONSOLIDATEDSTATEMENTSOFOPERATIONS,"{""balance"": ""debit"", ""cik"": ""0000320193"", ""context_ref"": ""c-149"", ""period_key"": ""duration_2024-09-29_2025-09-27"", ""preferred_sign"": 1.0, ""statement_role"": ""http://www.apple.com/role/CONSOLIDATEDSTATEMENTSOFOPERATIONS"", ""statement_type"": ""IncomeStatement"", ""weight"": -1.0}","{""srt_ConsolidationItemsAxis"": ""us-gaap:OperatingSegmentsMember"", ""us-gaap_StatementBusinessSegmentsAxis"": ""aapl:AmericasSegmentMember""}",False,,edgar_xbrl
f-1023,450a8f3fb9a7a70462b7488ea06b05d3e0057d3493cdb8de844e461fc3c81b8a,AAPL,edgar,income_statement,us-gaap:CostOfGoodsAndServicesSold,,costofgoodsandservicessold,Cost of sales,58617000000,58617000000.0,usd,USD,1.0,duration_2024-09-29_2025-09-27,reported,duration,2024-09-29,2025-09-27,,2025,FY,2025-10-31,10-K,0000320193-25-000079,edgar:0000320193-25-000079:f-1023,c-150,http://www.apple.com/role/CONSOLIDATEDSTATEMENTSOFOPERATIONS,"{""balance"": ""debit"", ""cik"": ""0000320193"", ""context_ref"": ""c-150"", ""period_key"": ""duration_2024-09-29_2025-09-27"", ""preferred_sign"": 1.0, ""statement_role"": ""http://www.apple.com/role/CONSOLIDATEDSTATEMENTSOFOPERATIONS"", ""statement_type"": ""IncomeStatement"", ""weight"": -1.0}","{""srt_ConsolidationItemsAxis"": ""us-gaap:OperatingSegmentsMember"", ""us-gaap_StatementBusinessSegmentsAxis"": ""aapl:EuropeSegmentMember""}",False,,edgar_xbrl
f-1024,a5b95cfae277cd61ad4f57bca55b84c277d6b59aa81140ddba2f71525f2c5226,AAPL,edgar,income_statement,us-gaap:CostOfGoodsAndServicesSold,,costofgoodsandservicessold,Cost of sales,35141000000,35141000000.0,usd,USD,1.0,duration_2024-09-29_2025-09-27,reported,duration,2024-09-29,2025-09-27,,2025,FY,2025-10-31,10-K,0000320193-25-000079,edgar:0000320193-25-000079:f-1024,c-151,http://www.apple.com/role/CONSOLIDATEDSTATEMENTSOFOPERATIONS,"{""balance"": ""debit"", ""cik"": ""0000320193"", ""context_ref"": ""c-151"", ""period_key"": ""duration_2024-09-29_2025-09-27"", ""preferred_sign"": 1.0, ""statement_role"": ""http://www.apple.com/role/CONSOLIDATEDSTATEMENTSOFOPERATIONS"", ""statement_type"": ""IncomeStatement"", ""weight"": -1.0}","{""srt_ConsolidationItemsAxis"": ""us-gaap:OperatingSegmentsMember"", ""us-gaap_StatementBusinessSegmentsAxis"": ""aapl:GreaterChinaSegmentMember""}",False,,edgar_xbrl
f-1025,bd70b6f8ea99edec50ae912340879e436e848cc614d63e131cf63ed57a826ca9,AAPL,edgar,income_statement,us-gaap:CostOfGoodsAndServicesSold,,costofgoodsandservicessold,Cost of sales,13779000000,13779000000.0,usd,USD,1.0,duration_2024-09-29_2025-09-27,reported,duration,2024-09-29,2025-09-27,,2025,FY,2025-10-31,10-K,0000320193-25-000079,edgar:0000320193-25-000079:f-1025,c-152,http://www.apple.com/role/CONSOLIDATEDSTATEMENTSOFOPERATIONS,"{""balance"": ""debit"", ""cik"": ""0000320193"", ""context_ref"": ""c-152"", ""period_key"": ""duration_2024-09-29_2025-09-27"", ""preferred_sign"": 1.0, ""statement_role"": ""http://www.apple.com/role/CONSOLIDATEDSTATEMENTSOFOPERATIONS"", ""statement_type"": ""IncomeStatement"", ""weight"": -1.0}","{""srt_ConsolidationItemsAxis"": ""us-gaap:OperatingSegmentsMember"", ""us-gaap_StatementBusinessSegmentsAxis"": ""aapl:JapanSegmentMember""}",False,,edgar_xbrl
f-1026,00f2ec8bd2267763ca4b0add6fe461e90b6475d845ff2b13e9c2bec76b302634,AAPL,edgar,income_statement,us-gaap:CostOfGoodsAndServicesSold,,costofgoodsandservicessold,Cost of sales,17724000000,17724000000.0,usd,USD,1.0,duration_2024-09-29_2025-09-27,reported,duration,2024-09-29,2025-09-27,,2025,FY,2025-10-31,10-K,0000320193-25-000079,edgar:0000320193-25-000079:f-1026,c-153,http://www.apple.com/role/CONSOLIDATEDSTATEMENTSOFOPERATIONS,"{""balance"": ""debit"", ""cik"": ""0000320193"", ""context_ref"": ""c-153"", ""period_key"": ""duration_2024-09-29_2025-09-27"", ""preferred_sign"": 1.0, ""statement_role"": ""http://www.apple.com/role/CONSOLIDATEDSTATEMENTSOFOPERATIONS"", ""statement_type"": ""IncomeStatement"", ""weight"": -1.0}","{""srt_ConsolidationItemsAxis"": ""us-gaap:OperatingSegmentsMember"", ""us-gaap_StatementBusinessSegmentsAxis"": ""aapl:RestOfAsiaPacificSegmentMember""}",False,,edgar_xbrl
f-87,481e9a51dcaa0184fe4451066e51894e6c58ba187d84f5c039d8fffe81ff2d16,AAPL,edgar,income_statement,us-gaap:CostOfGoodsAndServicesSold,,costofgoodsandservicessold,Cost of sales,220960000000,220960000000.0,usd,USD,1.0,duration_2024-09-29_2025-09-27,reported,duration,2024-09-29,2025-09-27,,2025,FY,2025-10-31,10-K,0000320193-25-000079,edgar:0000320193-25-000079:f-87,c-1,http://www.apple.com/role/CONSOLIDATEDSTATEMENTSOFOPERATIONS,"{""balance"": ""debit"", ""cik"": ""0000320193"", ""context_ref"": ""c-1"", ""period_key"": ""duration_2024-09-29_2025-09-27"", ""preferred_sign"": 1.0, ""statement_role"": ""http://www.apple.com/role/CONSOLIDATEDSTATEMENTSOFOPERATIONS"", ""statement_type"": ""IncomeStatement"", ""weight"": -1.0}",{},False,,edgar_xbrl
f-1028,568b6396fe664b0302bb414ac46d5530de816de4fa79233ddde77fa8386f4870,AAPL,edgar,income_statement,us-gaap:ResearchAndDevelopmentExpense,ResearchAndDevelopmentExpenses,researchanddevelopmentexpenses,Research and development,34550000000,34550000000.0,usd,USD,1.0,duration_2024-09-29_2025-09-27,reported,duration,2024-09-29,2025-09-27,,2025,FY,2025-10-31,10-K,0000320193-25-000079,edgar:0000320193-25-000079:f-1028,c-154,http://www.apple.com/role/CONSOLIDATEDSTATEMENTSOFOPERATIONS,"{""balance"": ""debit"", ""cik"": ""0000320193"", ""context_ref"": ""c-154"", ""period_key"": ""duration_2024-09-29_2025-09-27"", ""preferred_sign"": 1.0, ""statement_role"": ""http://www.apple.com/role/CONSOLIDATEDSTATEMENTSOFOPERATIONS"", ""statement_type"": ""IncomeStatement"", ""weight"": 1.0}","{""srt_ConsolidationItemsAxis"": ""us-gaap:CorporateNonSegmentMember""}",False,,edgar_xbrl
f-93,a0315c89e2ef98a25d27e4709f1b64a0605ded59f3e61ada6e700a6cce19e05a,AAPL,edgar,income_statement,us-gaap:ResearchAndDevelopmentExpense,ResearchAndDevelopmentExpenses,researchanddevelopmentexpenses,Research and development,34550000000,34550000000.0,usd,USD,1.0,duration_2024-09-29_2025-09-27,reported,duration,2024-09-29,2025-09-27,,2025,FY,2025-10-31,10-K,0000320193-25-000079,edgar:0000320193-25-000079:f-93,c-1,http://www.apple.com/role/CONSOLIDATEDSTATEMENTSOFOPERATIONS,"{""balance"": ""debit"", ""cik"": ""0000320193"", ""context_ref"": ""c-1"", ""period_key"": ""duration_2024-09-29_2025-09-27"", ""preferred_sign"": 1.0, ""statement_role"": ""http://www.apple.com/role/CONSOLIDATEDSTATEMENTSOFOPERATIONS"", ""statement_type"": ""IncomeStatement"", ""weight"": 1.0}",{},False,,edgar_xbrl
f-1038,72dc9f2f91f5a9f4e98522cd92b2b19cc162ec51d307ba72f0ac9db4c596c999,AAPL,edgar,income_statement,us-gaap:OperatingIncomeLoss,OperatingIncomeLoss,operatingincomeloss,Operating income,72480000000,72480000000.0,usd,USD,1.0,duration_2024-09-29_2025-09-27,reported,duration,2024-09-29,2025-09-27,,2025,FY,2025-10-31,10-K,0000320193-25-000079,edgar:0000320193-25-000079:f-1038,c-149,http://www.apple.com/role/CONSOLIDATEDSTATEMENTSOFOPERATIONS,"{""balance"": ""credit"", ""cik"": ""0000320193"", ""context_ref"": ""c-149"", ""period_key"": ""duration_2024-09-29_2025-09-27"", ""preferred_sign"": 1.0, ""statement_role"": ""http://www.apple.com/role/CONSOLIDATEDSTATEMENTSOFOPERATIONS"", ""statement_type"": ""IncomeStatement"", ""weight"": 1.0}","{""srt_ConsolidationItemsAxis"": ""us-gaap:OperatingSegmentsMember"", ""us-gaap_StatementBusinessSegmentsAxis"": ""aapl:AmericasSegmentMember""}",False,,edgar_xbrl
f-1039,f6d79f3adaa7c5622f043e28637079eb3348df3610f89d3874f182c8cdf39eae,AAPL,edgar,income_statement,us-gaap:OperatingIncomeLoss,OperatingIncomeLoss,operatingincomeloss,Operating income,47739000000,47739000000.0,usd,USD,1.0,duration_2024-09-29_2025-09-27,reported,duration,2024-09-29,2025-09-27,,2025,FY,2025-10-31,10-K,0000320193-25-000079,edgar:0000320193-25-000079:f-1039,c-150,http://www.apple.com/role/CONSOLIDATEDSTATEMENTSOFOPERATIONS,"{""balance"": ""credit"", ""cik"": ""0000320193"", ""context_ref"": ""c-150"", ""period_key"": ""duration_2024-09-29_2025-09-27"", ""preferred_sign"": 1.0, ""statement_role"": ""http://www.apple.com/role/CONSOLIDATEDSTATEMENTSOFOPERATIONS"", ""statement_type"": ""IncomeStatement"", ""weight"": 1.0}","{""srt_ConsolidationItemsAxis"": ""us-gaap:OperatingSegmentsMember"", ""us-gaap_StatementBusinessSegmentsAxis"": ""aapl:EuropeSegmentMember""}",False,,edgar_xbrl
f-1040,1c0d6ac8293202e23d3cb5997673e6577c9602aa66e2f8db0002de9d1569fd07,AAPL,edgar,income_statement,us-gaap:OperatingIncomeLoss,OperatingIncomeLoss,operatingincomeloss,Operating income,26917000000,26917000000.0,usd,USD,1.0,duration_2024-09-29_2025-09-27,reported,duration,2024-09-29,2025-09-27,,2025,FY,2025-10-31,10-K,0000320193-25-000079,edgar:0000320193-25-000079:f-1040,c-151,http://www.apple.com/role/CONSOLIDATEDSTATEMENTSOFOPERATIONS,"{""balance"": ""credit"", ""cik"": ""0000320193"", ""context_ref"": ""c-151"", ""period_key"": ""duration_2024-09-29_2025-09-27"", ""preferred_sign"": 1.0, ""statement_role"": ""http://www.apple.com/role/CONSOLIDATEDSTATEMENTSOFOPERATIONS"", ""statement_type"": ""IncomeStatement"", ""weight"": 1.0}","{""srt_ConsolidationItemsAxis"": ""us-gaap:OperatingSegmentsMember"", ""us-gaap_StatementBusinessSegmentsAxis"": ""aapl:GreaterChinaSegmentMember""}",False,,edgar_xbrl
f-1041,7d7d47d3ca132e67b95d66d72ee772347e1f68ab6d6bd13f969b228e135efaff,AAPL,edgar,income_statement,us-gaap:OperatingIncomeLoss,OperatingIncomeLoss,operatingincomeloss,Operating income,13955000000,13955000000.0,usd,USD,1.0,duration_2024-09-29_2025-09-27,reported,duration,2024-09-29,2025-09-27,,2025,FY,2025-10-31,10-K,0000320193-25-000079,edgar:0000320193-25-000079:f-1041,c-152,http://www.apple.com/role/CONSOLIDATEDSTATEMENTSOFOPERATIONS,"{""balance"": ""credit"", ""cik"": ""0000320193"", ""context_ref"": ""c-152"", ""period_key"": ""duration_2024-09-29_2025-09-27"", ""preferred_sign"": 1.0, ""statement_role"": ""http://www.apple.com/role/CONSOLIDATEDSTATEMENTSOFOPERATIONS"", ""statement_type"": ""IncomeStatement"", ""weight"": 1.0}","{""srt_ConsolidationItemsAxis"": ""us-gaap:OperatingSegmentsMember"", ""us-gaap_StatementBusinessSegmentsAxis"": ""aapl:JapanSegmentMember""}",False,,edgar_xbrl
f-1042,22d128eea5b4777b152d0e04a2e94a0dc75bd309f72034803c9b2ce45d750a5b,AAPL,edgar,income_statement,us-gaap:OperatingIncomeLoss,OperatingIncomeLoss,operatingincomeloss,Operating income,14586000000,14586000000.0,usd,USD,1.0,duration_2024-09-29_2025-09-27,reported,duration,2024-09-29,2025-09-27,,2025,FY,2025-10-31,10-K,0000320193-25-000079,edgar:0000320193-25-000079:f-1042,c-153,http://www.apple.com/role/CONSOLIDATEDSTATEMENTSOFOPERATIONS,"{""balance"": ""credit"", ""cik"": ""0000320193"", ""context_ref"": ""c-153"", ""period_key"": ""duration_2024-09-29_2025-09-27"", ""preferred_sign"": 1.0, ""statement_role"": ""http://www.apple.com/role/CONSOLIDATEDSTATEMENTSOFOPERATIONS"", ""statement_type"": ""IncomeStatement"", ""weight"": 1.0}","{""srt_ConsolidationItemsAxis"": ""us-gaap:OperatingSegmentsMember"", ""us-gaap_StatementBusinessSegmentsAxis"": ""aapl:RestOfAsiaPacificSegmentMember""}",False,,edgar_xbrl
f-1043,bd865be8e831e492944a6e564e9a24795f56372c7a70d4f8e2e4f812e800be50,AAPL,edgar,income_statement,us-gaap:OperatingIncomeLoss,OperatingIncomeLoss,operatingincomeloss,Operating income,-42627000000,-42627000000.0,usd,USD,1.0,duration_2024-09-29_2025-09-27,reported,duration,2024-09-29,2025-09-27,,2025,FY,2025-10-31,10-K,0000320193-25-000079,edgar:0000320193-25-000079:f-1043,c-154,http://www.apple.com/role/CONSOLIDATEDSTATEMENTSOFOPERATIONS,"{""balance"": ""credit"", ""cik"": ""0000320193"", ""context_ref"": ""c-154"", ""period_key"": ""duration_2024-09-29_2025-09-27"", ""preferred_sign"": 1.0, ""statement_role"": ""http://www.apple.com/role/CONSOLIDATEDSTATEMENTSOFOPERATIONS"", ""statement_type"": ""IncomeStatement"", ""weight"": 1.0}","{""srt_ConsolidationItemsAxis"": ""us-gaap:CorporateNonSegmentMember""}",False,,edgar_xbrl
f-102,9ba662ecb8245b85a80f8793715ddb77f1b03a5a0a274857630f4b76bc0d87a9,AAPL,edgar,income_statement,us-gaap:OperatingIncomeLoss,OperatingIncomeLoss,operatingincomeloss,Operating income,133050000000,133050000000.0,usd,USD,1.0,duration_2024-09-29_2025-09-27,reported,duration,2024-09-29,2025-09-27,,2025,FY,2025-10-31,10-K,0000320193-25-000079,edgar:0000320193-25-000079:f-102,c-1,http://www.apple.com/role/CONSOLIDATEDSTATEMENTSOFOPERATIONS,"{""balance"": ""credit"", ""cik"": ""0000320193"", ""context_ref"": ""c-1"", ""period_key"": ""duration_2024-09-29_2025-09-27"", ""preferred_sign"": 1.0, ""statement_role"": ""http://www.apple.com/role/CONSOLIDATEDSTATEMENTSOFOPERATIONS"", ""statement_type"": ""IncomeStatement"", ""weight"": 1.0}",{},False,,edgar_xbrl
f-1045,788edd79c76a04a14a77ef548a5a193411a808373d4cac8ad8ea046c4ecf6dda,AAPL,edgar,income_statement,us-gaap:RevenueFromContractWithCustomerExcludingAssessedTax,,revenuefromcontractwithcustomerexcludingassessedtax,Net sales,167045000000,167045000000.0,usd,USD,1.0,duration_2023-10-01_2024-09-28,reported,duration,2023-10-01,2024-09-28,,2025,FY,2025-10-31,10-K,0000320193-25-000079,edgar:0000320193-25-000079:f-1045,c-155,http://www.apple.com/role/CONSOLIDATEDSTATEMENTSOFOPERATIONS,"{""balance"": ""credit"", ""cik"": ""0000320193"", ""context_ref"": ""c-155"", ""period_key"": ""duration_2023-10-01_2024-09-28"", ""preferred_sign"": 1.0, ""statement_role"": ""http://www.apple.com/role/CONSOLIDATEDSTATEMENTSOFOPERATIONS"", ""statement_type"": ""IncomeStatement"", ""weight"": 1.0}","{""srt_ConsolidationItemsAxis"": ""us-gaap:OperatingSegmentsMember"", ""us-gaap_StatementBusinessSegmentsAxis"": ""aapl:AmericasSegmentMember""}",False,,edgar_xbrl
f-1046,761f2845741ac2e80fcf244273b4cf66be6861eea0a4109ce4bb8b4f71fd06ff,AAPL,edgar,income_statement,us-gaap:RevenueFromContractWithCustomerExcludingAssessedTax,,revenuefromcontractwithcustomerexcludingassessedtax,Net sales,101328000000,101328000000.0,usd,USD,1.0,duration_2023-10-01_2024-09-28,reported,duration,2023-10-01,2024-09-28,,2025,FY,2025-10-31,10-K,0000320193-25-000079,edgar:0000320193-25-000079:f-1046,c-156,http://www.apple.com/role/CONSOLIDATEDSTATEMENTSOFOPERATIONS,"{""balance"": ""credit"", ""cik"": ""0000320193"", ""context_ref"": ""c-156"", ""period_key"": ""duration_2023-10-01_2024-09-28"", ""preferred_sign"": 1.0, ""statement_role"": ""http://www.apple.com/role/CONSOLIDATEDSTATEMENTSOFOPERATIONS"", ""statement_type"": ""IncomeStatement"", ""weight"": 1.0}","{""srt_ConsolidationItemsAxis"": ""us-gaap:OperatingSegmentsMember"", ""us-gaap_StatementBusinessSegmentsAxis"": ""aapl:EuropeSegmentMember""}",False,,edgar_xbrl
f-1047,c7df1261ee917507bb7aac59b8aa68735a08f525da09242e637d2ace0c94225d,AAPL,edgar,income_statement,us-gaap:RevenueFromContractWithCustomerExcludingAssessedTax,,revenuefromcontractwithcustomerexcludingassessedtax,Net sales,66952000000,66952000000.0,usd,USD,1.0,duration_2023-10-01_2024-09-28,reported,duration,2023-10-01,2024-09-28,,2025,FY,2025-10-31,10-K,0000320193-25-000079,edgar:0000320193-25-000079:f-1047,c-157,http://www.apple.com/role/CONSOLIDATEDSTATEMENTSOFOPERATIONS,"{""balance"": ""credit"", ""cik"": ""0000320193"", ""context_ref"": ""c-157"", ""period_key"": ""duration_2023-10-01_2024-09-28"", ""preferred_sign"": 1.0, ""statement_role"": ""http://www.apple.com/role/CONSOLIDATEDSTATEMENTSOFOPERATIONS"", ""statement_type"": ""IncomeStatement"", ""weight"": 1.0}","{""srt_ConsolidationItemsAxis"": ""us-gaap:OperatingSegmentsMember"", ""us-gaap_StatementBusinessSegmentsAxis"": ""aapl:GreaterChinaSegmentMember""}",False,,edgar_xbrl
f-1048,6ae7c129a8328382b496aa0b5deea3c10df27081952f8671e097810b71b5661e,AAPL,edgar,income_statement,us-gaap:RevenueFromContractWithCustomerExcludingAssessedTax,,revenuefromcontractwithcustomerexcludingassessedtax,Net sales,25052000000,25052000000.0,usd,USD,1.0,duration_2023-10-01_2024-09-28,reported,duration,2023-10-01,2024-09-28,,2025,FY,2025-10-31,10-K,0000320193-25-000079,edgar:0000320193-25-000079:f-1048,c-158,http://www.apple.com/role/CONSOLIDATEDSTATEMENTSOFOPERATIONS,"{""balance"": ""credit"", ""cik"": ""0000320193"", ""context_ref"": ""c-158"", ""period_key"": ""duration_2023-10-01_2024-09-28"", ""preferred_sign"": 1.0, ""statement_role"": ""http://www.apple.com/role/CONSOLIDATEDSTATEMENTSOFOPERATIONS"", ""statement_type"": ""IncomeStatement"", ""weight"": 1.0}","{""srt_ConsolidationItemsAxis"": ""us-gaap:OperatingSegmentsMember"", ""us-gaap_StatementBusinessSegmentsAxis"": ""aapl:JapanSegmentMember""}",False,,edgar_xbrl
f-1049,7b254cb210c8a254a1838dc432bc142b5f774c51f55b1a175364bf1e14ecb30a,AAPL,edgar,income_statement,us-gaap:RevenueFromContractWithCustomerExcludingAssessedTax,,revenuefromcontractwithcustomerexcludingassessedtax,Net sales,30658000000,30658000000.0,usd,USD,1.0,duration_2023-10-01_2024-09-28,reported,duration,2023-10-01,2024-09-28,,2025,FY,2025-10-31,10-K,0000320193-25-000079,edgar:0000320193-25-000079:f-1049,c-159,http://www.apple.com/role/CONSOLIDATEDSTATEMENTSOFOPERATIONS,"{""balance"": ""credit"", ""cik"": ""0000320193"", ""context_ref"": ""c-159"", ""period_key"": ""duration_2023-10-01_2024-09-28"", ""preferred_sign"": 1.0, ""statement_role"": ""http://www.apple.com/role/CONSOLIDATEDSTATEMENTSOFOPERATIONS"", ""statement_type"": ""IncomeStatement"", ""weight"": 1.0}","{""srt_ConsolidationItemsAxis"": ""us-gaap:OperatingSegmentsMember"", ""us-gaap_StatementBusinessSegmentsAxis"": ""aapl:RestOfAsiaPacificSegmentMember""}",False,,edgar_xbrl
f-1051,c933ecbefe3a484b3b69f7fd1006893f084111a2709d7fa26a4e6906dfbc667b,AAPL,edgar,income_statement,us-gaap:CostOfGoodsAndServicesSold,,costofgoodsandservicessold,Cost of sales,89587000000,89587000000.0,usd,USD,1.0,duration_2023-10-01_2024-09-28,reported,duration,2023-10-01,2024-09-28,,2025,FY,2025-10-31,10-K,0000320193-25-000079,edgar:0000320193-25-000079:f-1051,c-155,http://www.apple.com/role/CONSOLIDATEDSTATEMENTSOFOPERATIONS,"{""balance"": ""debit"", ""cik"": ""0000320193"", ""context_ref"": ""c-155"", ""period_key"": ""duration_2023-10-01_2024-09-28"", ""preferred_sign"": 1.0, ""statement_role"": ""http://www.apple.com/role/CONSOLIDATEDSTATEMENTSOFOPERATIONS"", ""statement_type"": ""IncomeStatement"", ""weight"": -1.0}","{""srt_ConsolidationItemsAxis"": ""us-gaap:OperatingSegmentsMember"", ""us-gaap_StatementBusinessSegmentsAxis"": ""aapl:AmericasSegmentMember""}",False,,edgar_xbrl
f-1052,b4d935e6cee4bcaba691953ee7e0d123e0ce1c0e0a6bf8f77407dc02f9041a30,AAPL,edgar,income_statement,us-gaap:CostOfGoodsAndServicesSold,,costofgoodsandservicessold,Cost of sales,55197000000,55197000000.0,usd,USD,1.0,duration_2023-10-01_2024-09-28,reported,duration,2023-10-01,2024-09-28,,2025,FY,2025-10-31,10-K,0000320193-25-000079,edgar:0000320193-25-000079:f-1052,c-156,http://www.apple.com/role/CONSOLIDATEDSTATEMENTSOFOPERATIONS,"{""balance"": ""debit"", ""cik"": ""0000320193"", ""context_ref"": ""c-156"", ""period_key"": ""duration_2023-10-01_2024-09-28"", ""preferred_sign"": 1.0, ""statement_role"": ""http://www.apple.com/role/CONSOLIDATEDSTATEMENTSOFOPERATIONS"", ""statement_type"": ""IncomeStatement"", ""weight"": -1.0}","{""srt_ConsolidationItemsAxis"": ""us-gaap:OperatingSegmentsMember"", ""us-gaap_StatementBusinessSegmentsAxis"": ""aapl:EuropeSegmentMember""}",False,,edgar_xbrl
f-1053,e6a151c03e148883158fa94b76e98a987334acc858bbf12fcec2aa015ad32c62,AAPL,edgar,income_statement,us-gaap:CostOfGoodsAndServicesSold,,costofgoodsandservicessold,Cost of sales,37519000000,37519000000.0,usd,USD,1.0,duration_2023-10-01_2024-09-28,reported,duration,2023-10-01,2024-09-28,,2025,FY,2025-10-31,10-K,0000320193-25-000079,edgar:0000320193-25-000079:f-1053,c-157,http://www.apple.com/role/CONSOLIDATEDSTATEMENTSOFOPERATIONS,"{""balance"": ""debit"", ""cik"": ""0000320193"", ""context_ref"": ""c-157"", ""period_key"": ""duration_2023-10-01_2024-09-28"", ""preferred_sign"": 1.0, ""statement_role"": ""http://www.apple.com/role/CONSOLIDATEDSTATEMENTSOFOPERATIONS"", ""statement_type"": ""IncomeStatement"", ""weight"": -1.0}","{""srt_ConsolidationItemsAxis"": ""us-gaap:OperatingSegmentsMember"", ""us-gaap_StatementBusinessSegmentsAxis"": ""aapl:GreaterChinaSegmentMember""}",False,,edgar_xbrl
f-1054,12c8e11b2835efdd6c2320260f1d2f42f90e16457679ca2d3d2cd7ac6bade80a,AAPL,edgar,income_statement,us-gaap:CostOfGoodsAndServicesSold,,costofgoodsandservicessold,Cost of sales,11744000000,11744000000.0,usd,USD,1.0,duration_2023-10-01_2024-09-28,reported,duration,2023-10-01,2024-09-28,,2025,FY,2025-10-31,10-K,0000320193-25-000079,edgar:0000320193-25-000079:f-1054,c-158,http://www.apple.com/role/CONSOLIDATEDSTATEMENTSOFOPERATIONS,"{""balance"": ""debit"", ""cik"": ""0000320193"", ""context_ref"": ""c-158"", ""period_key"": ""duration_2023-10-01_2024-09-28"", ""preferred_sign"": 1.0, ""statement_role"": ""http://www.apple.com/role/CONSOLIDATEDSTATEMENTSOFOPERATIONS"", ""statement_type"": ""IncomeStatement"", ""weight"": -1.0}","{""srt_ConsolidationItemsAxis"": ""us-gaap:OperatingSegmentsMember"", ""us-gaap_StatementBusinessSegmentsAxis"": ""aapl:JapanSegmentMember""}",False,,edgar_xbrl
f-1055,ce04a4456c626ee6c77da2792325c7a0d5ea6c728958d566bc0f0a065ef36205,AAPL,edgar,income_statement,us-gaap:CostOfGoodsAndServicesSold,,costofgoodsandservicessold,Cost of sales,16305000000,16305000000.0,usd,USD,1.0,duration_2023-10-01_2024-09-28,reported,duration,2023-10-01,2024-09-28,,2025,FY,2025-10-31,10-K,0000320193-25-000079,edgar:0000320193-25-000079:f-1055,c-159,http://www.apple.com/role/CONSOLIDATEDSTATEMENTSOFOPERATIONS,"{""balance"": ""debit"", ""cik"": ""0000320193"", ""context_ref"": ""c-159"", ""period_key"": ""duration_2023-10-01_2024-09-28"", ""preferred_sign"": 1.0, ""statement_role"": ""http://www.apple.com/role/CONSOLIDATEDSTATEMENTSOFOPERATIONS"", ""statement_type"": ""IncomeStatement"", ""weight"": -1.0}","{""srt_ConsolidationItemsAxis"": ""us-gaap:OperatingSegmentsMember"", ""us-gaap_StatementBusinessSegmentsAxis"": ""aapl:RestOfAsiaPacificSegmentMember""}",False,,edgar_xbrl
f-88,286cd081e3cf15a5f9538d1e4b879494d55f647caaa578415017d6b022fe26d0,AAPL,edgar,income_statement,us-gaap:CostOfGoodsAndServicesSold,,costofgoodsandservicessold,Cost of sales,210352000000,210352000000.0,usd,USD,1.0,duration_2023-10-01_2024-09-28,reported,duration,2023-10-01,2024-09-28,,2025,FY,2025-10-31,10-K,0000320193-25-000079,edgar:0000320193-25-000079:f-88,c-18,http://www.apple.com/role/CONSOLIDATEDSTATEMENTSOFOPERATIONS,"{""balance"": ""debit"", ""cik"": ""0000320193"", ""context_ref"": ""c-18"", ""period_key"": ""duration_2023-10-01_2024-09-28"", ""preferred_sign"": 1.0, ""statement_role"": ""http://www.apple.com/role/CONSOLIDATEDSTATEMENTSOFOPERATIONS"", ""statement_type"": ""IncomeStatement"", ""weight"": -1.0}",{},False,,edgar_xbrl
f-1057,c6be6959f8d37db723c2231bb703244c594abe93cb99b2c3113c736f8000d9cd,AAPL,edgar,income_statement,us-gaap:ResearchAndDevelopmentExpense,ResearchAndDevelopmentExpenses,researchanddevelopmentexpenses,Research and development,31370000000,31370000000.0,usd,USD,1.0,duration_2023-10-01_2024-09-28,reported,duration,2023-10-01,2024-09-28,,2025,FY,2025-10-31,10-K,0000320193-25-000079,edgar:0000320193-25-000079:f-1057,c-160,http://www.apple.com/role/CONSOLIDATEDSTATEMENTSOFOPERATIONS,"{""balance"": ""debit"", ""cik"": ""0000320193"", ""context_ref"": ""c-160"", ""period_key"": ""duration_2023-10-01_2024-09-28"", ""preferred_sign"": 1.0, ""statement_role"": ""http://www.apple.com/role/CONSOLIDATEDSTATEMENTSOFOPERATIONS"", ""statement_type"": ""IncomeStatement"", ""weight"": 1.0}","{""srt_ConsolidationItemsAxis"": ""us-gaap:CorporateNonSegmentMember""}",False,,edgar_xbrl
f-94,e18dfafb625036f6d41aa280f8567f070555bd40c71711df468c5027ced3915d,AAPL,edgar,income_statement,us-gaap:ResearchAndDevelopmentExpense,ResearchAndDevelopmentExpenses,researchanddevelopmentexpenses,Research and development,31370000000,31370000000.0,usd,USD,1.0,duration_2023-10-01_2024-09-28,reported,duration,2023-10-01,2024-09-28,,2025,FY,2025-10-31,10-K,0000320193-25-000079,edgar:0000320193-25-000079:f-94,c-18,http://www.apple.com/role/CONSOLIDATEDSTATEMENTSOFOPERATIONS,"{""balance"": ""debit"", ""cik"": ""0000320193"", ""context_ref"": ""c-18"", ""period_key"": ""duration_2023-10-01_2024-09-28"", ""preferred_sign"": 1.0, ""statement_role"": ""http://www.apple.com/role/CONSOLIDATEDSTATEMENTSOFOPERATIONS"", ""statement_type"": ""IncomeStatement"", ""weight"": 1.0}",{},False,,edgar_xbrl
f-1067,f511d43ecc5bebe652b7c5fdc8dfc1a82ad6926dd347d938674230a91cfc94c7,AAPL,edgar,income_statement,us-gaap:OperatingIncomeLoss,OperatingIncomeLoss,operatingincomeloss,Operating income,67656000000,67656000000.0,usd,USD,1.0,duration_2023-10-01_2024-09-28,reported,duration,2023-10-01,2024-09-28,,2025,FY,2025-10-31,10-K,0000320193-25-000079,edgar:0000320193-25-000079:f-1067,c-155,http://www.apple.com/role/CONSOLIDATEDSTATEMENTSOFOPERATIONS,"{""balance"": ""credit"", ""cik"": ""0000320193"", ""context_ref"": ""c-155"", ""period_key"": ""duration_2023-10-01_2024-09-28"", ""preferred_sign"": 1.0, ""statement_role"": ""http://www.apple.com/role/CONSOLIDATEDSTATEMENTSOFOPERATIONS"", ""statement_type"": ""IncomeStatement"", ""weight"": 1.0}","{""srt_ConsolidationItemsAxis"": ""us-gaap:OperatingSegmentsMember"", ""us-gaap_StatementBusinessSegmentsAxis"": ""aapl:AmericasSegmentMember""}",False,,edgar_xbrl
f-1068,2f79d7b02effa8feffce4808097388b738c6017be6caca777a5a0a8d81a2b189,AAPL,edgar,income_statement,us-gaap:OperatingIncomeLoss,OperatingIncomeLoss,operatingincomeloss,Operating income,41790000000,41790000000.0,usd,USD,1.0,duration_2023-10-01_2024-09-28,reported,duration,2023-10-01,2024-09-28,,2025,FY,2025-10-31,10-K,0000320193-25-000079,edgar:0000320193-25-000079:f-1068,c-156,http://www.apple.com/role/CONSOLIDATEDSTATEMENTSOFOPERATIONS,"{""balance"": ""credit"", ""cik"": ""0000320193"", ""context_ref"": ""c-156"", ""period_key"": ""duration_2023-10-01_2024-09-28"", ""preferred_sign"": 1.0, ""statement_role"": ""http://www.apple.com/role/CONSOLIDATEDSTATEMENTSOFOPERATIONS"", ""statement_type"": ""IncomeStatement"", ""weight"": 1.0}","{""srt_ConsolidationItemsAxis"": ""us-gaap:OperatingSegmentsMember"", ""us-gaap_StatementBusinessSegmentsAxis"": ""aapl:EuropeSegmentMember""}",False,,edgar_xbrl
f-1069,03d21adc143edf5dfb439bb3ea77d32f021f1eb7e4883751d7aafadd636f3904,AAPL,edgar,income_statement,us-gaap:OperatingIncomeLoss,OperatingIncomeLoss,operatingincomeloss,Operating income,27082000000,27082000000.0,usd,USD,1.0,duration_2023-10-01_2024-09-28,reported,duration,2023-10-01,2024-09-28,,2025,FY,2025-10-31,10-K,0000320193-25-000079,edgar:0000320193-25-000079:f-1069,c-157,http://www.apple.com/role/CONSOLIDATEDSTATEMENTSOFOPERATIONS,"{""balance"": ""credit"", ""cik"": ""0000320193"", ""context_ref"": ""c-157"", ""period_key"": ""duration_2023-10-01_2024-09-28"", ""preferred_sign"": 1.0, ""statement_role"": ""http://www.apple.com/role/CONSOLIDATEDSTATEMENTSOFOPERATIONS"", ""statement_type"": ""IncomeStatement"", ""weight"": 1.0}","{""srt_ConsolidationItemsAxis"": ""us-gaap:OperatingSegmentsMember"", ""us-gaap_StatementBusinessSegmentsAxis"": ""aapl:GreaterChinaSegmentMember""}",False,,edgar_xbrl
f-1070,275dfbcbbee7bfae729bc7696e44e5bfbb2d70e46db9a9f09bac3b74a5e2fdf3,AAPL,edgar,income_statement,us-gaap:OperatingIncomeLoss,OperatingIncomeLoss,operatingincomeloss,Operating income,12454000000,12454000000.0,usd,USD,1.0,duration_2023-10-01_2024-09-28,reported,duration,2023-10-01,2024-09-28,,2025,FY,2025-10-31,10-K,0000320193-25-000079,edgar:0000320193-25-000079:f-1070,c-158,http://www.apple.com/role/CONSOLIDATEDSTATEMENTSOFOPERATIONS,"{""balance"": ""credit"", ""cik"": ""0000320193"", ""context_ref"": ""c-158"", ""period_key"": ""duration_2023-10-01_2024-09-28"", ""preferred_sign"": 1.0, ""statement_role"": ""http://www.apple.com/role/CONSOLIDATEDSTATEMENTSOFOPERATIONS"", ""statement_type"": ""IncomeStatement"", ""weight"": 1.0}","{""srt_ConsolidationItemsAxis"": ""us-gaap:OperatingSegmentsMember"", ""us-gaap_StatementBusinessSegmentsAxis"": ""aapl:JapanSegmentMember""}",False,,edgar_xbrl
f-1071,f5fa18503050fc96da07e521030ba2d3d129bb7f384a31901afee15ea5783ba6,AAPL,edgar,income_statement,us-gaap:OperatingIncomeLoss,OperatingIncomeLoss,operatingincomeloss,Operating income,13062000000,13062000000.0,usd,USD,1.0,duration_2023-10-01_2024-09-28,reported,duration,2023-10-01,2024-09-28,,2025,FY,2025-10-31,10-K,0000320193-25-000079,edgar:0000320193-25-000079:f-1071,c-159,http://www.apple.com/role/CONSOLIDATEDSTATEMENTSOFOPERATIONS,"{""balance"": ""credit"", ""cik"": ""0000320193"", ""context_ref"": ""c-159"", ""period_key"": ""duration_2023-10-01_2024-09-28"", ""preferred_sign"": 1.0, ""statement_role"": ""http://www.apple.com/role/CONSOLIDATEDSTATEMENTSOFOPERATIONS"", ""statement_type"": ""IncomeStatement"", ""weight"": 1.0}","{""srt_ConsolidationItemsAxis"": ""us-gaap:OperatingSegmentsMember"", ""us-gaap_StatementBusinessSegmentsAxis"": ""aapl:RestOfAsiaPacificSegmentMember""}",False,,edgar_xbrl
f-1072,ad9e5656fdaf359637642f4558a174e8fceefc7e009b563e021fc958986250da,AAPL,edgar,income_statement,us-gaap:OperatingIncomeLoss,OperatingIncomeLoss,operatingincomeloss,Operating income,-38828000000,-38828000000.0,usd,USD,1.0,duration_2023-10-01_2024-09-28,reported,duration,2023-10-01,2024-09-28,,2025,FY,2025-10-31,10-K,0000320193-25-000079,edgar:0000320193-25-000079:f-1072,c-160,http://www.apple.com/role/CONSOLIDATEDSTATEMENTSOFOPERATIONS,"{""balance"": ""credit"", ""cik"": ""0000320193"", ""context_ref"": ""c-160"", ""period_key"": ""duration_2023-10-01_2024-09-28"", ""preferred_sign"": 1.0, ""statement_role"": ""http://www.apple.com/role/CONSOLIDATEDSTATEMENTSOFOPERATIONS"", ""statement_type"": ""IncomeStatement"", ""weight"": 1.0}","{""srt_ConsolidationItemsAxis"": ""us-gaap:CorporateNonSegmentMember""}",False,,edgar_xbrl
f-103,fedfa8614b5c4719caf9b20382da856a5dbd92d605e1b354550e54256477e711,AAPL,edgar,income_statement,us-gaap:OperatingIncomeLoss,OperatingIncomeLoss,operatingincomeloss,Operating income,123216000000,123216000000.0,usd,USD,1.0,duration_2023-10-01_2024-09-28,reported,duration,2023-10-01,2024-09-28,,2025,FY,2025-10-31,10-K,0000320193-25-000079,edgar:0000320193-25-000079:f-103,c-18,http://www.apple.com/role/CONSOLIDATEDSTATEMENTSOFOPERATIONS,"{""balance"": ""credit"", ""cik"": ""0000320193"", ""context_ref"": ""c-18"", ""period_key"": ""duration_2023-10-01_2024-09-28"", ""preferred_sign"": 1.0, ""statement_role"": ""http://www.apple.com/role/CONSOLIDATEDSTATEMENTSOFOPERATIONS"", ""statement_type"": ""IncomeStatement"", ""weight"": 1.0}",{},False,,edgar_xbrl
f-1074,d9b7704bccd1a399d1ec9fa027661ca517957d306349ab14b9801e8ffd13d9f1,AAPL,edgar,income_statement,us-gaap:RevenueFromContractWithCustomerExcludingAssessedTax,,revenuefromcontractwithcustomerexcludingassessedtax,Net sales,162560000000,162560000000.0,usd,USD,1.0,duration_2022-09-25_2023-09-30,reported,duration,2022-09-25,2023-09-30,,2024,FY,2025-10-31,10-K,0000320193-25-000079,edgar:0000320193-25-000079:f-1074,c-161,http://www.apple.com/role/CONSOLIDATEDSTATEMENTSOFOPERATIONS,"{""balance"": ""credit"", ""cik"": ""0000320193"", ""context_ref"": ""c-161"", ""period_key"": ""duration_2022-09-25_2023-09-30"", ""preferred_sign"": 1.0, ""statement_role"": ""http://www.apple.com/role/CONSOLIDATEDSTATEMENTSOFOPERATIONS"", ""statement_type"": ""IncomeStatement"", ""weight"": 1.0}","{""srt_ConsolidationItemsAxis"": ""us-gaap:OperatingSegmentsMember"", ""us-gaap_StatementBusinessSegmentsAxis"": ""aapl:AmericasSegmentMember""}",False,,edgar_xbrl
f-1075,aae4c0b9907b93656492f2ef5c082e63895964069f6e4f1d1722980a87a26275,AAPL,edgar,income_statement,us-gaap:RevenueFromContractWithCustomerExcludingAssessedTax,,revenuefromcontractwithcustomerexcludingassessedtax,Net sales,94294000000,94294000000.0,usd,USD,1.0,duration_2022-09-25_2023-09-30,reported,duration,2022-09-25,2023-09-30,,2024,FY,2025-10-31,10-K,0000320193-25-000079,edgar:0000320193-25-000079:f-1075,c-162,http://www.apple.com/role/CONSOLIDATEDSTATEMENTSOFOPERATIONS,"{""balance"": ""credit"", ""cik"": ""0000320193"", ""context_ref"": ""c-162"", ""period_key"": ""duration_2022-09-25_2023-09-30"", ""preferred_sign"": 1.0, ""statement_role"": ""http://www.apple.com/role/CONSOLIDATEDSTATEMENTSOFOPERATIONS"", ""statement_type"": ""IncomeStatement"", ""weight"": 1.0}","{""srt_ConsolidationItemsAxis"": ""us-gaap:OperatingSegmentsMember"", ""us-gaap_StatementBusinessSegmentsAxis"": ""aapl:EuropeSegmentMember""}",False,,edgar_xbrl
f-1076,bcd433c33d4d94de4111ad5bccee06fe0357dc94122f10db991c8da6f9017b2a,AAPL,edgar,income_statement,us-gaap:RevenueFromContractWithCustomerExcludingAssessedTax,,revenuefromcontractwithcustomerexcludingassessedtax,Net sales,72559000000,72559000000.0,usd,USD,1.0,duration_2022-09-25_2023-09-30,reported,duration,2022-09-25,2023-09-30,,2024,FY,2025-10-31,10-K,0000320193-25-000079,edgar:0000320193-25-000079:f-1076,c-163,http://www.apple.com/role/CONSOLIDATEDSTATEMENTSOFOPERATIONS,"{""balance"": ""credit"", ""cik"": ""0000320193"", ""context_ref"": ""c-163"", ""period_key"": ""duration_2022-09-25_2023-09-30"", ""preferred_sign"": 1.0, ""statement_role"": ""http://www.apple.com/role/CONSOLIDATEDSTATEMENTSOFOPERATIONS"", ""statement_type"": ""IncomeStatement"", ""weight"": 1.0}","{""srt_ConsolidationItemsAxis"": ""us-gaap:OperatingSegmentsMember"", ""us-gaap_StatementBusinessSegmentsAxis"": ""aapl:GreaterChinaSegmentMember""}",False,,edgar_xbrl
f-1077,b230ab68b3586068a64d82d29ce305980afb27f09031ef5178733dc5e9d7e192,AAPL,edgar,income_statement,us-gaap:RevenueFromContractWithCustomerExcludingAssessedTax,,revenuefromcontractwithcustomerexcludingassessedtax,Net sales,24257000000,24257000000.0,usd,USD,1.0,duration_2022-09-25_2023-09-30,reported,duration,2022-09-25,2023-09-30,,2024,FY,2025-10-31,10-K,0000320193-25-000079,edgar:0000320193-25-000079:f-1077,c-164,http://www.apple.com/role/CONSOLIDATEDSTATEMENTSOFOPERATIONS,"{""balance"": ""credit"", ""cik"": ""0000320193"", ""context_ref"": ""c-164"", ""period_key"": ""duration_2022-09-25_2023-09-30"", ""preferred_sign"": 1.0, ""statement_role"": ""http://www.apple.com/role/CONSOLIDATEDSTATEMENTSOFOPERATIONS"", ""statement_type"": ""IncomeStatement"", ""weight"": 1.0}","{""srt_ConsolidationItemsAxis"": ""us-gaap:OperatingSegmentsMember"", ""us-gaap_StatementBusinessSegmentsAxis"": ""aapl:JapanSegmentMember""}",False,,edgar_xbrl
f-1078,eadbf58087a4e0d081c2c5c5f26a433a50ef6020ce082cb5690eb775967f29c1,AAPL,edgar,income_statement,us-gaap:RevenueFromContractWithCustomerExcludingAssessedTax,,revenuefromcontractwithcustomerexcludingassessedtax,Net sales,29615000000,29615000000.0,usd,USD,1.0,duration_2022-09-25_2023-09-30,reported,duration,2022-09-25,2023-09-30,,2024,FY,2025-10-31,10-K,0000320193-25-000079,edgar:0000320193-25-000079:f-1078,c-165,http://www.apple.com/role/CONSOLIDATEDSTATEMENTSOFOPERATIONS,"{""balance"": ""credit"", ""cik"": ""0000320193"", ""context_ref"": ""c-165"", ""period_key"": ""duration_2022-09-25_2023-09-30"", ""preferred_sign"": 1.0, ""statement_role"": ""http://www.apple.com/role/CONSOLIDATEDSTATEMENTSOFOPERATIONS"", ""statement_type"": ""IncomeStatement"", ""weight"": 1.0}","{""srt_ConsolidationItemsAxis"": ""us-gaap:OperatingSegmentsMember"", ""us-gaap_StatementBusinessSegmentsAxis"": ""aapl:RestOfAsiaPacificSegmentMember""}",False,,edgar_xbrl
f-1080,e70ff5dbfbccc5a47a34545fb823a14ace72a98144964bd035a833967662e9a9,AAPL,edgar,income_statement,us-gaap:CostOfGoodsAndServicesSold,,costofgoodsandservicessold,Cost of sales,92394000000,92394000000.0,usd,USD,1.0,duration_2022-09-25_2023-09-30,reported,duration,2022-09-25,2023-09-30,,2024,FY,2025-10-31,10-K,0000320193-25-000079,edgar:0000320193-25-000079:f-1080,c-161,http://www.apple.com/role/CONSOLIDATEDSTATEMENTSOFOPERATIONS,"{""balance"": ""debit"", ""cik"": ""0000320193"", ""context_ref"": ""c-161"", ""period_key"": ""duration_2022-09-25_2023-09-30"", ""preferred_sign"": 1.0, ""statement_role"": ""http://www.apple.com/role/CONSOLIDATEDSTATEMENTSOFOPERATIONS"", ""statement_type"": ""IncomeStatement"", ""weight"": -1.0}","{""srt_ConsolidationItemsAxis"": ""us-gaap:OperatingSegmentsMember"", ""us-gaap_StatementBusinessSegmentsAxis"": ""aapl:AmericasSegmentMember""}",False,,edgar_xbrl
f-1081,4c88e29e1c0ae7edd2a710691fdc746da25d8b8125daddbff63b9d3937b56fa2,AAPL,edgar,income_statement,us-gaap:CostOfGoodsAndServicesSold,,costofgoodsandservicessold,Cost of sales,54101000000,54101000000.0,usd,USD,1.0,duration_2022-09-25_2023-09-30,reported,duration,2022-09-25,2023-09-30,,2024,FY,2025-10-31,10-K,0000320193-25-000079,edgar:0000320193-25-000079:f-1081,c-162,http://www.apple.com/role/CONSOLIDATEDSTATEMENTSOFOPERATIONS,"{""balance"": ""debit"", ""cik"": ""0000320193"", ""context_ref"": ""c-162"", ""period_key"": ""duration_2022-09-25_2023-09-30"", ""preferred_sign"": 1.0, ""statement_role"": ""http://www.apple.com/role/CONSOLIDATEDSTATEMENTSOFOPERATIONS"", ""statement_type"": ""IncomeStatement"", ""weight"": -1.0}","{""srt_ConsolidationItemsAxis"": ""us-gaap:OperatingSegmentsMember"", ""us-gaap_StatementBusinessSegmentsAxis"": ""aapl:EuropeSegmentMember""}",False,,edgar_xbrl
f-1082,ed4ad589d2c56145ee367b7cd587b1b77a84dab9b5b6da046bb661d425bee7a5,AAPL,edgar,income_statement,us-gaap:CostOfGoodsAndServicesSold,,costofgoodsandservicessold,Cost of sales,39787000000,39787000000.0,usd,USD,1.0,duration_2022-09-25_2023-09-30,reported,duration,2022-09-25,2023-09-30,,2024,FY,2025-10-31,10-K,0000320193-25-000079,edgar:0000320193-25-000079:f-1082,c-163,http://www.apple.com/role/CONSOLIDATEDSTATEMENTSOFOPERATIONS,"{""balance"": ""debit"", ""cik"": ""0000320193"", ""context_ref"": ""c-163"", ""period_key"": ""duration_2022-09-25_2023-09-30"", ""preferred_sign"": 1.0, ""statement_role"": ""http://www.apple.com/role/CONSOLIDATEDSTATEMENTSOFOPERATIONS"", ""statement_type"": ""IncomeStatement"", ""weight"": -1.0}","{""srt_ConsolidationItemsAxis"": ""us-gaap:OperatingSegmentsMember"", ""us-gaap_StatementBusinessSegmentsAxis"": ""aapl:GreaterChinaSegmentMember""}",False,,edgar_xbrl
f-1083,27fea5973796685601b92ac62525bdfa56ae16a60a99d12f96075391cb0dfba3,AAPL,edgar,income_statement,us-gaap:CostOfGoodsAndServicesSold,,costofgoodsandservicessold,Cost of sales,11542000000,11542000000.0,usd,USD,1.0,duration_2022-09-25_2023-09-30,reported,duration,2022-09-25,2023-09-30,,2024,FY,2025-10-31,10-K,0000320193-25-000079,edgar:0000320193-25-000079:f-1083,c-164,http://www.apple.com/role/CONSOLIDATEDSTATEMENTSOFOPERATIONS,"{""balance"": ""debit"", ""cik"": ""0000320193"", ""context_ref"": ""c-164"", ""period_key"": ""duration_2022-09-25_2023-09-30"", ""preferred_sign"": 1.0, ""statement_role"": ""http://www.apple.com/role/CONSOLIDATEDSTATEMENTSOFOPERATIONS"", ""statement_type"": ""IncomeStatement"", ""weight"": -1.0}","{""srt_ConsolidationItemsAxis"": ""us-gaap:OperatingSegmentsMember"", ""us-gaap_StatementBusinessSegmentsAxis"": ""aapl:JapanSegmentMember""}",False,,edgar_xbrl
f-1084,ebf31a7d06026d13a0a0b43bf26d4d96cfe687efa6ee352f9513e1de34985801,AAPL,edgar,income_statement,us-gaap:CostOfGoodsAndServicesSold,,costofgoodsandservicessold,Cost of sales,16313000000,16313000000.0,usd,USD,1.0,duration_2022-09-25_2023-09-30,reported,duration,2022-09-25,2023-09-30,,2024,FY,2025-10-31,10-K,0000320193-25-000079,edgar:0000320193-25-000079:f-1084,c-165,http://www.apple.com/role/CONSOLIDATEDSTATEMENTSOFOPERATIONS,"{""balance"": ""debit"", ""cik"": ""0000320193"", ""context_ref"": ""c-165"", ""period_key"": ""duration_2022-09-25_2023-09-30"", ""preferred_sign"": 1.0, ""statement_role"": ""http://www.apple.com/role/CONSOLIDATEDSTATEMENTSOFOPERATIONS"", ""statement_type"": ""IncomeStatement"", ""weight"": -1.0}","{""srt_ConsolidationItemsAxis"": ""us-gaap:OperatingSegmentsMember"", ""us-gaap_StatementBusinessSegmentsAxis"": ""aapl:RestOfAsiaPacificSegmentMember""}",False,,edgar_xbrl
f-89,82a9b56597adb02d56d17c84e16102cd919d5bc16cc20397dbc492aa60e33e93,AAPL,edgar,income_statement,us-gaap:CostOfGoodsAndServicesSold,,costofgoodsandservicessold,Cost of sales,214137000000,214137000000.0,usd,USD,1.0,duration_2022-09-25_2023-09-30,reported,duration,2022-09-25,2023-09-30,,2024,FY,2025-10-31,10-K,0000320193-25-000079,edgar:0000320193-25-000079:f-89,c-19,http://www.apple.com/role/CONSOLIDATEDSTATEMENTSOFOPERATIONS,"{""balance"": ""debit"", ""cik"": ""0000320193"", ""context_ref"": ""c-19"", ""period_key"": ""duration_2022-09-25_2023-09-30"", ""preferred_sign"": 1.0, ""statement_role"": ""http://www.apple.com/role/CONSOLIDATEDSTATEMENTSOFOPERATIONS"", ""statement_type"": ""IncomeStatement"", ""weight"": -1.0}",{},False,,edgar_xbrl
f-1086,e0b1964cc269393e3507bdd6c18a2ce2e76a5124ae294366f41e8cf4c6a134d6,AAPL,edgar,income_statement,us-gaap:ResearchAndDevelopmentExpense,ResearchAndDevelopmentExpenses,researchanddevelopmentexpenses,Research and development,29915000000,29915000000.0,usd,USD,1.0,duration_2022-09-25_2023-09-30,reported,duration,2022-09-25,2023-09-30,,2024,FY,2025-10-31,10-K,0000320193-25-000079,edgar:0000320193-25-000079:f-1086,c-166,http://www.apple.com/role/CONSOLIDATEDSTATEMENTSOFOPERATIONS,"{""balance"": ""debit"", ""cik"": ""0000320193"", ""context_ref"": ""c-166"", ""period_key"": ""duration_2022-09-25_2023-09-30"", ""preferred_sign"": 1.0, ""statement_role"": ""http://www.apple.com/role/CONSOLIDATEDSTATEMENTSOFOPERATIONS"", ""statement_type"": ""IncomeStatement"", ""weight"": 1.0}","{""srt_ConsolidationItemsAxis"": ""us-gaap:CorporateNonSegmentMember""}",False,,edgar_xbrl
f-95,2f360e2809985880d9b7cb67dd3ae82908163f97306b724db5aa22a4dfa23409,AAPL,edgar,income_statement,us-gaap:ResearchAndDevelopmentExpense,ResearchAndDevelopmentExpenses,researchanddevelopmentexpenses,Research and development,29915000000,29915000000.0,usd,USD,1.0,duration_2022-09-25_2023-09-30,reported,duration,2022-09-25,2023-09-30,,2024,FY,2025-10-31,10-K,0000320193-25-000079,edgar:0000320193-25-000079:f-95,c-19,http://www.apple.com/role/CONSOLIDATEDSTATEMENTSOFOPERATIONS,"{""balance"": ""debit"", ""cik"": ""0000320193"", ""context_ref"": ""c-19"", ""period_key"": ""duration_2022-09-25_2023-09-30"", ""preferred_sign"": 1.0, ""statement_role"": ""http://www.apple.com/role/CONSOLIDATEDSTATEMENTSOFOPERATIONS"", ""statement_type"": ""IncomeStatement"", ""weight"": 1.0}",{},False,,edgar_xbrl
f-1096,a1a221b04ae3a81a693bc46e260250eabe1f611e08dabc9a8faade1ef6a7ef62,AAPL,edgar,income_statement,us-gaap:OperatingIncomeLoss,OperatingIncomeLoss,operatingincomeloss,Operating income,60508000000,60508000000.0,usd,USD,1.0,duration_2022-09-25_2023-09-30,reported,duration,2022-09-25,2023-09-30,,2024,FY,2025-10-31,10-K,0000320193-25-000079,edgar:0000320193-25-000079:f-1096,c-161,http://www.apple.com/role/CONSOLIDATEDSTATEMENTSOFOPERATIONS,"{""balance"": ""credit"", ""cik"": ""0000320193"", ""context_ref"": ""c-161"", ""period_key"": ""duration_2022-09-25_2023-09-30"", ""preferred_sign"": 1.0, ""statement_role"": ""http://www.apple.com/role/CONSOLIDATEDSTATEMENTSOFOPERATIONS"", ""statement_type"": ""IncomeStatement"", ""weight"": 1.0}","{""srt_ConsolidationItemsAxis"": ""us-gaap:OperatingSegmentsMember"", ""us-gaap_StatementBusinessSegmentsAxis"": ""aapl:AmericasSegmentMember""}",False,,edgar_xbrl
f-1097,d4cc02eb6825dca80e25d9cbbd9e0b73bf4529636301ce841f78cd0dc270dadf,AAPL,edgar,income_statement,us-gaap:OperatingIncomeLoss,OperatingIncomeLoss,operatingincomeloss,Operating income,36098000000,36098000000.0,usd,USD,1.0,duration_2022-09-25_2023-09-30,reported,duration,2022-09-25,2023-09-30,,2024,FY,2025-10-31,10-K,0000320193-25-000079,edgar:0000320193-25-000079:f-1097,c-162,http://www.apple.com/role/CONSOLIDATEDSTATEMENTSOFOPERATIONS,"{""balance"": ""credit"", ""cik"": ""0000320193"", ""context_ref"": ""c-162"", ""period_key"": ""duration_2022-09-25_2023-09-30"", ""preferred_sign"": 1.0, ""statement_role"": ""http://www.apple.com/role/CONSOLIDATEDSTATEMENTSOFOPERATIONS"", ""statement_type"": ""IncomeStatement"", ""weight"": 1.0}","{""srt_ConsolidationItemsAxis"": ""us-gaap:OperatingSegmentsMember"", ""us-gaap_StatementBusinessSegmentsAxis"": ""aapl:EuropeSegmentMember""}",False,,edgar_xbrl
f-1098,767013820a3783cccaed0a058377b52af68c399dee6c148846d82e5ef9c0df25,AAPL,edgar,income_statement,us-gaap:OperatingIncomeLoss,OperatingIncomeLoss,operatingincomeloss,Operating income,30328000000,30328000000.0,usd,USD,1.0,duration_2022-09-25_2023-09-30,reported,duration,2022-09-25,2023-09-30,,2024,FY,2025-10-31,10-K,0000320193-25-000079,edgar:0000320193-25-000079:f-1098,c-163,http://www.apple.com/role/CONSOLIDATEDSTATEMENTSOFOPERATIONS,"{""balance"": ""credit"", ""cik"": ""0000320193"", ""context_ref"": ""c-163"", ""period_key"": ""duration_2022-09-25_2023-09-30"", ""preferred_sign"": 1.0, ""statement_role"": ""http://www.apple.com/role/CONSOLIDATEDSTATEMENTSOFOPERATIONS"", ""statement_type"": ""IncomeStatement"", ""weight"": 1.0}","{""srt_ConsolidationItemsAxis"": ""us-gaap:OperatingSegmentsMember"", ""us-gaap_StatementBusinessSegmentsAxis"": ""aapl:GreaterChinaSegmentMember""}",False,,edgar_xbrl
f-1099,ca6f743cb6322da0c4fb468d9578a3fe5b30d619dca4434ccd551ef123c9c146,AAPL,edgar,income_statement,us-gaap:OperatingIncomeLoss,OperatingIncomeLoss,operatingincomeloss,Operating income,11888000000,11888000000.0,usd,USD,1.0,duration_2022-09-25_2023-09-30,reported,duration,2022-09-25,2023-09-30,,2024,FY,2025-10-31,10-K,0000320193-25-000079,edgar:0000320193-25-000079:f-1099,c-164,http://www.apple.com/role/CONSOLIDATEDSTATEMENTSOFOPERATIONS,"{""balance"": ""credit"", ""cik"": ""0000320193"", ""context_ref"": ""c-164"", ""period_key"": ""duration_2022-09-25_2023-09-30"", ""preferred_sign"": 1.0, ""statement_role"": ""http://www.apple.com/role/CONSOLIDATEDSTATEMENTSOFOPERATIONS"", ""statement_type"": ""IncomeStatement"", ""weight"": 1.0}","{""srt_ConsolidationItemsAxis"": ""us-gaap:OperatingSegmentsMember"", ""us-gaap_StatementBusinessSegmentsAxis"": ""aapl:JapanSegmentMember""}",False,,edgar_xbrl
f-1100,f76bca8e7a51d975f7a683bad8e890dd8e14296fdfe51c6e5ed334c88ef6bb1c,AAPL,edgar,income_statement,us-gaap:OperatingIncomeLoss,OperatingIncomeLoss,operatingincomeloss,Operating income,12066000000,12066000000.0,usd,USD,1.0,duration_2022-09-25_2023-09-30,reported,duration,2022-09-25,2023-09-30,,2024,FY,2025-10-31,10-K,0000320193-25-000079,edgar:0000320193-25-000079:f-1100,c-165,http://www.apple.com/role/CONSOLIDATEDSTATEMENTSOFOPERATIONS,"{""balance"": ""credit"", ""cik"": ""0000320193"", ""context_ref"": ""c-165"", ""period_key"": ""duration_2022-09-25_2023-09-30"", ""preferred_sign"": 1.0, ""statement_role"": ""http://www.apple.com/role/CONSOLIDATEDSTATEMENTSOFOPERATIONS"", ""statement_type"": ""IncomeStatement"", ""weight"": 1.0}","{""srt_ConsolidationItemsAxis"": ""us-gaap:OperatingSegmentsMember"", ""us-gaap_StatementBusinessSegmentsAxis"": ""aapl:RestOfAsiaPacificSegmentMember""}",False,,edgar_xbrl
f-1101,558366c011e35d0095b9ed1cd496268030dc2288fe55d80debede768d482fa0e,AAPL,edgar,income_statement,us-gaap:OperatingIncomeLoss,OperatingIncomeLoss,operatingincomeloss,Operating income,-36587000000,-36587000000.0,usd,USD,1.0,duration_2022-09-25_2023-09-30,reported,duration,2022-09-25,2023-09-30,,2024,FY,2025-10-31,10-K,0000320193-25-000079,edgar:0000320193-25-000079:f-1101,c-166,http://www.apple.com/role/CONSOLIDATEDSTATEMENTSOFOPERATIONS,"{""balance"": ""credit"", ""cik"": ""0000320193"", ""context_ref"": ""c-166"", ""period_key"": ""duration_2022-09-25_2023-09-30"", ""preferred_sign"": 1.0, ""statement_role"": ""http://www.apple.com/role/CONSOLIDATEDSTATEMENTSOFOPERATIONS"", ""statement_type"": ""IncomeStatement"", ""weight"": 1.0}","{""srt_ConsolidationItemsAxis"": ""us-gaap:CorporateNonSegmentMember""}",False,,edgar_xbrl
f-104,d295c8853061afa354af4d5e059bb0c9c8b26831f7a62e6feb91a143167689c9,AAPL,edgar,income_statement,us-gaap:OperatingIncomeLoss,OperatingIncomeLoss,operatingincomeloss,Operating income,114301000000,114301000000.0,usd,USD,1.0,duration_2022-09-25_2023-09-30,reported,duration,2022-09-25,2023-09-30,,2024,FY,2025-10-31,10-K,0000320193-25-000079,edgar:0000320193-25-000079:f-104,c-19,http://www.apple.com/role/CONSOLIDATEDSTATEMENTSOFOPERATIONS,"{""balance"": ""credit"", ""cik"": ""0000320193"", ""context_ref"": ""c-19"", ""period_key"": ""duration_2022-09-25_2023-09-30"", ""preferred_sign"": 1.0, ""statement_role"": ""http://www.apple.com/role/CONSOLIDATEDSTATEMENTSOFOPERATIONS"", ""statement_type"": ""IncomeStatement"", ""weight"": 1.0}",{},False,,edgar_xbrl
f-1104,12875e78232cd5776b2fd21824075d14825b983585456cfc47be481d817d0be8,AAPL,edgar,income_statement,us-gaap:RevenueFromContractWithCustomerExcludingAssessedTax,,revenuefromcontractwithcustomerexcludingassessedtax,Net sales,151790000000,151790000000.0,usd,USD,1.0,duration_2024-09-29_2025-09-27,reported,duration,2024-09-29,2025-09-27,,2025,FY,2025-10-31,10-K,0000320193-25-000079,edgar:0000320193-25-000079:f-1104,c-167,http://www.apple.com/role/CONSOLIDATEDSTATEMENTSOFOPERATIONS,"{""balance"": ""credit"", ""cik"": ""0000320193"", ""context_ref"": ""c-167"", ""period_key"": ""duration_2024-09-29_2025-09-27"", ""preferred_sign"": 1.0, ""statement_role"": ""http://www.apple.com/role/CONSOLIDATEDSTATEMENTSOFOPERATIONS"", ""statement_type"": ""IncomeStatement"", ""weight"": 1.0}","{""srt_StatementGeographicalAxis"": ""country:US""}",False,,edgar_xbrl
f-1105,d1f268401f0411721ac7e6751c3ecd4a32d8d5fff05a3d2fc8a6a946b4b38325,AAPL,edgar,income_statement,us-gaap:RevenueFromContractWithCustomerExcludingAssessedTax,,revenuefromcontractwithcustomerexcludingassessedtax,Net sales,142196000000,142196000000.0,usd,USD,1.0,duration_2023-10-01_2024-09-28,reported,duration,2023-10-01,2024-09-28,,2025,FY,2025-10-31,10-K,0000320193-25-000079,edgar:0000320193-25-000079:f-1105,c-168,http://www.apple.com/role/CONSOLIDATEDSTATEMENTSOFOPERATIONS,"{""balance"": ""credit"", ""cik"": ""0000320193"", ""context_ref"": ""c-168"", ""period_key"": ""duration_2023-10-01_2024-09-28"", ""preferred_sign"": 1.0, ""statement_role"": ""http://www.apple.com/role/CONSOLIDATEDSTATEMENTSOFOPERATIONS"", ""statement_type"": ""IncomeStatement"", ""weight"": 1.0}","{""srt_StatementGeographicalAxis"": ""country:US""}",False,,edgar_xbrl
f-1106,7e7c338f7361cff60ca3011d777223bdb135254ca9f4cf1f5c0979e8149e39b2,AAPL,edgar,income_statement,us-gaap:RevenueFromContractWithCustomerExcludingAssessedTax,,revenuefromcontractwithcustomerexcludingassessedtax,Net sales,138573000000,138573000000.0,usd,USD,1.0,duration_2022-09-25_2023-09-30,reported,duration,2022-09-25,2023-09-30,,2024,FY,2025-10-31,10-K,0000320193-25-000079,edgar:0000320193-25-000079:f-1106,c-169,http://www.apple.com/role/CONSOLIDATEDSTATEMENTSOFOPERATIONS,"{""balance"": ""credit"", ""cik"": ""0000320193"", ""context_ref"": ""c-169"", ""period_key"": ""duration_2022-09-25_2023-09-30"", ""preferred_sign"": 1.0, ""statement_role"": ""http://www.apple.com/role/CONSOLIDATEDSTATEMENTSOFOPERATIONS"", ""statement_type"": ""IncomeStatement"", ""weight"": 1.0}","{""srt_StatementGeographicalAxis"": ""country:US""}",False,,edgar_xbrl
f-1107,24228c7d03ee28e52993951aba21506595bb0cbc988b02dbe89e2bb2dc532493,AAPL,edgar,income_statement,us-gaap:RevenueFromContractWithCustomerExcludingAssessedTax,,revenuefromcontractwithcustomerexcludingassessedtax,Net sales,64377000000,64377000000.0,usd,USD,1.0,duration_2024-09-29_2025-09-27,reported,duration,2024-09-29,2025-09-27,,2025,FY,2025-10-31,10-K,0000320193-25-000079,edgar:0000320193-25-000079:f-1107,c-170,http://www.apple.com/role/CONSOLIDATEDSTATEMENTSOFOPERATIONS,"{""balance"": ""credit"", ""cik"": ""0000320193"", ""context_ref"": ""c-170"", ""period_key"": ""duration_2024-09-29_2025-09-27"", ""preferred_sign"": 1.0, ""statement_role"": ""http://www.apple.com/role/CONSOLIDATEDSTATEMENTSOFOPERATIONS"", ""statement_type"": ""IncomeStatement"", ""weight"": 1.0}","{""srt_StatementGeographicalAxis"": ""country:CN""}",False,,edgar_xbrl
f-1108,d0a169e81ec7683c6879bd6dc01d5e2ce3bfc952954c8ce06a40b17c309f8aa8,AAPL,edgar,income_statement,us-gaap:RevenueFromContractWithCustomerExcludingAssessedTax,,revenuefromcontractwithcustomerexcludingassessedtax,Net sales,66952000000,66952000000.0,usd,USD,1.0,duration_2023-10-01_2024-09-28,reported,duration,2023-10-01,2024-09-28,,2025,FY,2025-10-31,10-K,0000320193-25-000079,edgar:0000320193-25-000079:f-1108,c-171,http://www.apple.com/role/CONSOLIDATEDSTATEMENTSOFOPERATIONS,"{""balance"": ""credit"", ""cik"": ""0000320193"", ""context_ref"": ""c-171"", ""period_key"": ""duration_2023-10-01_2024-09-28"", ""preferred_sign"": 1.0, ""statement_role"": ""http://www.apple.com/role/CONSOLIDATEDSTATEMENTSOFOPERATIONS"", ""statement_type"": ""IncomeStatement"", ""weight"": 1.0}","{""srt_StatementGeographicalAxis"": ""country:CN""}",False,,edgar_xbrl
f-1109,3a0daa4086a541e0595db6aa50209a87d0a4e79e818ad0cba9b8be4c624dd844,AAPL,edgar,income_statement,us-gaap:RevenueFromContractWithCustomerExcludingAssessedTax,,revenuefromcontractwithcustomerexcludingassessedtax,Net sales,72559000000,72559000000.0,usd,USD,1.0,duration_2022-09-25_2023-09-30,reported,duration,2022-09-25,2023-09-30,,2024,FY,2025-10-31,10-K,0000320193-25-000079,edgar:0000320193-25-000079:f-1109,c-172,http://www.apple.com/role/CONSOLIDATEDSTATEMENTSOFOPERATIONS,"{""balance"": ""credit"", ""cik"": ""0000320193"", ""context_ref"": ""c-172"", ""period_key"": ""duration_2022-09-25_2023-09-30"", ""preferred_sign"": 1.0, ""statement_role"": ""http://www.apple.com/role/CONSOLIDATEDSTATEMENTSOFOPERATIONS"", ""statement_type"": ""IncomeStatement"", ""weight"": 1.0}","{""srt_StatementGeographicalAxis"": ""country:CN""}",False,,edgar_xbrl
f-1110,5b195279128d54198f4078f7e0b865565626d1890b0981c7a16e2eac60bb36dd,AAPL,edgar,income_statement,us-gaap:RevenueFromContractWithCustomerExcludingAssessedTax,,revenuefromcontractwithcustomerexcludingassessedtax,Net sales,199994000000,199994000000.0,usd,USD,1.0,duration_2024-09-29_2025-09-27,reported,duration,2024-09-29,2025-09-27,,2025,FY,2025-10-31,10-K,0000320193-25-000079,edgar:0000320193-25-000079:f-1110,c-173,http://www.apple.com/role/CONSOLIDATEDSTATEMENTSOFOPERATIONS,"{""balance"": ""credit"", ""cik"": ""0000320193"", ""context_ref"": ""c-173"", ""period_key"": ""duration_2024-09-29_2025-09-27"", ""preferred_sign"": 1.0, ""statement_role"": ""http://www.apple.com/role/CONSOLIDATEDSTATEMENTSOFOPERATIONS"", ""statement_type"": ""IncomeStatement"", ""weight"": 1.0}","{""srt_StatementGeographicalAxis"": ""aapl:OtherCountriesMember""}",False,,edgar_xbrl
f-1111,90802b4cd0f7ffaf29c98f90e824eb3d400da9c3f82bce1e31f9a3caf96b4578,AAPL,edgar,income_statement,us-gaap:RevenueFromContractWithCustomerExcludingAssessedTax,,revenuefromcontractwithcustomerexcludingassessedtax,Net sales,181887000000,181887000000.0,usd,USD,1.0,duration_2023-10-01_2024-09-28,reported,duration,2023-10-01,2024-09-28,,2025,FY,2025-10-31,10-K,0000320193-25-000079,edgar:0000320193-25-000079:f-1111,c-174,http://www.apple.com/role/CONSOLIDATEDSTATEMENTSOFOPERATIONS,"{""balance"": ""credit"", ""cik"": ""0000320193"", ""context_ref"": ""c-174"", ""period_key"": ""duration_2023-10-01_2024-09-28"", ""preferred_sign"": 1.0, ""statement_role"": ""http://www.apple.com/role/CONSOLIDATEDSTATEMENTSOFOPERATIONS"", ""statement_type"": ""IncomeStatement"", ""weight"": 1.0}","{""srt_StatementGeographicalAxis"": ""aapl:OtherCountriesMember""}",False,,edgar_xbrl
f-1112,7234139d5f3ee358addf7d3a27cf9d6e31e19affdfe0342d7c215bbcb0764cfa,AAPL,edgar,income_statement,us-gaap:RevenueFromContractWithCustomerExcludingAssessedTax,,revenuefromcontractwithcustomerexcludingassessedtax,Net sales,172153000000,172153000000.0,usd,USD,1.0,duration_2022-09-25_2023-09-30,reported,duration,2022-09-25,2023-09-30,,2024,FY,2025-10-31,10-K,0000320193-25-000079,edgar:0000320193-25-000079:f-1112,c-175,http://www.apple.com/role/CONSOLIDATEDSTATEMENTSOFOPERATIONS,"{""balance"": ""credit"", ""cik"": ""0000320193"", ""context_ref"": ""c-175"", ""period_key"": ""duration_2022-09-25_2023-09-30"", ""preferred_sign"": 1.0, ""statement_role"": ""http://www.apple.com/role/CONSOLIDATEDSTATEMENTSOFOPERATIONS"", ""statement_type"": ""IncomeStatement"", ""weight"": 1.0}","{""srt_StatementGeographicalAxis"": ""aapl:OtherCountriesMember""}",False,,edgar_xbrl
f-163,8e05b490e174148dc67df8c940941ca8e673eec72dbe61bf37d3616a9e0a5294,AAPL,edgar,balance_sheet,us-gaap:AccountsReceivableNetCurrent,TradeReceivables,tradereceivables,"Accounts receivable, net",39777000000,39777000000.0,usd,USD,1.0,instant_2025-09-27,reported,instant,,2025-09-27,2025-09-27,2025,,2025-10-31,10-K,0000320193-25-000079,edgar:0000320193-25-000079:f-163,c-20,http://www.apple.com/role/CONSOLIDATEDBALANCESHEETS,"{""balance"": ""debit"", ""cik"": ""0000320193"", ""context_ref"": ""c-20"", ""period_instant"": ""2025-09-27"", ""period_key"": ""instant_2025-09-27"", ""preferred_sign"": 1.0, ""statement_role"": ""http://www.apple.com/role/CONSOLIDATEDBALANCESHEETS"", ""statement_type"": ""BalanceSheet"", ""weight"": 1.0}",{},False,,edgar_xbrl
f-164,0b36722776cd7ccbb36dc1e4e37579a2a231e0f0d6758a8e226f0d82a5853a8b,AAPL,edgar,balance_sheet,us-gaap:AccountsReceivableNetCurrent,TradeReceivables,tradereceivables,"Accounts receivable, net",33410000000,33410000000.0,usd,USD,1.0,instant_2024-09-28,reported,instant,,2024-09-28,2024-09-28,2025,,2025-10-31,10-K,0000320193-25-000079,edgar:0000320193-25-000079:f-164,c-21,http://www.apple.com/role/CONSOLIDATEDBALANCESHEETS,"{""balance"": ""debit"", ""cik"": ""0000320193"", ""context_ref"": ""c-21"", ""period_instant"": ""2024-09-28"", ""period_key"": ""instant_2024-09-28"", ""preferred_sign"": 1.0, ""statement_role"": ""http://www.apple.com/role/CONSOLIDATEDBALANCESHEETS"", ""statement_type"": ""BalanceSheet"", ""weight"": 1.0}",{},False,,edgar_xbrl
f-165,2a740459633127cb9ed94417b2727c6beed28d4c468a8a6454732e7fab9f5d11,AAPL,edgar,balance_sheet,us-gaap:NontradeReceivablesCurrent,OtherNonOperatingCurrentAssets,othernonoperatingcurrentassets,Vendor non-trade receivables,33180000000,33180000000.0,usd,USD,1.0,instant_2025-09-27,reported,instant,,2025-09-27,2025-09-27,2025,,2025-10-31,10-K,0000320193-25-000079,edgar:0000320193-25-000079:f-165,c-20,http://www.apple.com/role/CONSOLIDATEDBALANCESHEETS,"{""cik"": ""0000320193"", ""context_ref"": ""c-20"", ""period_instant"": ""2025-09-27"", ""period_key"": ""instant_2025-09-27"", ""preferred_sign"": 1.0, ""statement_role"": ""http://www.apple.com/role/CONSOLIDATEDBALANCESHEETS"", ""statement_type"": ""BalanceSheet"", ""weight"": 1.0}",{},False,,edgar_xbrl
f-166,c2be403a6331ab9faa3c73291c1b1c444e9191b6974aa4c05251fd078c35163a,AAPL,edgar,balance_sheet,us-gaap:NontradeReceivablesCurrent,OtherNonOperatingCurrentAssets,othernonoperatingcurrentassets,Vendor non-trade receivables,32833000000,32833000000.0,usd,USD,1.0,instant_2024-09-28,reported,instant,,2024-09-28,2024-09-28,2025,,2025-10-31,10-K,0000320193-25-000079,edgar:0000320193-25-000079:f-166,c-21,http://www.apple.com/role/CONSOLIDATEDBALANCESHEETS,"{""cik"": ""0000320193"", ""context_ref"": ""c-21"", ""period_instant"": ""2024-09-28"", ""period_key"": ""instant_2024-09-28"", ""preferred_sign"": 1.0, ""statement_role"": ""http://www.apple.com/role/CONSOLIDATEDBALANCESHEETS"", ""statement_type"": ""BalanceSheet"", ""weight"": 1.0}",{},False,,edgar_xbrl
f-167,525dfe09ac31f325341325aa2d983ab24c50d2729ce82ef90e2bedd9bd5f6a5a,AAPL,edgar,balance_sheet,us-gaap:InventoryNet,Inventories,inventories,Inventories,5718000000,5718000000.0,usd,USD,1.0,instant_2025-09-27,reported,instant,,2025-09-27,2025-09-27,2025,,2025-10-31,10-K,0000320193-25-000079,edgar:0000320193-25-000079:f-167,c-20,http://www.apple.com/role/CONSOLIDATEDBALANCESHEETS,"{""balance"": ""debit"", ""cik"": ""0000320193"", ""context_ref"": ""c-20"", ""period_instant"": ""2025-09-27"", ""period_key"": ""instant_2025-09-27"", ""preferred_sign"": 1.0, ""statement_role"": ""http://www.apple.com/role/CONSOLIDATEDBALANCESHEETS"", ""statement_type"": ""BalanceSheet"", ""weight"": 1.0}",{},False,,edgar_xbrl
f-168,f6de8f8903bd550855775b112b39d665862e349fe1da3bc4a57d6bffa18296f2,AAPL,edgar,balance_sheet,us-gaap:InventoryNet,Inventories,inventories,Inventories,7286000000,7286000000.0,usd,USD,1.0,instant_2024-09-28,reported,instant,,2024-09-28,2024-09-28,2025,,2025-10-31,10-K,0000320193-25-000079,edgar:0000320193-25-000079:f-168,c-21,http://www.apple.com/role/CONSOLIDATEDBALANCESHEETS,"{""balance"": ""debit"", ""cik"": ""0000320193"", ""context_ref"": ""c-21"", ""period_instant"": ""2024-09-28"", ""period_key"": ""instant_2024-09-28"", ""preferred_sign"": 1.0, ""statement_role"": ""http://www.apple.com/role/CONSOLIDATEDBALANCESHEETS"", ""statement_type"": ""BalanceSheet"", ""weight"": 1.0}",{},False,,edgar_xbrl
f-169,a24b73af7f2cc84f9297042216ad34a25622269d3420a2bb6501d8eac419072d,AAPL,edgar,balance_sheet,us-gaap:OtherAssetsCurrent,OtherNonOperatingCurrentAssets,othernonoperatingcurrentassets,Other current assets,14585000000,14585000000.0,usd,USD,1.0,instant_2025-09-27,reported,instant,,2025-09-27,2025-09-27,2025,,2025-10-31,10-K,0000320193-25-000079,edgar:0000320193-25-000079:f-169,c-20,http://www.apple.com/role/CONSOLIDATEDBALANCESHEETS,"{""balance"": ""debit"", ""cik"": ""0000320193"", ""context_ref"": ""c-20"", ""period_instant"": ""2025-09-27"", ""period_key"": ""instant_2025-09-27"", ""preferred_sign"": 1.0, ""statement_role"": ""http://www.apple.com/role/CONSOLIDATEDBALANCESHEETS"", ""statement_type"": ""BalanceSheet"", ""weight"": 1.0}",{},False,,edgar_xbrl
f-170,b7a904c800d9087f987af426e3789ad89ad1165ef6ddbcf498bfd164b3ac72fd,AAPL,edgar,balance_sheet,us-gaap:OtherAssetsCurrent,OtherNonOperatingCurrentAssets,othernonoperatingcurrentassets,Other current assets,14287000000,14287000000.0,usd,USD,1.0,instant_2024-09-28,reported,instant,,2024-09-28,2024-09-28,2025,,2025-10-31,10-K,0000320193-25-000079,edgar:0000320193-25-000079:f-170,c-21,http://www.apple.com/role/CONSOLIDATEDBALANCESHEETS,"{""balance"": ""debit"", ""cik"": ""0000320193"", ""context_ref"": ""c-21"", ""period_instant"": ""2024-09-28"", ""period_key"": ""instant_2024-09-28"", ""preferred_sign"": 1.0, ""statement_role"": ""http://www.apple.com/role/CONSOLIDATEDBALANCESHEETS"", ""statement_type"": ""BalanceSheet"", ""weight"": 1.0}",{},False,,edgar_xbrl
f-171,81d603ba950e93a4b22c64e5012afef19b8881891773667a13182f629ff48c68,AAPL,edgar,balance_sheet,us-gaap:AssetsCurrent,CurrentAssetsTotal,currentassetstotal,Total current assets,147957000000,147957000000.0,usd,USD,1.0,instant_2025-09-27,reported,instant,,2025-09-27,2025-09-27,2025,,2025-10-31,10-K,0000320193-25-000079,edgar:0000320193-25-000079:f-171,c-20,http://www.apple.com/role/CONSOLIDATEDBALANCESHEETS,"{""balance"": ""debit"", ""cik"": ""0000320193"", ""context_ref"": ""c-20"", ""period_instant"": ""2025-09-27"", ""period_key"": ""instant_2025-09-27"", ""preferred_sign"": 1.0, ""statement_role"": ""http://www.apple.com/role/CONSOLIDATEDBALANCESHEETS"", ""statement_type"": ""BalanceSheet"", ""weight"": 1.0}",{},False,,edgar_xbrl
f-172,6ed06dd6fe5e2a73172bfc4cc5d57c85e19c56bd5fd4f2eeac2dca53dcf72c8e,AAPL,edgar,balance_sheet,us-gaap:AssetsCurrent,CurrentAssetsTotal,currentassetstotal,Total current assets,152987000000,152987000000.0,usd,USD,1.0,instant_2024-09-28,reported,instant,,2024-09-28,2024-09-28,2025,,2025-10-31,10-K,0000320193-25-000079,edgar:0000320193-25-000079:f-172,c-21,http://www.apple.com/role/CONSOLIDATEDBALANCESHEETS,"{""balance"": ""debit"", ""cik"": ""0000320193"", ""context_ref"": ""c-21"", ""period_instant"": ""2024-09-28"", ""period_key"": ""instant_2024-09-28"", ""preferred_sign"": 1.0, ""statement_role"": ""http://www.apple.com/role/CONSOLIDATEDBALANCESHEETS"", ""statement_type"": ""BalanceSheet"", ""weight"": 1.0}",{},False,,edgar_xbrl
f-179,7a595074ecec8455e0432ca5fef3657ed159e157ff01d40c56417212ae008776,AAPL,edgar,balance_sheet,us-gaap:AssetsNoncurrent,NonCurrentAssetsTotal,noncurrentassetstotal,Total non-current assets,211284000000,211284000000.0,usd,USD,1.0,instant_2025-09-27,reported,instant,,2025-09-27,2025-09-27,2025,,2025-10-31,10-K,0000320193-25-000079,edgar:0000320193-25-000079:f-179,c-20,http://www.apple.com/role/CONSOLIDATEDBALANCESHEETS,"{""balance"": ""debit"", ""cik"": ""0000320193"", ""context_ref"": ""c-20"", ""period_instant"": ""2025-09-27"", ""period_key"": ""instant_2025-09-27"", ""preferred_sign"": 1.0, ""statement_role"": ""http://www.apple.com/role/CONSOLIDATEDBALANCESHEETS"", ""statement_type"": ""BalanceSheet"", ""weight"": 1.0}",{},False,,edgar_xbrl
f-180,c5673a44e1eee1ca1d07657824aee3e608654bd421a45a782ca48d353b3a2c27,AAPL,edgar,balance_sheet,us-gaap:AssetsNoncurrent,NonCurrentAssetsTotal,noncurrentassetstotal,Total non-current assets,211993000000,211993000000.0,usd,USD,1.0,instant_2024-09-28,reported,instant,,2024-09-28,2024-09-28,2025,,2025-10-31,10-K,0000320193-25-000079,edgar:0000320193-25-000079:f-180,c-21,http://www.apple.com/role/CONSOLIDATEDBALANCESHEETS,"{""balance"": ""debit"", ""cik"": ""0000320193"", ""context_ref"": ""c-21"", ""period_instant"": ""2024-09-28"", ""period_key"": ""instant_2024-09-28"", ""preferred_sign"": 1.0, ""statement_role"": ""http://www.apple.com/role/CONSOLIDATEDBALANCESHEETS"", ""statement_type"": ""BalanceSheet"", ""weight"": 1.0}",{},False,,edgar_xbrl
f-181,9bb13cd73697d7a81784c9b23f49161de7e8683cfe1be00e9c5c0046b3033681,AAPL,edgar,balance_sheet,us-gaap:Assets,Assets,assets,Total assets,359241000000,359241000000.0,usd,USD,1.0,instant_2025-09-27,reported,instant,,2025-09-27,2025-09-27,2025,,2025-10-31,10-K,0000320193-25-000079,edgar:0000320193-25-000079:f-181,c-20,http://www.apple.com/role/CONSOLIDATEDBALANCESHEETS,"{""balance"": ""debit"", ""cik"": ""0000320193"", ""context_ref"": ""c-20"", ""period_instant"": ""2025-09-27"", ""period_key"": ""instant_2025-09-27"", ""preferred_sign"": 1.0, ""statement_role"": ""http://www.apple.com/role/CONSOLIDATEDBALANCESHEETS"", ""statement_type"": ""BalanceSheet"", ""weight"": 1.0}",{},False,,edgar_xbrl
f-182,6a4406b4257b56146c43e7f7c67093067af406d6b7397c74cf3047fde1882243,AAPL,edgar,balance_sheet,us-gaap:Assets,Assets,assets,Total assets,364980000000,364980000000.0,usd,USD,1.0,instant_2024-09-28,reported,instant,,2024-09-28,2024-09-28,2025,,2025-10-31,10-K,0000320193-25-000079,edgar:0000320193-25-000079:f-182,c-21,http://www.apple.com/role/CONSOLIDATEDBALANCESHEETS,"{""balance"": ""debit"", ""cik"": ""0000320193"", ""context_ref"": ""c-21"", ""period_instant"": ""2024-09-28"", ""period_key"": ""instant_2024-09-28"", ""preferred_sign"": 1.0, ""statement_role"": ""http://www.apple.com/role/CONSOLIDATEDBALANCESHEETS"", ""statement_type"": ""BalanceSheet"", ""weight"": 1.0}",{},False,,edgar_xbrl
f-183,a83f7c818fa2c6905e9f64116222d65ffd9a7565471be7c1dff3418920dd4cf2,AAPL,edgar,balance_sheet,us-gaap:AccountsPayableCurrent,TradePayables,tradepayables,Accounts payable,69860000000,69860000000.0,usd,USD,1.0,instant_2025-09-27,reported,instant,,2025-09-27,2025-09-27,2025,,2025-10-31,10-K,0000320193-25-000079,edgar:0000320193-25-000079:f-183,c-20,http://www.apple.com/role/CONSOLIDATEDBALANCESHEETS,"{""balance"": ""credit"", ""cik"": ""0000320193"", ""context_ref"": ""c-20"", ""period_instant"": ""2025-09-27"", ""period_key"": ""instant_2025-09-27"", ""preferred_sign"": 1.0, ""statement_role"": ""http://www.apple.com/role/CONSOLIDATEDBALANCESHEETS"", ""statement_type"": ""BalanceSheet"", ""weight"": 1.0}",{},False,,edgar_xbrl
f-184,95605c95e1b960cc330577fe6693ad9c2f416d5aef89e8d99c507e0dd796a49a,AAPL,edgar,balance_sheet,us-gaap:AccountsPayableCurrent,TradePayables,tradepayables,Accounts payable,68960000000,68960000000.0,usd,USD,1.0,instant_2024-09-28,reported,instant,,2024-09-28,2024-09-28,2025,,2025-10-31,10-K,0000320193-25-000079,edgar:0000320193-25-000079:f-184,c-21,http://www.apple.com/role/CONSOLIDATEDBALANCESHEETS,"{""balance"": ""credit"", ""cik"": ""0000320193"", ""context_ref"": ""c-21"", ""period_instant"": ""2024-09-28"", ""period_key"": ""instant_2024-09-28"", ""preferred_sign"": 1.0, ""statement_role"": ""http://www.apple.com/role/CONSOLIDATEDBALANCESHEETS"", ""statement_type"": ""BalanceSheet"", ""weight"": 1.0}",{},False,,edgar_xbrl
f-187,2beebd64b7bc24a7937eba9a19286f50e89a09f9865a0cb5c129dc92412dbef6,AAPL,edgar,balance_sheet,us-gaap:ContractWithCustomerLiabilityCurrent,OtherOperatingCurrentLiabilities,otheroperatingcurrentliabilities,Deferred revenue,9055000000,9055000000.0,usd,USD,1.0,instant_2025-09-27,reported,instant,,2025-09-27,2025-09-27,2025,,2025-10-31,10-K,0000320193-25-000079,edgar:0000320193-25-000079:f-187,c-20,http://www.apple.com/role/CONSOLIDATEDBALANCESHEETS,"{""balance"": ""credit"", ""cik"": ""0000320193"", ""context_ref"": ""c-20"", ""period_instant"": ""2025-09-27"", ""period_key"": ""instant_2025-09-27"", ""preferred_sign"": 1.0, ""statement_role"": ""http://www.apple.com/role/CONSOLIDATEDBALANCESHEETS"", ""statement_type"": ""BalanceSheet"", ""weight"": 1.0}",{},False,,edgar_xbrl
f-188,9b80431eb54d838a2685ef21be09c56093116f5dbd37b48e3d7c678a4c156c36,AAPL,edgar,balance_sheet,us-gaap:ContractWithCustomerLiabilityCurrent,OtherOperatingCurrentLiabilities,otheroperatingcurrentliabilities,Deferred revenue,8249000000,8249000000.0,usd,USD,1.0,instant_2024-09-28,reported,instant,,2024-09-28,2024-09-28,2025,,2025-10-31,10-K,0000320193-25-000079,edgar:0000320193-25-000079:f-188,c-21,http://www.apple.com/role/CONSOLIDATEDBALANCESHEETS,"{""balance"": ""credit"", ""cik"": ""0000320193"", ""context_ref"": ""c-21"", ""period_instant"": ""2024-09-28"", ""period_key"": ""instant_2024-09-28"", ""preferred_sign"": 1.0, ""statement_role"": ""http://www.apple.com/role/CONSOLIDATEDBALANCESHEETS"", ""statement_type"": ""BalanceSheet"", ""weight"": 1.0}",{},False,,edgar_xbrl
f-189,15a757e08497bb5855a290652241b66c196ca337302a14a8c91672ec75f2bc66,AAPL,edgar,balance_sheet,us-gaap:CommercialPaper,,commercialpaper,Commercial paper,7979000000,7979000000.0,usd,USD,1.0,instant_2025-09-27,reported,instant,,2025-09-27,2025-09-27,2025,,2025-10-31,10-K,0000320193-25-000079,edgar:0000320193-25-000079:f-189,c-20,http://www.apple.com/role/CONSOLIDATEDBALANCESHEETS,"{""balance"": ""credit"", ""cik"": ""0000320193"", ""context_ref"": ""c-20"", ""period_instant"": ""2025-09-27"", ""period_key"": ""instant_2025-09-27"", ""preferred_sign"": 1.0, ""statement_role"": ""http://www.apple.com/role/CONSOLIDATEDBALANCESHEETS"", ""statement_type"": ""BalanceSheet"", ""weight"": 1.0}",{},False,,edgar_xbrl
f-190,2e537b1f48e1b9d555ba568bcdda884537ea8b0ba8e4037e13accc1056d134c0,AAPL,edgar,balance_sheet,us-gaap:CommercialPaper,,commercialpaper,Commercial paper,9967000000,9967000000.0,usd,USD,1.0,instant_2024-09-28,reported,instant,,2024-09-28,2024-09-28,2025,,2025-10-31,10-K,0000320193-25-000079,edgar:0000320193-25-000079:f-190,c-21,http://www.apple.com/role/CONSOLIDATEDBALANCESHEETS,"{""balance"": ""credit"", ""cik"": ""0000320193"", ""context_ref"": ""c-21"", ""period_instant"": ""2024-09-28"", ""period_key"": ""instant_2024-09-28"", ""preferred_sign"": 1.0, ""statement_role"": ""http://www.apple.com/role/CONSOLIDATEDBALANCESHEETS"", ""statement_type"": ""BalanceSheet"", ""weight"": 1.0}",{},False,,edgar_xbrl
f-193,e53ec8b0bd62c79cede250c899276ee5fd3ef4775e8752b57921a83f80bdc23a,AAPL,edgar,balance_sheet,us-gaap:LiabilitiesCurrent,CurrentLiabilitiesTotal,currentliabilitiestotal,Total current liabilities,165631000000,165631000000.0,usd,USD,1.0,instant_2025-09-27,reported,instant,,2025-09-27,2025-09-27,2025,,2025-10-31,10-K,0000320193-25-000079,edgar:0000320193-25-000079:f-193,c-20,http://www.apple.com/role/CONSOLIDATEDBALANCESHEETS,"{""balance"": ""credit"", ""cik"": ""0000320193"", ""context_ref"": ""c-20"", ""period_instant"": ""2025-09-27"", ""period_key"": ""instant_2025-09-27"", ""preferred_sign"": 1.0, ""statement_role"": ""http://www.apple.com/role/CONSOLIDATEDBALANCESHEETS"", ""statement_type"": ""BalanceSheet"", ""weight"": 1.0}",{},False,,edgar_xbrl
f-194,1f0cd2db5f8065cb262ba9cda223a0e738c1fc2d20ceaf8f1c5f96b792561e62,AAPL,edgar,balance_sheet,us-gaap:LiabilitiesCurrent,CurrentLiabilitiesTotal,currentliabilitiestotal,Total current liabilities,176392000000,176392000000.0,usd,USD,1.0,instant_2024-09-28,reported,instant,,2024-09-28,2024-09-28,2025,,2025-10-31,10-K,0000320193-25-000079,edgar:0000320193-25-000079:f-194,c-21,http://www.apple.com/role/CONSOLIDATEDBALANCESHEETS,"{""balance"": ""credit"", ""cik"": ""0000320193"", ""context_ref"": ""c-21"", ""period_instant"": ""2024-09-28"", ""period_key"": ""instant_2024-09-28"", ""preferred_sign"": 1.0, ""statement_role"": ""http://www.apple.com/role/CONSOLIDATEDBALANCESHEETS"", ""statement_type"": ""BalanceSheet"", ""weight"": 1.0}",{},False,,edgar_xbrl
f-197,69eee1097db7608b21cae1eb9068098b336731e45512752ef3565b4c2f1d24c8,AAPL,edgar,balance_sheet,us-gaap:OtherLiabilitiesNoncurrent,OtherNonOperatingNonCurrentLiabilities,othernonoperatingnoncurrentliabilities,Other non-current liabilities,41549000000,41549000000.0,usd,USD,1.0,instant_2025-09-27,reported,instant,,2025-09-27,2025-09-27,2025,,2025-10-31,10-K,0000320193-25-000079,edgar:0000320193-25-000079:f-197,c-20,http://www.apple.com/role/CONSOLIDATEDBALANCESHEETS,"{""balance"": ""credit"", ""cik"": ""0000320193"", ""context_ref"": ""c-20"", ""period_instant"": ""2025-09-27"", ""period_key"": ""instant_2025-09-27"", ""preferred_sign"": 1.0, ""statement_role"": ""http://www.apple.com/role/CONSOLIDATEDBALANCESHEETS"", ""statement_type"": ""BalanceSheet"", ""weight"": 1.0}",{},False,,edgar_xbrl
f-198,109bf1a9d6063bf41c99e3806685b97eb02ebbcc81c2b1a632564db54881e1a4,AAPL,edgar,balance_sheet,us-gaap:OtherLiabilitiesNoncurrent,OtherNonOperatingNonCurrentLiabilities,othernonoperatingnoncurrentliabilities,Other non-current liabilities,45888000000,45888000000.0,usd,USD,1.0,instant_2024-09-28,reported,instant,,2024-09-28,2024-09-28,2025,,2025-10-31,10-K,0000320193-25-000079,edgar:0000320193-25-000079:f-198,c-21,http://www.apple.com/role/CONSOLIDATEDBALANCESHEETS,"{""balance"": ""credit"", ""cik"": ""0000320193"", ""context_ref"": ""c-21"", ""period_instant"": ""2024-09-28"", ""period_key"": ""instant_2024-09-28"", ""preferred_sign"": 1.0, ""statement_role"": ""http://www.apple.com/role/CONSOLIDATEDBALANCESHEETS"", ""statement_type"": ""BalanceSheet"", ""weight"": 1.0}",{},False,,edgar_xbrl
f-199,302d67683e82e0dc3d38a2b59327cb4f81800591dd62fe6bf3456e2d2610b2a6,AAPL,edgar,balance_sheet,us-gaap:LiabilitiesNoncurrent,NonCurrentLiabilitiesTotal,noncurrentliabilitiestotal,Total non-current liabilities,119877000000,119877000000.0,usd,USD,1.0,instant_2025-09-27,reported,instant,,2025-09-27,2025-09-27,2025,,2025-10-31,10-K,0000320193-25-000079,edgar:0000320193-25-000079:f-199,c-20,http://www.apple.com/role/CONSOLIDATEDBALANCESHEETS,"{""balance"": ""credit"", ""cik"": ""0000320193"", ""context_ref"": ""c-20"", ""period_instant"": ""2025-09-27"", ""period_key"": ""instant_2025-09-27"", ""preferred_sign"": 1.0, ""statement_role"": ""http://www.apple.com/role/CONSOLIDATEDBALANCESHEETS"", ""statement_type"": ""BalanceSheet"", ""weight"": 1.0}",{},False,,edgar_xbrl
f-200,3417c43dc2bdfd69fe46b16c51ec449d44263058f7567ea68c63d835b04edc18,AAPL,edgar,balance_sheet,us-gaap:LiabilitiesNoncurrent,NonCurrentLiabilitiesTotal,noncurrentliabilitiestotal,Total non-current liabilities,131638000000,131638000000.0,usd,USD,1.0,instant_2024-09-28,reported,instant,,2024-09-28,2024-09-28,2025,,2025-10-31,10-K,0000320193-25-000079,edgar:0000320193-25-000079:f-200,c-21,http://www.apple.com/role/CONSOLIDATEDBALANCESHEETS,"{""balance"": ""credit"", ""cik"": ""0000320193"", ""context_ref"": ""c-21"", ""period_instant"": ""2024-09-28"", ""period_key"": ""instant_2024-09-28"", ""preferred_sign"": 1.0, ""statement_role"": ""http://www.apple.com/role/CONSOLIDATEDBALANCESHEETS"", ""statement_type"": ""BalanceSheet"", ""weight"": 1.0}",{},False,,edgar_xbrl
f-201,2897c0a41a68fb4546f57ebba63418e63aead521c824b0d7d46ab0c006e5161e,AAPL,edgar,balance_sheet,us-gaap:Liabilities,Liabilities,liabilities,Total liabilities,285508000000,285508000000.0,usd,USD,1.0,instant_2025-09-27,reported,instant,,2025-09-27,2025-09-27,2025,,2025-10-31,10-K,0000320193-25-000079,edgar:0000320193-25-000079:f-201,c-20,http://www.apple.com/role/CONSOLIDATEDBALANCESHEETS,"{""balance"": ""credit"", ""cik"": ""0000320193"", ""context_ref"": ""c-20"", ""period_instant"": ""2025-09-27"", ""period_key"": ""instant_2025-09-27"", ""preferred_sign"": 1.0, ""statement_role"": ""http://www.apple.com/role/CONSOLIDATEDBALANCESHEETS"", ""statement_type"": ""BalanceSheet"", ""weight"": 1.0}",{},False,,edgar_xbrl
f-202,0df27bf4076b28ffad85a0813ceb2a6a7cbbc3dc2d4f4d76848e21c9ff3f4680,AAPL,edgar,balance_sheet,us-gaap:Liabilities,Liabilities,liabilities,Total liabilities,308030000000,308030000000.0,usd,USD,1.0,instant_2024-09-28,reported,instant,,2024-09-28,2024-09-28,2025,,2025-10-31,10-K,0000320193-25-000079,edgar:0000320193-25-000079:f-202,c-21,http://www.apple.com/role/CONSOLIDATEDBALANCESHEETS,"{""balance"": ""credit"", ""cik"": ""0000320193"", ""context_ref"": ""c-21"", ""period_instant"": ""2024-09-28"", ""period_key"": ""instant_2024-09-28"", ""preferred_sign"": 1.0, ""statement_role"": ""http://www.apple.com/role/CONSOLIDATEDBALANCESHEETS"", ""statement_type"": ""BalanceSheet"", ""weight"": 1.0}",{},False,,edgar_xbrl
f-209,fcd2289eb0e5703a47eb432cccb6ca07f3a0af268a7910a50ae394de43c50668,AAPL,edgar,balance_sheet,us-gaap:CommonStockSharesIssued,SharesIssued,sharesissued,"Common stock, shares issued (in shares)",14773260000,14773260000.0,shares,,1.0,instant_2025-09-27,reported,instant,,2025-09-27,2025-09-27,2025,,2025-10-31,10-K,0000320193-25-000079,edgar:0000320193-25-000079:f-209,c-20,http://www.apple.com/role/CONSOLIDATEDBALANCESHEETS,"{""balance"": ""credit"", ""cik"": ""0000320193"", ""context_ref"": ""c-20"", ""period_instant"": ""2025-09-27"", ""period_key"": ""instant_2025-09-27"", ""preferred_sign"": 1.0, ""statement_role"": ""http://www.apple.com/role/CONSOLIDATEDBALANCESHEETS"", ""statement_type"": ""BalanceSheet""}",{},False,,edgar_xbrl
f-210,9d648eeb2f715f836c6b0ae48a0c66bb8b6d89d0be31fd465241603604cbaf2e,AAPL,edgar,balance_sheet,us-gaap:CommonStockSharesOutstanding,SharesYearEnd,sharesyearend,"Common stock, shares outstanding (in shares)",14773260000,14773260000.0,shares,,1.0,instant_2025-09-27,reported,instant,,2025-09-27,2025-09-27,2025,,2025-10-31,10-K,0000320193-25-000079,edgar:0000320193-25-000079:f-210,c-20,http://www.apple.com/role/CONSOLIDATEDBALANCESHEETS,"{""balance"": ""credit"", ""cik"": ""0000320193"", ""context_ref"": ""c-20"", ""period_instant"": ""2025-09-27"", ""period_key"": ""instant_2025-09-27"", ""preferred_sign"": 1.0, ""statement_role"": ""http://www.apple.com/role/CONSOLIDATEDBALANCESHEETS"", ""statement_type"": ""BalanceSheet""}",{},False,,edgar_xbrl
f-211,6fc244d66e5f1e173814c57563b0ad5c4650970d3235a0851fa509e21b9f40f6,AAPL,edgar,balance_sheet,us-gaap:CommonStockSharesIssued,SharesIssued,sharesissued,"Common stock, shares issued (in shares)",15116786000,15116786000.0,shares,,1.0,instant_2024-09-28,reported,instant,,2024-09-28,2024-09-28,2025,,2025-10-31,10-K,0000320193-25-000079,edgar:0000320193-25-000079:f-211,c-21,http://www.apple.com/role/CONSOLIDATEDBALANCESHEETS,"{""balance"": ""credit"", ""cik"": ""0000320193"", ""context_ref"": ""c-21"", ""period_instant"": ""2024-09-28"", ""period_key"": ""instant_2024-09-28"", ""preferred_sign"": 1.0, ""statement_role"": ""http://www.apple.com/role/CONSOLIDATEDBALANCESHEETS"", ""statement_type"": ""BalanceSheet""}",{},False,,edgar_xbrl
f-212,2d8f617b86cef56fe758f6465a8fa93dce84d83ae782ad79a8a1966a72afe290,AAPL,edgar,balance_sheet,us-gaap:CommonStockSharesOutstanding,SharesYearEnd,sharesyearend,"Common stock, shares outstanding (in shares)",15116786000,15116786000.0,shares,,1.0,instant_2024-09-28,reported,instant,,2024-09-28,2024-09-28,2025,,2025-10-31,10-K,0000320193-25-000079,edgar:0000320193-25-000079:f-212,c-21,http://www.apple.com/role/CONSOLIDATEDBALANCESHEETS,"{""balance"": ""credit"", ""cik"": ""0000320193"", ""context_ref"": ""c-21"", ""period_instant"": ""2024-09-28"", ""period_key"": ""instant_2024-09-28"", ""preferred_sign"": 1.0, ""statement_role"": ""http://www.apple.com/role/CONSOLIDATEDBALANCESHEETS"", ""statement_type"": ""BalanceSheet""}",{},False,,edgar_xbrl
f-213,d1ed66f3f13b8eb78df5a87415cb44073acd594e5ffd9cf801cff24a25845983,AAPL,edgar,balance_sheet,us-gaap:CommonStocksIncludingAdditionalPaidInCapital,CommonEquity,commonequity,"Common stock and additional paid-in capital, $0.00001 par value: 50,400,000 shares authorized; 14,773,260 and 15,116,786 shares issued and outstanding, respectively",93568000000,93568000000.0,usd,USD,1.0,instant_2025-09-27,reported,instant,,2025-09-27,2025-09-27,2025,,2025-10-31,10-K,0000320193-25-000079,edgar:0000320193-25-000079:f-213,c-20,http://www.apple.com/role/CONSOLIDATEDBALANCESHEETS,"{""cik"": ""0000320193"", ""context_ref"": ""c-20"", ""period_instant"": ""2025-09-27"", ""period_key"": ""instant_2025-09-27"", ""preferred_sign"": 1.0, ""statement_role"": ""http://www.apple.com/role/CONSOLIDATEDBALANCESHEETS"", ""statement_type"": ""BalanceSheet"", ""weight"": 1.0}",{},False,,edgar_xbrl
f-214,cdd18b02600f6eabf672ca5f32083dd51be4e74121b185c49468f3082a4cc3da,AAPL,edgar,balance_sheet,us-gaap:CommonStocksIncludingAdditionalPaidInCapital,CommonEquity,commonequity,"Common stock and additional paid-in capital, $0.00001 par value: 50,400,000 shares authorized; 14,773,260 and 15,116,786 shares issued and outstanding, respectively",83276000000,83276000000.0,usd,USD,1.0,instant_2024-09-28,reported,instant,,2024-09-28,2024-09-28,2025,,2025-10-31,10-K,0000320193-25-000079,edgar:0000320193-25-000079:f-214,c-21,http://www.apple.com/role/CONSOLIDATEDBALANCESHEETS,"{""cik"": ""0000320193"", ""context_ref"": ""c-21"", ""period_instant"": ""2024-09-28"", ""period_key"": ""instant_2024-09-28"", ""preferred_sign"": 1.0, ""statement_role"": ""http://www.apple.com/role/CONSOLIDATEDBALANCESHEETS"", ""statement_type"": ""BalanceSheet"", ""weight"": 1.0}",{},False,,edgar_xbrl
f-215,2e5630119b5ea16675b980de7fcc5d4701e752972eaa0b0e351a97f7bea0595a,AAPL,edgar,balance_sheet,us-gaap:RetainedEarningsAccumulatedDeficit,RetainedEarnings,retainedearnings,Accumulated deficit,-14264000000,-14264000000.0,usd,USD,1.0,instant_2025-09-27,reported,instant,,2025-09-27,2025-09-27,2025,,2025-10-31,10-K,0000320193-25-000079,edgar:0000320193-25-000079:f-215,c-20,http://www.apple.com/role/CONSOLIDATEDBALANCESHEETS,"{""balance"": ""credit"", ""cik"": ""0000320193"", ""context_ref"": ""c-20"", ""period_instant"": ""2025-09-27"", ""period_key"": ""instant_2025-09-27"", ""preferred_sign"": 1.0, ""statement_role"": ""http://www.apple.com/role/CONSOLIDATEDBALANCESHEETS"", ""statement_type"": ""BalanceSheet"", ""weight"": 1.0}",{},False,,edgar_xbrl
f-216,a6bb4442d6ebfbba0a386c1fbdffe2fd07d614a481739041158d65cc73e47443,AAPL,edgar,balance_sheet,us-gaap:RetainedEarningsAccumulatedDeficit,RetainedEarnings,retainedearnings,Accumulated deficit,-19154000000,-19154000000.0,usd,USD,1.0,instant_2024-09-28,reported,instant,,2024-09-28,2024-09-28,2025,,2025-10-31,10-K,0000320193-25-000079,edgar:0000320193-25-000079:f-216,c-21,http://www.apple.com/role/CONSOLIDATEDBALANCESHEETS,"{""balance"": ""credit"", ""cik"": ""0000320193"", ""context_ref"": ""c-21"", ""period_instant"": ""2024-09-28"", ""period_key"": ""instant_2024-09-28"", ""preferred_sign"": 1.0, ""statement_role"": ""http://www.apple.com/role/CONSOLIDATEDBALANCESHEETS"", ""statement_type"": ""BalanceSheet"", ""weight"": 1.0}",{},False,,edgar_xbrl
f-217,9c829d0f7794a2347471223b94209e9ee38d34e5380ba63a58c60dad5ddcde02,AAPL,edgar,balance_sheet,us-gaap:AccumulatedOtherComprehensiveIncomeLossNetOfTax,AccumulatedOtherComprehensiveIncome,accumulatedothercomprehensiveincome,Accumulated other comprehensive loss,-5571000000,-5571000000.0,usd,USD,1.0,instant_2025-09-27,reported,instant,,2025-09-27,2025-09-27,2025,,2025-10-31,10-K,0000320193-25-000079,edgar:0000320193-25-000079:f-217,c-20,http://www.apple.com/role/CONSOLIDATEDBALANCESHEETS,"{""balance"": ""credit"", ""cik"": ""0000320193"", ""context_ref"": ""c-20"", ""period_instant"": ""2025-09-27"", ""period_key"": ""instant_2025-09-27"", ""preferred_sign"": 1.0, ""statement_role"": ""http://www.apple.com/role/CONSOLIDATEDBALANCESHEETS"", ""statement_type"": ""BalanceSheet"", ""weight"": 1.0}",{},False,,edgar_xbrl
f-218,45b6aad53470aac807f701edc22c08917122d2239359e4a3a2559f3e959c0d60,AAPL,edgar,balance_sheet,us-gaap:AccumulatedOtherComprehensiveIncomeLossNetOfTax,AccumulatedOtherComprehensiveIncome,accumulatedothercomprehensiveincome,Accumulated other comprehensive loss,-7172000000,-7172000000.0,usd,USD,1.0,instant_2024-09-28,reported,instant,,2024-09-28,2024-09-28,2025,,2025-10-31,10-K,0000320193-25-000079,edgar:0000320193-25-000079:f-218,c-21,http://www.apple.com/role/CONSOLIDATEDBALANCESHEETS,"{""balance"": ""credit"", ""cik"": ""0000320193"", ""context_ref"": ""c-21"", ""period_instant"": ""2024-09-28"", ""period_key"": ""instant_2024-09-28"", ""preferred_sign"": 1.0, ""statement_role"": ""http://www.apple.com/role/CONSOLIDATEDBALANCESHEETS"", ""statement_type"": ""BalanceSheet"", ""weight"": 1.0}",{},False,,edgar_xbrl
f-221,80958756ec933dada025ab0978bcb593c161fa67f9d44b884a0254e25b73994b,AAPL,edgar,balance_sheet,us-gaap:LiabilitiesAndStockholdersEquity,LiabilitiesAndEquity,liabilitiesandequity,Total liabilities and shareholders’ equity,359241000000,359241000000.0,usd,USD,1.0,instant_2025-09-27,reported,instant,,2025-09-27,2025-09-27,2025,,2025-10-31,10-K,0000320193-25-000079,edgar:0000320193-25-000079:f-221,c-20,http://www.apple.com/role/CONSOLIDATEDBALANCESHEETS,"{""balance"": ""credit"", ""cik"": ""0000320193"", ""context_ref"": ""c-20"", ""period_instant"": ""2025-09-27"", ""period_key"": ""instant_2025-09-27"", ""preferred_sign"": 1.0, ""statement_role"": ""http://www.apple.com/role/CONSOLIDATEDBALANCESHEETS"", ""statement_type"": ""BalanceSheet"", ""weight"": 1.0}",{},False,,edgar_xbrl
f-222,3eee401798830edb317e832a43964946e866647f3947cd96fb0cb5add293aadf,AAPL,edgar,balance_sheet,us-gaap:LiabilitiesAndStockholdersEquity,LiabilitiesAndEquity,liabilitiesandequity,Total liabilities and shareholders’ equity,364980000000,364980000000.0,usd,USD,1.0,instant_2024-09-28,reported,instant,,2024-09-28,2024-09-28,2025,,2025-10-31,10-K,0000320193-25-000079,edgar:0000320193-25-000079:f-222,c-21,http://www.apple.com/role/CONSOLIDATEDBALANCESHEETS,"{""balance"": ""credit"", ""cik"": ""0000320193"", ""context_ref"": ""c-21"", ""period_instant"": ""2024-09-28"", ""period_key"": ""instant_2024-09-28"", ""preferred_sign"": 1.0, ""statement_role"": ""http://www.apple.com/role/CONSOLIDATEDBALANCESHEETS"", ""statement_type"": ""BalanceSheet"", ""weight"": 1.0}",{},False,,edgar_xbrl
f-220,b7bae6877bdd3fee45ff7ac25cd80d6521bfdcd7f61c86178d3aae18f3054d31,AAPL,edgar,balance_sheet,us-gaap:StockholdersEquity,AllEquityBalance,allequitybalance,Total shareholders’ equity,56950000000,56950000000.0,usd,USD,1.0,instant_2024-09-28,reported,instant,,2024-09-28,2024-09-28,2025,,2025-10-31,10-K,0000320193-25-000079,edgar:0000320193-25-000079:f-220,c-21,http://www.apple.com/role/CONSOLIDATEDBALANCESHEETS,"{""balance"": ""credit"", ""cik"": ""0000320193"", ""context_ref"": ""c-21"", ""period_instant"": ""2024-09-28"", ""period_key"": ""instant_2024-09-28"", ""preferred_sign"": 1.0, ""statement_role"": ""http://www.apple.com/role/CONSOLIDATEDBALANCESHEETS"", ""statement_type"": ""BalanceSheet"", ""weight"": 1.0}",{},False,,edgar_xbrl
f-225,c489c600c8c21222788ea7e567e7288fda8c68fc8f0a9ba7931d62ab0c6290c7,AAPL,edgar,balance_sheet,us-gaap:StockholdersEquity,AllEquityBalance,allequitybalance,Total shareholders’ equity,50672000000,50672000000.0,usd,USD,1.0,instant_2022-09-24,reported,instant,,2022-09-24,2022-09-24,2022,,2025-10-31,10-K,0000320193-25-000079,edgar:0000320193-25-000079:f-225,c-23,http://www.apple.com/role/CONSOLIDATEDBALANCESHEETS,"{""balance"": ""credit"", ""cik"": ""0000320193"", ""context_ref"": ""c-23"", ""period_instant"": ""2022-09-24"", ""period_key"": ""instant_2022-09-24"", ""preferred_sign"": 1.0, ""statement_role"": ""http://www.apple.com/role/CONSOLIDATEDBALANCESHEETS"", ""statement_type"": ""BalanceSheet"", ""weight"": 1.0}",{},False,,edgar_xbrl
f-228,e106ac0787c2cb18a917be2d301d07f6ce379797a9953681c4a5531ba3f0be7f,AAPL,edgar,balance_sheet,us-gaap:StockholdersEquity,AllEquityBalance,allequitybalance,Total shareholders’ equity,64849000000,64849000000.0,usd,USD,1.0,instant_2022-09-24,reported,instant,,2022-09-24,2022-09-24,2022,,2025-10-31,10-K,0000320193-25-000079,edgar:0000320193-25-000079:f-228,c-26,http://www.apple.com/role/CONSOLIDATEDBALANCESHEETS,"{""balance"": ""credit"", ""cik"": ""0000320193"", ""context_ref"": ""c-26"", ""period_instant"": ""2022-09-24"", ""period_key"": ""instant_2022-09-24"", ""preferred_sign"": 1.0, ""statement_role"": ""http://www.apple.com/role/CONSOLIDATEDBALANCESHEETS"", ""statement_type"": ""BalanceSheet"", ""weight"": 1.0}","{""us-gaap_StatementEquityComponentsAxis"": ""us-gaap:CommonStockIncludingAdditionalPaidInCapitalMember""}",False,,edgar_xbrl
f-238,19faf18399c358a522ed9a25b95e97690fb6e14038f83fc3b97ea9c085425a79,AAPL,edgar,balance_sheet,us-gaap:StockholdersEquity,AllEquityBalance,allequitybalance,Total shareholders’ equity,93568000000,93568000000.0,usd,USD,1.0,instant_2025-09-27,reported,instant,,2025-09-27,2025-09-27,2025,,2025-10-31,10-K,0000320193-25-000079,edgar:0000320193-25-000079:f-238,c-30,http://www.apple.com/role/CONSOLIDATEDBALANCESHEETS,"{""balance"": ""credit"", ""cik"": ""0000320193"", ""context_ref"": ""c-30"", ""period_instant"": ""2025-09-27"", ""period_key"": ""instant_2025-09-27"", ""preferred_sign"": 1.0, ""statement_role"": ""http://www.apple.com/role/CONSOLIDATEDBALANCESHEETS"", ""statement_type"": ""BalanceSheet"", ""weight"": 1.0}","{""us-gaap_StatementEquityComponentsAxis"": ""us-gaap:CommonStockIncludingAdditionalPaidInCapitalMember""}",False,,edgar_xbrl
f-226,f31412a6d4fecfacdbd69350cefbf99246b9910769ed7cae7222ef2b22011436,AAPL,edgar,balance_sheet,us-gaap:StockholdersEquity,AllEquityBalance,allequitybalance,Total shareholders’ equity,83276000000,83276000000.0,usd,USD,1.0,instant_2024-09-28,reported,instant,,2024-09-28,2024-09-28,2025,,2025-10-31,10-K,0000320193-25-000079,edgar:0000320193-25-000079:f-226,c-24,http://www.apple.com/role/CONSOLIDATEDBALANCESHEETS,"{""balance"": ""credit"", ""cik"": ""0000320193"", ""context_ref"": ""c-24"", ""period_instant"": ""2024-09-28"", ""period_key"": ""instant_2024-09-28"", ""preferred_sign"": 1.0, ""statement_role"": ""http://www.apple.com/role/CONSOLIDATEDBALANCESHEETS"", ""statement_type"": ""BalanceSheet"", ""weight"": 1.0}","{""us-gaap_StatementEquityComponentsAxis"": ""us-gaap:CommonStockIncludingAdditionalPaidInCapitalMember""}",False,,edgar_xbrl
f-227,df793dae5e00538ab468f1ec7fd05d6d994e0f45ceba2a0de84f3bf1262d6ec8,AAPL,edgar,balance_sheet,us-gaap:StockholdersEquity,AllEquityBalance,allequitybalance,Total shareholders’ equity,73812000000,73812000000.0,usd,USD,1.0,instant_2023-09-30,reported,instant,,2023-09-30,2023-09-30,2024,,2025-10-31,10-K,0000320193-25-000079,edgar:0000320193-25-000079:f-227,c-25,http://www.apple.com/role/CONSOLIDATEDBALANCESHEETS,"{""balance"": ""credit"", ""cik"": ""0000320193"", ""context_ref"": ""c-25"", ""period_instant"": ""2023-09-30"", ""period_key"": ""instant_2023-09-30"", ""preferred_sign"": 1.0, ""statement_role"": ""http://www.apple.com/role/CONSOLIDATEDBALANCESHEETS"", ""statement_type"": ""BalanceSheet"", ""weight"": 1.0}","{""us-gaap_StatementEquityComponentsAxis"": ""us-gaap:CommonStockIncludingAdditionalPaidInCapitalMember""}",False,,edgar_xbrl
f-243,b451c028baaed51acdfb00f1b5b9fceed43e95399c5cab88fa08ebcdb6ab9a42,AAPL,edgar,balance_sheet,us-gaap:StockholdersEquity,AllEquityBalance,allequitybalance,Total shareholders’ equity,-3068000000,-3068000000.0,usd,USD,1.0,instant_2022-09-24,reported,instant,,2022-09-24,2022-09-24,2022,,2025-10-31,10-K,0000320193-25-000079,edgar:0000320193-25-000079:f-243,c-33,http://www.apple.com/role/CONSOLIDATEDBALANCESHEETS,"{""balance"": ""credit"", ""cik"": ""0000320193"", ""context_ref"": ""c-33"", ""period_instant"": ""2022-09-24"", ""period_key"": ""instant_2022-09-24"", ""preferred_sign"": 1.0, ""statement_role"": ""http://www.apple.com/role/CONSOLIDATEDBALANCESHEETS"", ""statement_type"": ""BalanceSheet"", ""weight"": 1.0}","{""us-gaap_StatementEquityComponentsAxis"": ""us-gaap:RetainedEarningsMember""}",False,,edgar_xbrl
f-256,1641bf4951190294f5b1aa4aece7dcf8a69982a642b8ecbd5803dd124fd85ab7,AAPL,edgar,balance_sheet,us-gaap:StockholdersEquity,AllEquityBalance,allequitybalance,Total shareholders’ equity,-14264000000,-14264000000.0,usd,USD,1.0,instant_2025-09-27,reported,instant,,2025-09-27,2025-09-27,2025,,2025-10-31,10-K,0000320193-25-000079,edgar:0000320193-25-000079:f-256,c-37,http://www.apple.com/role/CONSOLIDATEDBALANCESHEETS,"{""balance"": ""credit"", ""cik"": ""0000320193"", ""context_ref"": ""c-37"", ""period_instant"": ""2025-09-27"", ""period_key"": ""instant_2025-09-27"", ""preferred_sign"": 1.0, ""statement_role"": ""http://www.apple.com/role/CONSOLIDATEDBALANCESHEETS"", ""statement_type"": ""BalanceSheet"", ""weight"": 1.0}","{""us-gaap_StatementEquityComponentsAxis"": ""us-gaap:RetainedEarningsMember""}",False,,edgar_xbrl
f-241,ecb231df41be9455332ca3dea34e00fd9ac35a6c69c55229eb8562ac23164b83,AAPL,edgar,balance_sheet,us-gaap:StockholdersEquity,AllEquityBalance,allequitybalance,Total shareholders’ equity,-19154000000,-19154000000.0,usd,USD,1.0,instant_2024-09-28,reported,instant,,2024-09-28,2024-09-28,2025,,2025-10-31,10-K,0000320193-25-000079,edgar:0000320193-25-000079:f-241,c-31,http://www.apple.com/role/CONSOLIDATEDBALANCESHEETS,"{""balance"": ""credit"", ""cik"": ""0000320193"", ""context_ref"": ""c-31"", ""period_instant"": ""2024-09-28"", ""period_key"": ""instant_2024-09-28"", ""preferred_sign"": 1.0, ""statement_role"": ""http://www.apple.com/role/CONSOLIDATEDBALANCESHEETS"", ""statement_type"": ""BalanceSheet"", ""weight"": 1.0}","{""us-gaap_StatementEquityComponentsAxis"": ""us-gaap:RetainedEarningsMember""}",False,,edgar_xbrl
f-242,f5204c6f040c7b69a8bae772d395ccf00645258282a0e521342ecbb15dec7216,AAPL,edgar,balance_sheet,us-gaap:StockholdersEquity,AllEquityBalance,allequitybalance,Total shareholders’ equity,-214000000,-214000000.0,usd,USD,1.0,instant_2023-09-30,reported,instant,,2023-09-30,2023-09-30,2024,,2025-10-31,10-K,0000320193-25-000079,edgar:0000320193-25-000079:f-242,c-32,http://www.apple.com/role/CONSOLIDATEDBALANCESHEETS,"{""balance"": ""credit"", ""cik"": ""0000320193"", ""context_ref"": ""c-32"", ""period_instant"": ""2023-09-30"", ""period_key"": ""instant_2023-09-30"", ""preferred_sign"": 1.0, ""statement_role"": ""http://www.apple.com/role/CONSOLIDATEDBALANCESHEETS"", ""statement_type"": ""BalanceSheet"", ""weight"": 1.0}","{""us-gaap_StatementEquityComponentsAxis"": ""us-gaap:RetainedEarningsMember""}",False,,edgar_xbrl
f-261,1894d67381fdf9b65a159b24fbaf7dab3cb03773a8ec2920cd64a6afcb66308e,AAPL,edgar,balance_sheet,us-gaap:StockholdersEquity,AllEquityBalance,allequitybalance,Total shareholders’ equity,-11109000000,-11109000000.0,usd,USD,1.0,instant_2022-09-24,reported,instant,,2022-09-24,2022-09-24,2022,,2025-10-31,10-K,0000320193-25-000079,edgar:0000320193-25-000079:f-261,c-40,http://www.apple.com/role/CONSOLIDATEDBALANCESHEETS,"{""balance"": ""credit"", ""cik"": ""0000320193"", ""context_ref"": ""c-40"", ""period_instant"": ""2022-09-24"", ""period_key"": ""instant_2022-09-24"", ""preferred_sign"": 1.0, ""statement_role"": ""http://www.apple.com/role/CONSOLIDATEDBALANCESHEETS"", ""statement_type"": ""BalanceSheet"", ""weight"": 1.0}","{""us-gaap_StatementEquityComponentsAxis"": ""us-gaap:AccumulatedOtherComprehensiveIncomeMember""}",False,,edgar_xbrl
f-265,7fc89509f1a275cca0410acce0f30ee35e7a2347d745e269e85969769cef5d54,AAPL,edgar,balance_sheet,us-gaap:StockholdersEquity,AllEquityBalance,allequitybalance,Total shareholders’ equity,-5571000000,-5571000000.0,usd,USD,1.0,instant_2025-09-27,reported,instant,,2025-09-27,2025-09-27,2025,,2025-10-31,10-K,0000320193-25-000079,edgar:0000320193-25-000079:f-265,c-44,http://www.apple.com/role/CONSOLIDATEDBALANCESHEETS,"{""balance"": ""credit"", ""cik"": ""0000320193"", ""context_ref"": ""c-44"", ""period_instant"": ""2025-09-27"", ""period_key"": ""instant_2025-09-27"", ""preferred_sign"": 1.0, ""statement_role"": ""http://www.apple.com/role/CONSOLIDATEDBALANCESHEETS"", ""statement_type"": ""BalanceSheet"", ""weight"": 1.0}","{""us-gaap_StatementEquityComponentsAxis"": ""us-gaap:AccumulatedOtherComprehensiveIncomeMember""}",False,,edgar_xbrl
f-259,d19a888ca172311423223335856858c700c84a6262c842d3d62cbbc3c18c6de5,AAPL,edgar,balance_sheet,us-gaap:StockholdersEquity,AllEquityBalance,allequitybalance,Total shareholders’ equity,-7172000000,-7172000000.0,usd,USD,1.0,instant_2024-09-28,reported,instant,,2024-09-28,2024-09-28,2025,,2025-10-31,10-K,0000320193-25-000079,edgar:0000320193-25-000079:f-259,c-38,http://www.apple.com/role/CONSOLIDATEDBALANCESHEETS,"{""balance"": ""credit"", ""cik"": ""0000320193"", ""context_ref"": ""c-38"", ""period_instant"": ""2024-09-28"", ""period_key"": ""instant_2024-09-28"", ""preferred_sign"": 1.0, ""statement_role"": ""http://www.apple.com/role/CONSOLIDATEDBALANCESHEETS"", ""statement_type"": ""BalanceSheet"", ""weight"": 1.0}","{""us-gaap_StatementEquityComponentsAxis"": ""us-gaap:AccumulatedOtherComprehensiveIncomeMember""}",False,,edgar_xbrl
f-260,5fece9cefbf2d6360dc3d57248e7b70c2bdd2c9a2017c958d6bc298078c51a92,AAPL,edgar,balance_sheet,us-gaap:StockholdersEquity,AllEquityBalance,allequitybalance,Total shareholders’ equity,-11452000000,-11452000000.0,usd,USD,1.0,instant_2023-09-30,reported,instant,,2023-09-30,2023-09-30,2024,,2025-10-31,10-K,0000320193-25-000079,edgar:0000320193-25-000079:f-260,c-39,http://www.apple.com/role/CONSOLIDATEDBALANCESHEETS,"{""balance"": ""credit"", ""cik"": ""0000320193"", ""context_ref"": ""c-39"", ""period_instant"": ""2023-09-30"", ""period_key"": ""instant_2023-09-30"", ""preferred_sign"": 1.0, ""statement_role"": ""http://www.apple.com/role/CONSOLIDATEDBALANCESHEETS"", ""statement_type"": ""BalanceSheet"", ""weight"": 1.0}","{""us-gaap_StatementEquityComponentsAxis"": ""us-gaap:AccumulatedOtherComprehensiveIncomeMember""}",False,,edgar_xbrl
f-219,73ee09e9842e811aaf0dc5aa47bb2a4a9adb931d02ab7229fa0a52711e2b9ca5,AAPL,edgar,balance_sheet,us-gaap:StockholdersEquity,AllEquityBalance,allequitybalance,Total shareholders’ equity,73733000000,73733000000.0,usd,USD,1.0,instant_2025-09-27,reported,instant,,2025-09-27,2025-09-27,2025,,2025-10-31,10-K,0000320193-25-000079,edgar:0000320193-25-000079:f-219,c-20,http://www.apple.com/role/CONSOLIDATEDBALANCESHEETS,"{""balance"": ""credit"", ""cik"": ""0000320193"", ""context_ref"": ""c-20"", ""period_instant"": ""2025-09-27"", ""period_key"": ""instant_2025-09-27"", ""preferred_sign"": 1.0, ""statement_role"": ""http://www.apple.com/role/CONSOLIDATEDBALANCESHEETS"", ""statement_type"": ""BalanceSheet"", ""weight"": 1.0}",{},False,,edgar_xbrl
f-224,d50f315c09d0d9f12eda1e3c0773095d5134b338250df3208f0a557c25f7c079,AAPL,edgar,balance_sheet,us-gaap:StockholdersEquity,AllEquityBalance,allequitybalance,Total shareholders’ equity,62146000000,62146000000.0,usd,USD,1.0,instant_2023-09-30,reported,instant,,2023-09-30,2023-09-30,2024,,2025-10-31,10-K,0000320193-25-000079,edgar:0000320193-25-000079:f-224,c-22,http://www.apple.com/role/CONSOLIDATEDBALANCESHEETS,"{""balance"": ""credit"", ""cik"": ""0000320193"", ""context_ref"": ""c-22"", ""period_instant"": ""2023-09-30"", ""period_key"": ""instant_2023-09-30"", ""preferred_sign"": 1.0, ""statement_role"": ""http://www.apple.com/role/CONSOLIDATEDBALANCESHEETS"", ""statement_type"": ""BalanceSheet"", ""weight"": 1.0}",{},False,,edgar_xbrl
f-433,5070c270a4c1ca402722e247c467c35f95883eb98997d516947dc317a65a440e,AAPL,edgar,balance_sheet,us-gaap:CashAndCashEquivalentsAtCarryingValue,CashAndMarketableSecurities,cashandmarketablesecurities,Cash and cash equivalents,28267000000,28267000000.0,usd,USD,1.0,instant_2025-09-27,reported,instant,,2025-09-27,2025-09-27,2025,,2025-10-31,10-K,0000320193-25-000079,edgar:0000320193-25-000079:f-433,c-62,http://www.apple.com/role/CONSOLIDATEDBALANCESHEETS,"{""balance"": ""debit"", ""cik"": ""0000320193"", ""context_ref"": ""c-62"", ""period_instant"": ""2025-09-27"", ""period_key"": ""instant_2025-09-27"", ""preferred_sign"": 1.0, ""statement_role"": ""http://www.apple.com/role/CONSOLIDATEDBALANCESHEETS"", ""statement_type"": ""BalanceSheet"", ""weight"": 1.0}","{""us-gaap_FinancialInstrumentAxis"": ""us-gaap:CashMember""}",False,,edgar_xbrl
f-438,8e10401337eb902f5e572dc3141b5d20cc816fb9dde98030b0ef8e558e6731b0,AAPL,edgar,balance_sheet,us-gaap:CashAndCashEquivalentsAtCarryingValue,CashAndMarketableSecurities,cashandmarketablesecurities,Cash and cash equivalents,5272000000,5272000000.0,usd,USD,1.0,instant_2025-09-27,reported,instant,,2025-09-27,2025-09-27,2025,,2025-10-31,10-K,0000320193-25-000079,edgar:0000320193-25-000079:f-438,c-63,http://www.apple.com/role/CONSOLIDATEDBALANCESHEETS,"{""balance"": ""debit"", ""cik"": ""0000320193"", ""context_ref"": ""c-63"", ""period_instant"": ""2025-09-27"", ""period_key"": ""instant_2025-09-27"", ""preferred_sign"": 1.0, ""statement_role"": ""http://www.apple.com/role/CONSOLIDATEDBALANCESHEETS"", ""statement_type"": ""BalanceSheet"", ""weight"": 1.0}","{""us-gaap_FairValueByFairValueHierarchyLevelAxis"": ""us-gaap:FairValueInputsLevel1Member"", ""us-gaap_FinancialInstrumentAxis"": ""us-gaap:MoneyMarketFundsMember""}",False,,edgar_xbrl
f-439,fd28ab3efb97532f1dd9a0603d4f5fabf4a9ab5a3f028fc4fa070faba132fbc8,AAPL,edgar,balance_sheet,us-gaap:MarketableSecuritiesCurrent,ShortTermInvestments,shortterminvestments,Marketable securities,0,0.0,usd,USD,1.0,instant_2025-09-27,reported,instant,,2025-09-27,2025-09-27,2025,,2025-10-31,10-K,0000320193-25-000079,edgar:0000320193-25-000079:f-439,c-63,http://www.apple.com/role/CONSOLIDATEDBALANCESHEETS,"{""cik"": ""0000320193"", ""context_ref"": ""c-63"", ""period_instant"": ""2025-09-27"", ""period_key"": ""instant_2025-09-27"", ""preferred_sign"": 1.0, ""statement_role"": ""http://www.apple.com/role/CONSOLIDATEDBALANCESHEETS"", ""statement_type"": ""BalanceSheet"", ""weight"": 1.0}","{""us-gaap_FairValueByFairValueHierarchyLevelAxis"": ""us-gaap:FairValueInputsLevel1Member"", ""us-gaap_FinancialInstrumentAxis"": ""us-gaap:MoneyMarketFundsMember""}",False,,edgar_xbrl
f-440,54734a17b254aa7e5f044cb636640a57b8a41a05417ea913ca78f787088794c5,AAPL,edgar,balance_sheet,us-gaap:MarketableSecuritiesNoncurrent,OtherNonOperatingNonCurrentAssets,othernonoperatingnoncurrentassets,Marketable securities,0,0.0,usd,USD,1.0,instant_2025-09-27,reported,instant,,2025-09-27,2025-09-27,2025,,2025-10-31,10-K,0000320193-25-000079,edgar:0000320193-25-000079:f-440,c-63,http://www.apple.com/role/CONSOLIDATEDBALANCESHEETS,"{""cik"": ""0000320193"", ""context_ref"": ""c-63"", ""period_instant"": ""2025-09-27"", ""period_key"": ""instant_2025-09-27"", ""preferred_sign"": 1.0, ""statement_role"": ""http://www.apple.com/role/CONSOLIDATEDBALANCESHEETS"", ""statement_type"": ""BalanceSheet"", ""weight"": 1.0}","{""us-gaap_FairValueByFairValueHierarchyLevelAxis"": ""us-gaap:FairValueInputsLevel1Member"", ""us-gaap_FinancialInstrumentAxis"": ""us-gaap:MoneyMarketFundsMember""}",False,,edgar_xbrl
f-445,9542aebcda6349cb5a9b72ca8397cc8e51527c365a6a0935757461b82524bec7,AAPL,edgar,balance_sheet,us-gaap:CashAndCashEquivalentsAtCarryingValue,CashAndMarketableSecurities,cashandmarketablesecurities,Cash and cash equivalents,0,0.0,usd,USD,1.0,instant_2025-09-27,reported,instant,,2025-09-27,2025-09-27,2025,,2025-10-31,10-K,0000320193-25-000079,edgar:0000320193-25-000079:f-445,c-64,http://www.apple.com/role/CONSOLIDATEDBALANCESHEETS,"{""balance"": ""debit"", ""cik"": ""0000320193"", ""context_ref"": ""c-64"", ""period_instant"": ""2025-09-27"", ""period_key"": ""instant_2025-09-27"", ""preferred_sign"": 1.0, ""statement_role"": ""http://www.apple.com/role/CONSOLIDATEDBALANCESHEETS"", ""statement_type"": ""BalanceSheet"", ""weight"": 1.0}","{""us-gaap_FairValueByFairValueHierarchyLevelAxis"": ""us-gaap:FairValueInputsLevel1Member"", ""us-gaap_FinancialInstrumentAxis"": ""us-gaap:MutualFundMember""}",False,,edgar_xbrl
f-446,1c61ba7c6e61d8e0f8bdf85684476207ecf5503b1b9cccd5e4b8e4d1c78d55c4,AAPL,edgar,balance_sheet,us-gaap:MarketableSecuritiesCurrent,ShortTermInvestments,shortterminvestments,Marketable securities,854000000,854000000.0,usd,USD,1.0,instant_2025-09-27,reported,instant,,2025-09-27,2025-09-27,2025,,2025-10-31,10-K,0000320193-25-000079,edgar:0000320193-25-000079:f-446,c-64,http://www.apple.com/role/CONSOLIDATEDBALANCESHEETS,"{""cik"": ""0000320193"", ""context_ref"": ""c-64"", ""period_instant"": ""2025-09-27"", ""period_key"": ""instant_2025-09-27"", ""preferred_sign"": 1.0, ""statement_role"": ""http://www.apple.com/role/CONSOLIDATEDBALANCESHEETS"", ""statement_type"": ""BalanceSheet"", ""weight"": 1.0}","{""us-gaap_FairValueByFairValueHierarchyLevelAxis"": ""us-gaap:FairValueInputsLevel1Member"", ""us-gaap_FinancialInstrumentAxis"": ""us-gaap:MutualFundMember""}",False,,edgar_xbrl
f-447,66f51824aafdb8f90d2c9fe071a9226fc614393a5a5a18cbaf6df53153f74c7f,AAPL,edgar,balance_sheet,us-gaap:MarketableSecuritiesNoncurrent,OtherNonOperatingNonCurrentAssets,othernonoperatingnoncurrentassets,Marketable securities,0,0.0,usd,USD,1.0,instant_2025-09-27,reported,instant,,2025-09-27,2025-09-27,2025,,2025-10-31,10-K,0000320193-25-000079,edgar:0000320193-25-000079:f-447,c-64,http://www.apple.com/role/CONSOLIDATEDBALANCESHEETS,"{""cik"": ""0000320193"", ""context_ref"": ""c-64"", ""period_instant"": ""2025-09-27"", ""period_key"": ""instant_2025-09-27"", ""preferred_sign"": 1.0, ""statement_role"": ""http://www.apple.com/role/CONSOLIDATEDBALANCESHEETS"", ""statement_type"": ""BalanceSheet"", ""weight"": 1.0}","{""us-gaap_FairValueByFairValueHierarchyLevelAxis"": ""us-gaap:FairValueInputsLevel1Member"", ""us-gaap_FinancialInstrumentAxis"": ""us-gaap:MutualFundMember""}",False,,edgar_xbrl
f-452,7f089f66c376652505628cff98197b96be5d1e499d936135525df2f97d4e3ad4,AAPL,edgar,balance_sheet,us-gaap:CashAndCashEquivalentsAtCarryingValue,CashAndMarketableSecurities,cashandmarketablesecurities,Cash and cash equivalents,5272000000,5272000000.0,usd,USD,1.0,instant_2025-09-27,reported,instant,,2025-09-27,2025-09-27,2025,,2025-10-31,10-K,0000320193-25-000079,edgar:0000320193-25-000079:f-452,c-65,http://www.apple.com/role/CONSOLIDATEDBALANCESHEETS,"{""balance"": ""debit"", ""cik"": ""0000320193"", ""context_ref"": ""c-65"", ""period_instant"": ""2025-09-27"", ""period_key"": ""instant_2025-09-27"", ""preferred_sign"": 1.0, ""statement_role"": ""http://www.apple.com/role/CONSOLIDATEDBALANCESHEETS"", ""statement_type"": ""BalanceSheet"", ""weight"": 1.0}","{""us-gaap_FairValueByFairValueHierarchyLevelAxis"": ""us-gaap:FairValueInputsLevel1Member""}",False,,edgar_xbrl
f-453,caca400520b7ff632687199e07e304c5250b8c760a82311576cbf81ef2d1e20e,AAPL,edgar,balance_sheet,us-gaap:MarketableSecuritiesCurrent,ShortTermInvestments,shortterminvestments,Marketable securities,854000000,854000000.0,usd,USD,1.0,instant_2025-09-27,reported,instant,,2025-09-27,2025-09-27,2025,,2025-10-31,10-K,0000320193-25-000079,edgar:0000320193-25-000079:f-453,c-65,http://www.apple.com/role/CONSOLIDATEDBALANCESHEETS,"{""cik"": ""0000320193"", ""context_ref"": ""c-65"", ""period_instant"": ""2025-09-27"", ""period_key"": ""instant_2025-09-27"", ""preferred_sign"": 1.0, ""statement_role"": ""http://www.apple.com/role/CONSOLIDATEDBALANCESHEETS"", ""statement_type"": ""BalanceSheet"", ""weight"": 1.0}","{""us-gaap_FairValueByFairValueHierarchyLevelAxis"": ""us-gaap:FairValueInputsLevel1Member""}",False,,edgar_xbrl
f-454,a62584e235d19063d2b5d930d73ebf90de261bc0d1dbf0d8f320e2c0398f9e17,AAPL,edgar,balance_sheet,us-gaap:MarketableSecuritiesNoncurrent,OtherNonOperatingNonCurrentAssets,othernonoperatingnoncurrentassets,Marketable securities,0,0.0,usd,USD,1.0,instant_2025-09-27,reported,instant,,2025-09-27,2025-09-27,2025,,2025-10-31,10-K,0000320193-25-000079,edgar:0000320193-25-000079:f-454,c-65,http://www.apple.com/role/CONSOLIDATEDBALANCESHEETS,"{""cik"": ""0000320193"", ""context_ref"": ""c-65"", ""period_instant"": ""2025-09-27"", ""period_key"": ""instant_2025-09-27"", ""preferred_sign"": 1.0, ""statement_role"": ""http://www.apple.com/role/CONSOLIDATEDBALANCESHEETS"", ""statement_type"": ""BalanceSheet"", ""weight"": 1.0}","{""us-gaap_FairValueByFairValueHierarchyLevelAxis"": ""us-gaap:FairValueInputsLevel1Member""}",False,,edgar_xbrl
f-459,60b79b54535940d5538ae61f519e30c4b0f234ee27b4f02bfc6c732c67fab948,AAPL,edgar,balance_sheet,us-gaap:CashAndCashEquivalentsAtCarryingValue,CashAndMarketableSecurities,cashandmarketablesecurities,Cash and cash equivalents,1190000000,1190000000.0,usd,USD,1.0,instant_2025-09-27,reported,instant,,2025-09-27,2025-09-27,2025,,2025-10-31,10-K,0000320193-25-000079,edgar:0000320193-25-000079:f-459,c-66,http://www.apple.com/role/CONSOLIDATEDBALANCESHEETS,"{""balance"": ""debit"", ""cik"": ""0000320193"", ""context_ref"": ""c-66"", ""period_instant"": ""2025-09-27"", ""period_key"": ""instant_2025-09-27"", ""preferred_sign"": 1.0, ""statement_role"": ""http://www.apple.com/role/CONSOLIDATEDBALANCESHEETS"", ""statement_type"": ""BalanceSheet"", ""weight"": 1.0}","{""us-gaap_FairValueByFairValueHierarchyLevelAxis"": ""us-gaap:FairValueInputsLevel2Member"", ""us-gaap_FinancialInstrumentAxis"": ""us-gaap:USTreasurySecuritiesMember""}",False,,edgar_xbrl
f-460,f0b1e0cba5ad51683bbf21ec2b4b992826968606555df0b9719aa9389b1202b7,AAPL,edgar,balance_sheet,us-gaap:MarketableSecuritiesCurrent,ShortTermInvestments,shortterminvestments,Marketable securities,3712000000,3712000000.0,usd,USD,1.0,instant_2025-09-27,reported,instant,,2025-09-27,2025-09-27,2025,,2025-10-31,10-K,0000320193-25-000079,edgar:0000320193-25-000079:f-460,c-66,http://www.apple.com/role/CONSOLIDATEDBALANCESHEETS,"{""cik"": ""0000320193"", ""context_ref"": ""c-66"", ""period_instant"": ""2025-09-27"", ""period_key"": ""instant_2025-09-27"", ""preferred_sign"": 1.0, ""statement_role"": ""http://www.apple.com/role/CONSOLIDATEDBALANCESHEETS"", ""statement_type"": ""BalanceSheet"", ""weight"": 1.0}","{""us-gaap_FairValueByFairValueHierarchyLevelAxis"": ""us-gaap:FairValueInputsLevel2Member"", ""us-gaap_FinancialInstrumentAxis"": ""us-gaap:USTreasurySecuritiesMember""}",False,,edgar_xbrl
f-461,8538154f5175e8c3562f97161b5f9074414e4c6e38f18b134c038cb4ecb33b82,AAPL,edgar,balance_sheet,us-gaap:MarketableSecuritiesNoncurrent,OtherNonOperatingNonCurrentAssets,othernonoperatingnoncurrentassets,Marketable securities,10946000000,10946000000.0,usd,USD,1.0,instant_2025-09-27,reported,instant,,2025-09-27,2025-09-27,2025,,2025-10-31,10-K,0000320193-25-000079,edgar:0000320193-25-000079:f-461,c-66,http://www.apple.com/role/CONSOLIDATEDBALANCESHEETS,"{""cik"": ""0000320193"", ""context_ref"": ""c-66"", ""period_instant"": ""2025-09-27"", ""period_key"": ""instant_2025-09-27"", ""preferred_sign"": 1.0, ""statement_role"": ""http://www.apple.com/role/CONSOLIDATEDBALANCESHEETS"", ""statement_type"": ""BalanceSheet"", ""weight"": 1.0}","{""us-gaap_FairValueByFairValueHierarchyLevelAxis"": ""us-gaap:FairValueInputsLevel2Member"", ""us-gaap_FinancialInstrumentAxis"": ""us-gaap:USTreasurySecuritiesMember""}",False,,edgar_xbrl
f-466,3b066e316e96f970021ed9523eb95334aa6910e9f8be034df3054374b7a57adf,AAPL,edgar,balance_sheet,us-gaap:CashAndCashEquivalentsAtCarryingValue,CashAndMarketableSecurities,cashandmarketablesecurities,Cash and cash equivalents,251000000,251000000.0,usd,USD,1.0,instant_2025-09-27,reported,instant,,2025-09-27,2025-09-27,2025,,2025-10-31,10-K,0000320193-25-000079,edgar:0000320193-25-000079:f-466,c-67,http://www.apple.com/role/CONSOLIDATEDBALANCESHEETS,"{""balance"": ""debit"", ""cik"": ""0000320193"", ""context_ref"": ""c-67"", ""period_instant"": ""2025-09-27"", ""period_key"": ""instant_2025-09-27"", ""preferred_sign"": 1.0, ""statement_role"": ""http://www.apple.com/role/CONSOLIDATEDBALANCESHEETS"", ""statement_type"": ""BalanceSheet"", ""weight"": 1.0}","{""us-gaap_FairValueByFairValueHierarchyLevelAxis"": ""us-gaap:FairValueInputsLevel2Member"", ""us-gaap_FinancialInstrumentAxis"": ""us-gaap:USGovernmentAgenciesDebtSecuritiesMember""}",False,,edgar_xbrl
f-467,e342109a95e0a22afc7256c05b7672b6527a9ba42749b05e8870bc4832b8688d,AAPL,edgar,balance_sheet,us-gaap:MarketableSecuritiesCurrent,ShortTermInvestments,shortterminvestments,Marketable securities,2456000000,2456000000.0,usd,USD,1.0,instant_2025-09-27,reported,instant,,2025-09-27,2025-09-27,2025,,2025-10-31,10-K,0000320193-25-000079,edgar:0000320193-25-000079:f-467,c-67,http://www.apple.com/role/CONSOLIDATEDBALANCESHEETS,"{""cik"": ""0000320193"", ""context_ref"": ""c-67"", ""period_instant"": ""2025-09-27"", ""period_key"": ""instant_2025-09-27"", ""preferred_sign"": 1.0, ""statement_role"": ""http://www.apple.com/role/CONSOLIDATEDBALANCESHEETS"", ""statement_type"": ""BalanceSheet"", ""weight"": 1.0}","{""us-gaap_FairValueByFairValueHierarchyLevelAxis"": ""us-gaap:FairValueInputsLevel2Member"", ""us-gaap_FinancialInstrumentAxis"": ""us-gaap:USGovernmentAgenciesDebtSecuritiesMember""}",False,,edgar_xbrl
f-468,f46c54a70674a951cf872bece149ee02681c694838b7252c5eadbb9f7bb1cb65,AAPL,edgar,balance_sheet,us-gaap:MarketableSecuritiesNoncurrent,OtherNonOperatingNonCurrentAssets,othernonoperatingnoncurrentassets,Marketable securities,2413000000,2413000000.0,usd,USD,1.0,instant_2025-09-27,reported,instant,,2025-09-27,2025-09-27,2025,,2025-10-31,10-K,0000320193-25-000079,edgar:0000320193-25-000079:f-468,c-67,http://www.apple.com/role/CONSOLIDATEDBALANCESHEETS,"{""cik"": ""0000320193"", ""context_ref"": ""c-67"", ""period_instant"": ""2025-09-27"", ""period_key"": ""instant_2025-09-27"", ""preferred_sign"": 1.0, ""statement_role"": ""http://www.apple.com/role/CONSOLIDATEDBALANCESHEETS"", ""statement_type"": ""BalanceSheet"", ""weight"": 1.0}","{""us-gaap_FairValueByFairValueHierarchyLevelAxis"": ""us-gaap:FairValueInputsLevel2Member"", ""us-gaap_FinancialInstrumentAxis"": ""us-gaap:USGovernmentAgenciesDebtSecuritiesMember""}",False,,edgar_xbrl
f-473,0592c7ccb719b53a8eee2958e7d11dfc2a4ec61471857e881fa9b78ff947d561,AAPL,edgar,balance_sheet,us-gaap:CashAndCashEquivalentsAtCarryingValue,CashAndMarketableSecurities,cashandmarketablesecurities,Cash and cash equivalents,0,0.0,usd,USD,1.0,instant_2025-09-27,reported,instant,,2025-09-27,2025-09-27,2025,,2025-10-31,10-K,0000320193-25-000079,edgar:0000320193-25-000079:f-473,c-68,http://www.apple.com/role/CONSOLIDATEDBALANCESHEETS,"{""balance"": ""debit"", ""cik"": ""0000320193"", ""context_ref"": ""c-68"", ""period_instant"": ""2025-09-27"", ""period_key"": ""instant_2025-09-27"", ""preferred_sign"": 1.0, ""statement_role"": ""http://www.apple.com/role/CONSOLIDATEDBALANCESHEETS"", ""statement_type"": ""BalanceSheet"", ""weight"": 1.0}","{""us-gaap_FairValueByFairValueHierarchyLevelAxis"": ""us-gaap:FairValueInputsLevel2Member"", ""us-gaap_FinancialInstrumentAxis"": ""us-gaap:ForeignGovernmentDebtSecuritiesMember""}",False,,edgar_xbrl
f-474,f24d0a658068b14db06e06e41a3218b5c974a30a8d774caaaff05ec36921d9b1,AAPL,edgar,balance_sheet,us-gaap:MarketableSecuritiesCurrent,ShortTermInvestments,shortterminvestments,Marketable securities,855000000,855000000.0,usd,USD,1.0,instant_2025-09-27,reported,instant,,2025-09-27,2025-09-27,2025,,2025-10-31,10-K,0000320193-25-000079,edgar:0000320193-25-000079:f-474,c-68,http://www.apple.com/role/CONSOLIDATEDBALANCESHEETS,"{""cik"": ""0000320193"", ""context_ref"": ""c-68"", ""period_instant"": ""2025-09-27"", ""period_key"": ""instant_2025-09-27"", ""preferred_sign"": 1.0, ""statement_role"": ""http://www.apple.com/role/CONSOLIDATEDBALANCESHEETS"", ""statement_type"": ""BalanceSheet"", ""weight"": 1.0}","{""us-gaap_FairValueByFairValueHierarchyLevelAxis"": ""us-gaap:FairValueInputsLevel2Member"", ""us-gaap_FinancialInstrumentAxis"": ""us-gaap:ForeignGovernmentDebtSecuritiesMember""}",False,,edgar_xbrl
f-475,ddd655a4cd294ca99f75144c25b67688fb7599b597c86ec20c1a102294ae6960,AAPL,edgar,balance_sheet,us-gaap:MarketableSecuritiesNoncurrent,OtherNonOperatingNonCurrentAssets,othernonoperatingnoncurrentassets,Marketable securities,5418000000,5418000000.0,usd,USD,1.0,instant_2025-09-27,reported,instant,,2025-09-27,2025-09-27,2025,,2025-10-31,10-K,0000320193-25-000079,edgar:0000320193-25-000079:f-475,c-68,http://www.apple.com/role/CONSOLIDATEDBALANCESHEETS,"{""cik"": ""0000320193"", ""context_ref"": ""c-68"", ""period_instant"": ""2025-09-27"", ""period_key"": ""instant_2025-09-27"", ""preferred_sign"": 1.0, ""statement_role"": ""http://www.apple.com/role/CONSOLIDATEDBALANCESHEETS"", ""statement_type"": ""BalanceSheet"", ""weight"": 1.0}","{""us-gaap_FairValueByFairValueHierarchyLevelAxis"": ""us-gaap:FairValueInputsLevel2Member"", ""us-gaap_FinancialInstrumentAxis"": ""us-gaap:ForeignGovernmentDebtSecuritiesMember""}",False,,edgar_xbrl
f-480,896c83c34b2ee0b23e6957faebc916dfb1ea327b3c8b1cc40bae3f209109adb0,AAPL,edgar,balance_sheet,us-gaap:CashAndCashEquivalentsAtCarryingValue,CashAndMarketableSecurities,cashandmarketablesecurities,Cash and cash equivalents,904000000,904000000.0,usd,USD,1.0,instant_2025-09-27,reported,instant,,2025-09-27,2025-09-27,2025,,2025-10-31,10-K,0000320193-25-000079,edgar:0000320193-25-000079:f-480,c-69,http://www.apple.com/role/CONSOLIDATEDBALANCESHEETS,"{""balance"": ""debit"", ""cik"": ""0000320193"", ""context_ref"": ""c-69"", ""period_instant"": ""2025-09-27"", ""period_key"": ""instant_2025-09-27"", ""preferred_sign"": 1.0, ""statement_role"": ""http://www.apple.com/role/CONSOLIDATEDBALANCESHEETS"", ""statement_type"": ""BalanceSheet"", ""weight"": 1.0}","{""us-gaap_FairValueByFairValueHierarchyLevelAxis"": ""us-gaap:FairValueInputsLevel2Member"", ""us-gaap_FinancialInstrumentAxis"": ""us-gaap:BankTimeDepositsMember""}",False,,edgar_xbrl
f-481,412cf09f958159e0a36ce62328b93902df2225200691ea7b9cdeac4da069a8bc,AAPL,edgar,balance_sheet,us-gaap:MarketableSecuritiesCurrent,ShortTermInvestments,shortterminvestments,Marketable securities,0,0.0,usd,USD,1.0,instant_2025-09-27,reported,instant,,2025-09-27,2025-09-27,2025,,2025-10-31,10-K,0000320193-25-000079,edgar:0000320193-25-000079:f-481,c-69,http://www.apple.com/role/CONSOLIDATEDBALANCESHEETS,"{""cik"": ""0000320193"", ""context_ref"": ""c-69"", ""period_instant"": ""2025-09-27"", ""period_key"": ""instant_2025-09-27"", ""preferred_sign"": 1.0, ""statement_role"": ""http://www.apple.com/role/CONSOLIDATEDBALANCESHEETS"", ""statement_type"": ""BalanceSheet"", ""weight"": 1.0}","{""us-gaap_FairValueByFairValueHierarchyLevelAxis"": ""us-gaap:FairValueInputsLevel2Member"", ""us-gaap_FinancialInstrumentAxis"": ""us-gaap:BankTimeDepositsMember""}",False,,edgar_xbrl
f-482,1c1255c4614472fd11f34f50eb7cbda48b67843876d2613cfb0da72ad73894da,AAPL,edgar,balance_sheet,us-gaap:MarketableSecuritiesNoncurrent,OtherNonOperatingNonCurrentAssets,othernonoperatingnoncurrentassets,Marketable securities,13000000,13000000.0,usd,USD,1.0,instant_2025-09-27,reported,instant,,2025-09-27,2025-09-27,2025,,2025-10-31,10-K,0000320193-25-000079,edgar:0000320193-25-000079:f-482,c-69,http://www.apple.com/role/CONSOLIDATEDBALANCESHEETS,"{""cik"": ""0000320193"", ""context_ref"": ""c-69"", ""period_instant"": ""2025-09-27"", ""period_key"": ""instant_2025-09-27"", ""preferred_sign"": 1.0, ""statement_role"": ""http://www.apple.com/role/CONSOLIDATEDBALANCESHEETS"", ""statement_type"": ""BalanceSheet"", ""weight"": 1.0}","{""us-gaap_FairValueByFairValueHierarchyLevelAxis"": ""us-gaap:FairValueInputsLevel2Member"", ""us-gaap_FinancialInstrumentAxis"": ""us-gaap:BankTimeDepositsMember""}",False,,edgar_xbrl
f-487,2e9b77e138bd81e1a82731e8f4570d57e800a49a830a50a0de55fb6c4e76c73d,AAPL,edgar,balance_sheet,us-gaap:CashAndCashEquivalentsAtCarryingValue,CashAndMarketableSecurities,cashandmarketablesecurities,Cash and cash equivalents,50000000,50000000.0,usd,USD,1.0,instant_2025-09-27,reported,instant,,2025-09-27,2025-09-27,2025,,2025-10-31,10-K,0000320193-25-000079,edgar:0000320193-25-000079:f-487,c-70,http://www.apple.com/role/CONSOLIDATEDBALANCESHEETS,"{""balance"": ""debit"", ""cik"": ""0000320193"", ""context_ref"": ""c-70"", ""period_instant"": ""2025-09-27"", ""period_key"": ""instant_2025-09-27"", ""preferred_sign"": 1.0, ""statement_role"": ""http://www.apple.com/role/CONSOLIDATEDBALANCESHEETS"", ""statement_type"": ""BalanceSheet"", ""weight"": 1.0}","{""us-gaap_FairValueByFairValueHierarchyLevelAxis"": ""us-gaap:FairValueInputsLevel2Member"", ""us-gaap_FinancialInstrumentAxis"": ""us-gaap:CommercialPaperMember""}",False,,edgar_xbrl
f-488,5a1b3729e6822cc24689a2026f532978f8da3dfa842ee54655f6648c0cbc9d53,AAPL,edgar,balance_sheet,us-gaap:MarketableSecuritiesCurrent,ShortTermInvestments,shortterminvestments,Marketable securities,50000000,50000000.0,usd,USD,1.0,instant_2025-09-27,reported,instant,,2025-09-27,2025-09-27,2025,,2025-10-31,10-K,0000320193-25-000079,edgar:0000320193-25-000079:f-488,c-70,http://www.apple.com/role/CONSOLIDATEDBALANCESHEETS,"{""cik"": ""0000320193"", ""context_ref"": ""c-70"", ""period_instant"": ""2025-09-27"", ""period_key"": ""instant_2025-09-27"", ""preferred_sign"": 1.0, ""statement_role"": ""http://www.apple.com/role/CONSOLIDATEDBALANCESHEETS"", ""statement_type"": ""BalanceSheet"", ""weight"": 1.0}","{""us-gaap_FairValueByFairValueHierarchyLevelAxis"": ""us-gaap:FairValueInputsLevel2Member"", ""us-gaap_FinancialInstrumentAxis"": ""us-gaap:CommercialPaperMember""}",False,,edgar_xbrl
f-489,8611bbe009c55a82cbc1cc2c88fb8ff8b810b37f8fa6a463587701c49aa7f251,AAPL,edgar,balance_sheet,us-gaap:MarketableSecuritiesNoncurrent,OtherNonOperatingNonCurrentAssets,othernonoperatingnoncurrentassets,Marketable securities,0,0.0,usd,USD,1.0,instant_2025-09-27,reported,instant,,2025-09-27,2025-09-27,2025,,2025-10-31,10-K,0000320193-25-000079,edgar:0000320193-25-000079:f-489,c-70,http://www.apple.com/role/CONSOLIDATEDBALANCESHEETS,"{""cik"": ""0000320193"", ""context_ref"": ""c-70"", ""period_instant"": ""2025-09-27"", ""period_key"": ""instant_2025-09-27"", ""preferred_sign"": 1.0, ""statement_role"": ""http://www.apple.com/role/CONSOLIDATEDBALANCESHEETS"", ""statement_type"": ""BalanceSheet"", ""weight"": 1.0}","{""us-gaap_FairValueByFairValueHierarchyLevelAxis"": ""us-gaap:FairValueInputsLevel2Member"", ""us-gaap_FinancialInstrumentAxis"": ""us-gaap:CommercialPaperMember""}",False,,edgar_xbrl
f-494,56f2d1fd7ee9a7d29f407bc3b28a423ca18940bfd014965dcc998e95ceb7f4be,AAPL,edgar,balance_sheet,us-gaap:CashAndCashEquivalentsAtCarryingValue,CashAndMarketableSecurities,cashandmarketablesecurities,Cash and cash equivalents,0,0.0,usd,USD,1.0,instant_2025-09-27,reported,instant,,2025-09-27,2025-09-27,2025,,2025-10-31,10-K,0000320193-25-000079,edgar:0000320193-25-000079:f-494,c-71,http://www.apple.com/role/CONSOLIDATEDBALANCESHEETS,"{""balance"": ""debit"", ""cik"": ""0000320193"", ""context_ref"": ""c-71"", ""period_instant"": ""2025-09-27"", ""period_key"": ""instant_2025-09-27"", ""preferred_sign"": 1.0, ""statement_role"": ""http://www.apple.com/role/CONSOLIDATEDBALANCESHEETS"", ""statement_type"": ""BalanceSheet"", ""weight"": 1.0}","{""us-gaap_FairValueByFairValueHierarchyLevelAxis"": ""us-gaap:FairValueInputsLevel2Member"", ""us-gaap_FinancialInstrumentAxis"": ""us-gaap:CorporateDebtSecuritiesMember""}",False,,edgar_xbrl
f-495,4cc3b9106dc36d7d237e33881cc48106c5c1f64f5a87442faabbb91c18e49d0a,AAPL,edgar,balance_sheet,us-gaap:MarketableSecuritiesCurrent,ShortTermInvestments,shortterminvestments,Marketable securities,10623000000,10623000000.0,usd,USD,1.0,instant_2025-09-27,reported,instant,,2025-09-27,2025-09-27,2025,,2025-10-31,10-K,0000320193-25-000079,edgar:0000320193-25-000079:f-495,c-71,http://www.apple.com/role/CONSOLIDATEDBALANCESHEETS,"{""cik"": ""0000320193"", ""context_ref"": ""c-71"", ""period_instant"": ""2025-09-27"", ""period_key"": ""instant_2025-09-27"", ""preferred_sign"": 1.0, ""statement_role"": ""http://www.apple.com/role/CONSOLIDATEDBALANCESHEETS"", ""statement_type"": ""BalanceSheet"", ""weight"": 1.0}","{""us-gaap_FairValueByFairValueHierarchyLevelAxis"": ""us-gaap:FairValueInputsLevel2Member"", ""us-gaap_FinancialInstrumentAxis"": ""us-gaap:CorporateDebtSecuritiesMember""}",False,,edgar_xbrl
f-496,2eefaf21e90ccd8f92c47332f2f9164cb76d12c84c755702c3551feac9185541,AAPL,edgar,balance_sheet,us-gaap:MarketableSecuritiesNoncurrent,OtherNonOperatingNonCurrentAssets,othernonoperatingnoncurrentassets,Marketable securities,35937000000,35937000000.0,usd,USD,1.0,instant_2025-09-27,reported,instant,,2025-09-27,2025-09-27,2025,,2025-10-31,10-K,0000320193-25-000079,edgar:0000320193-25-000079:f-496,c-71,http://www.apple.com/role/CONSOLIDATEDBALANCESHEETS,"{""cik"": ""0000320193"", ""context_ref"": ""c-71"", ""period_instant"": ""2025-09-27"", ""period_key"": ""instant_2025-09-27"", ""preferred_sign"": 1.0, ""statement_role"": ""http://www.apple.com/role/CONSOLIDATEDBALANCESHEETS"", ""statement_type"": ""BalanceSheet"", ""weight"": 1.0}","{""us-gaap_FairValueByFairValueHierarchyLevelAxis"": ""us-gaap:FairValueInputsLevel2Member"", ""us-gaap_FinancialInstrumentAxis"": ""us-gaap:CorporateDebtSecuritiesMember""}",False,,edgar_xbrl
f-501,40ed09d1ac6b9cda32fa78158f7a4e753d63845723959b6de77dd609d2b41a46,AAPL,edgar,balance_sheet,us-gaap:CashAndCashEquivalentsAtCarryingValue,CashAndMarketableSecurities,cashandmarketablesecurities,Cash and cash equivalents,0,0.0,usd,USD,1.0,instant_2025-09-27,reported,instant,,2025-09-27,2025-09-27,2025,,2025-10-31,10-K,0000320193-25-000079,edgar:0000320193-25-000079:f-501,c-72,http://www.apple.com/role/CONSOLIDATEDBALANCESHEETS,"{""balance"": ""debit"", ""cik"": ""0000320193"", ""context_ref"": ""c-72"", ""period_instant"": ""2025-09-27"", ""period_key"": ""instant_2025-09-27"", ""preferred_sign"": 1.0, ""statement_role"": ""http://www.apple.com/role/CONSOLIDATEDBALANCESHEETS"", ""statement_type"": ""BalanceSheet"", ""weight"": 1.0}","{""us-gaap_FairValueByFairValueHierarchyLevelAxis"": ""us-gaap:FairValueInputsLevel2Member"", ""us-gaap_FinancialInstrumentAxis"": ""us-gaap:USStatesAndPoliticalSubdivisionsMember""}",False,,edgar_xbrl
f-502,106dfa30e39d9c6cedde7fc4bbe19203e4517a27c32ef054c54f7e21b8f8fb87,AAPL,edgar,balance_sheet,us-gaap:MarketableSecuritiesCurrent,ShortTermInvestments,shortterminvestments,Marketable securities,119000000,119000000.0,usd,USD,1.0,instant_2025-09-27,reported,instant,,2025-09-27,2025-09-27,2025,,2025-10-31,10-K,0000320193-25-000079,edgar:0000320193-25-000079:f-502,c-72,http://www.apple.com/role/CONSOLIDATEDBALANCESHEETS,"{""cik"": ""0000320193"", ""context_ref"": ""c-72"", ""period_instant"": ""2025-09-27"", ""period_key"": ""instant_2025-09-27"", ""preferred_sign"": 1.0, ""statement_role"": ""http://www.apple.com/role/CONSOLIDATEDBALANCESHEETS"", ""statement_type"": ""BalanceSheet"", ""weight"": 1.0}","{""us-gaap_FairValueByFairValueHierarchyLevelAxis"": ""us-gaap:FairValueInputsLevel2Member"", ""us-gaap_FinancialInstrumentAxis"": ""us-gaap:USStatesAndPoliticalSubdivisionsMember""}",False,,edgar_xbrl
f-503,cbe89b2b890c0131a084bf7f0b1d4d203c8648f27b6af5fe7590e8dc574dd2f3,AAPL,edgar,balance_sheet,us-gaap:MarketableSecuritiesNoncurrent,OtherNonOperatingNonCurrentAssets,othernonoperatingnoncurrentassets,Marketable securities,86000000,86000000.0,usd,USD,1.0,instant_2025-09-27,reported,instant,,2025-09-27,2025-09-27,2025,,2025-10-31,10-K,0000320193-25-000079,edgar:0000320193-25-000079:f-503,c-72,http://www.apple.com/role/CONSOLIDATEDBALANCESHEETS,"{""cik"": ""0000320193"", ""context_ref"": ""c-72"", ""period_instant"": ""2025-09-27"", ""period_key"": ""instant_2025-09-27"", ""preferred_sign"": 1.0, ""statement_role"": ""http://www.apple.com/role/CONSOLIDATEDBALANCESHEETS"", ""statement_type"": ""BalanceSheet"", ""weight"": 1.0}","{""us-gaap_FairValueByFairValueHierarchyLevelAxis"": ""us-gaap:FairValueInputsLevel2Member"", ""us-gaap_FinancialInstrumentAxis"": ""us-gaap:USStatesAndPoliticalSubdivisionsMember""}",False,,edgar_xbrl
f-508,a3c3e0d50be286ad5ff4516449400cb7da679ac50e35c68e1cd1ae75c4c70e6a,AAPL,edgar,balance_sheet,us-gaap:CashAndCashEquivalentsAtCarryingValue,CashAndMarketableSecurities,cashandmarketablesecurities,Cash and cash equivalents,0,0.0,usd,USD,1.0,instant_2025-09-27,reported,instant,,2025-09-27,2025-09-27,2025,,2025-10-31,10-K,0000320193-25-000079,edgar:0000320193-25-000079:f-508,c-73,http://www.apple.com/role/CONSOLIDATEDBALANCESHEETS,"{""balance"": ""debit"", ""cik"": ""0000320193"", ""context_ref"": ""c-73"", ""period_instant"": ""2025-09-27"", ""period_key"": ""instant_2025-09-27"", ""preferred_sign"": 1.0, ""statement_role"": ""http://www.apple.com/role/CONSOLIDATEDBALANCESHEETS"", ""statement_type"": ""BalanceSheet"", ""weight"": 1.0}","{""us-gaap_FairValueByFairValueHierarchyLevelAxis"": ""us-gaap:FairValueInputsLevel2Member"", ""us-gaap_FinancialInstrumentAxis"": ""us-gaap:AssetBackedSecuritiesMember""}",False,,edgar_xbrl
f-509,b06f427d1b98fa3ee68b00a95776e1cd1722a3bd8dea64d0269befdf30ed9caf,AAPL,edgar,balance_sheet,us-gaap:MarketableSecuritiesCurrent,ShortTermInvestments,shortterminvestments,Marketable securities,94000000,94000000.0,usd,USD,1.0,instant_2025-09-27,reported,instant,,2025-09-27,2025-09-27,2025,,2025-10-31,10-K,0000320193-25-000079,edgar:0000320193-25-000079:f-509,c-73,http://www.apple.com/role/CONSOLIDATEDBALANCESHEETS,"{""cik"": ""0000320193"", ""context_ref"": ""c-73"", ""period_instant"": ""2025-09-27"", ""period_key"": ""instant_2025-09-27"", ""preferred_sign"": 1.0, ""statement_role"": ""http://www.apple.com/role/CONSOLIDATEDBALANCESHEETS"", ""statement_type"": ""BalanceSheet"", ""weight"": 1.0}","{""us-gaap_FairValueByFairValueHierarchyLevelAxis"": ""us-gaap:FairValueInputsLevel2Member"", ""us-gaap_FinancialInstrumentAxis"": ""us-gaap:AssetBackedSecuritiesMember""}",False,,edgar_xbrl
f-510,92ff616043fd320bfca5c00115daecf8cf046cbbecbead35f9ae3a7ec3017ff1,AAPL,edgar,balance_sheet,us-gaap:MarketableSecuritiesNoncurrent,OtherNonOperatingNonCurrentAssets,othernonoperatingnoncurrentassets,Marketable securities,22910000000,22910000000.0,usd,USD,1.0,instant_2025-09-27,reported,instant,,2025-09-27,2025-09-27,2025,,2025-10-31,10-K,0000320193-25-000079,edgar:0000320193-25-000079:f-510,c-73,http://www.apple.com/role/CONSOLIDATEDBALANCESHEETS,"{""cik"": ""0000320193"", ""context_ref"": ""c-73"", ""period_instant"": ""2025-09-27"", ""period_key"": ""instant_2025-09-27"", ""preferred_sign"": 1.0, ""statement_role"": ""http://www.apple.com/role/CONSOLIDATEDBALANCESHEETS"", ""statement_type"": ""BalanceSheet"", ""weight"": 1.0}","{""us-gaap_FairValueByFairValueHierarchyLevelAxis"": ""us-gaap:FairValueInputsLevel2Member"", ""us-gaap_FinancialInstrumentAxis"": ""us-gaap:AssetBackedSecuritiesMember""}",False,,edgar_xbrl
f-515,bd889c43b9f9c0c85651721369855e57b2981ae8a675ef256d27bdbdf225b90e,AAPL,edgar,balance_sheet,us-gaap:CashAndCashEquivalentsAtCarryingValue,CashAndMarketableSecurities,cashandmarketablesecurities,Cash and cash equivalents,2395000000,2395000000.0,usd,USD,1.0,instant_2025-09-27,reported,instant,,2025-09-27,2025-09-27,2025,,2025-10-31,10-K,0000320193-25-000079,edgar:0000320193-25-000079:f-515,c-74,http://www.apple.com/role/CONSOLIDATEDBALANCESHEETS,"{""balance"": ""debit"", ""cik"": ""0000320193"", ""context_ref"": ""c-74"", ""period_instant"": ""2025-09-27"", ""period_key"": ""instant_2025-09-27"", ""preferred_sign"": 1.0, ""statement_role"": ""http://www.apple.com/role/CONSOLIDATEDBALANCESHEETS"", ""statement_type"": ""BalanceSheet"", ""weight"": 1.0}","{""us-gaap_FairValueByFairValueHierarchyLevelAxis"": ""us-gaap:FairValueInputsLevel2Member""}",False,,edgar_xbrl
f-516,bc961bbc99f3f98c7de62cc8b91b15745dab78c297a8d92a859e71b63c19382e,AAPL,edgar,balance_sheet,us-gaap:MarketableSecuritiesCurrent,ShortTermInvestments,shortterminvestments,Marketable securities,17909000000,17909000000.0,usd,USD,1.0,instant_2025-09-27,reported,instant,,2025-09-27,2025-09-27,2025,,2025-10-31,10-K,0000320193-25-000079,edgar:0000320193-25-000079:f-516,c-74,http://www.apple.com/role/CONSOLIDATEDBALANCESHEETS,"{""cik"": ""0000320193"", ""context_ref"": ""c-74"", ""period_instant"": ""2025-09-27"", ""period_key"": ""instant_2025-09-27"", ""preferred_sign"": 1.0, ""statement_role"": ""http://www.apple.com/role/CONSOLIDATEDBALANCESHEETS"", ""statement_type"": ""BalanceSheet"", ""weight"": 1.0}","{""us-gaap_FairValueByFairValueHierarchyLevelAxis"": ""us-gaap:FairValueInputsLevel2Member""}",False,,edgar_xbrl
f-517,2746bbc0411d696b742bcc354e127957b1d6d30472bf7e9f64ab96f433125c5c,AAPL,edgar,balance_sheet,us-gaap:MarketableSecuritiesNoncurrent,OtherNonOperatingNonCurrentAssets,othernonoperatingnoncurrentassets,Marketable securities,77723000000,77723000000.0,usd,USD,1.0,instant_2025-09-27,reported,instant,,2025-09-27,2025-09-27,2025,,2025-10-31,10-K,0000320193-25-000079,edgar:0000320193-25-000079:f-517,c-74,http://www.apple.com/role/CONSOLIDATEDBALANCESHEETS,"{""cik"": ""0000320193"", ""context_ref"": ""c-74"", ""period_instant"": ""2025-09-27"", ""period_key"": ""instant_2025-09-27"", ""preferred_sign"": 1.0, ""statement_role"": ""http://www.apple.com/role/CONSOLIDATEDBALANCESHEETS"", ""statement_type"": ""BalanceSheet"", ""weight"": 1.0}","{""us-gaap_FairValueByFairValueHierarchyLevelAxis"": ""us-gaap:FairValueInputsLevel2Member""}",False,,edgar_xbrl
f-159,2329961af483b4892c6181080c68e19e92803637284d141e7c6310d5635c7ca2,AAPL,edgar,balance_sheet,us-gaap:CashAndCashEquivalentsAtCarryingValue,CashAndMarketableSecurities,cashandmarketablesecurities,Cash and cash equivalents,35934000000,35934000000.0,usd,USD,1.0,instant_2025-09-27,reported,instant,,2025-09-27,2025-09-27,2025,,2025-10-31,10-K,0000320193-25-000079,edgar:0000320193-25-000079:f-159,c-20,http://www.apple.com/role/CONSOLIDATEDBALANCESHEETS,"{""balance"": ""debit"", ""cik"": ""0000320193"", ""context_ref"": ""c-20"", ""period_instant"": ""2025-09-27"", ""period_key"": ""instant_2025-09-27"", ""preferred_sign"": 1.0, ""statement_role"": ""http://www.apple.com/role/CONSOLIDATEDBALANCESHEETS"", ""statement_type"": ""BalanceSheet"", ""weight"": 1.0}",{},False,,edgar_xbrl
f-161,c8d4f5ceb1841b3935f1191a2cd21d9a54a70f07ed72d0d841e872c8b6459eac,AAPL,edgar,balance_sheet,us-gaap:MarketableSecuritiesCurrent,ShortTermInvestments,shortterminvestments,Marketable securities,18763000000,18763000000.0,usd,USD,1.0,instant_2025-09-27,reported,instant,,2025-09-27,2025-09-27,2025,,2025-10-31,10-K,0000320193-25-000079,edgar:0000320193-25-000079:f-161,c-20,http://www.apple.com/role/CONSOLIDATEDBALANCESHEETS,"{""cik"": ""0000320193"", ""context_ref"": ""c-20"", ""period_instant"": ""2025-09-27"", ""period_key"": ""instant_2025-09-27"", ""preferred_sign"": 1.0, ""statement_role"": ""http://www.apple.com/role/CONSOLIDATEDBALANCESHEETS"", ""statement_type"": ""BalanceSheet"", ""weight"": 1.0}",{},False,,edgar_xbrl
f-173,73b985df5697e171a9107cb0bf77fd459d987fa97eba989f5da97beb1fd1769d,AAPL,edgar,balance_sheet,us-gaap:MarketableSecuritiesNoncurrent,OtherNonOperatingNonCurrentAssets,othernonoperatingnoncurrentassets,Marketable securities,77723000000,77723000000.0,usd,USD,1.0,instant_2025-09-27,reported,instant,,2025-09-27,2025-09-27,2025,,2025-10-31,10-K,0000320193-25-000079,edgar:0000320193-25-000079:f-173,c-20,http://www.apple.com/role/CONSOLIDATEDBALANCESHEETS,"{""cik"": ""0000320193"", ""context_ref"": ""c-20"", ""period_instant"": ""2025-09-27"", ""period_key"": ""instant_2025-09-27"", ""preferred_sign"": 1.0, ""statement_role"": ""http://www.apple.com/role/CONSOLIDATEDBALANCESHEETS"", ""statement_type"": ""BalanceSheet"", ""weight"": 1.0}",{},False,,edgar_xbrl
f-527,e2e2dd95b6c4bdb97bb8e246fb550d5618f0934bedd5e521395d507e8bc35615,AAPL,edgar,balance_sheet,us-gaap:CashAndCashEquivalentsAtCarryingValue,CashAndMarketableSecurities,cashandmarketablesecurities,Cash and cash equivalents,27199000000,27199000000.0,usd,USD,1.0,instant_2024-09-28,reported,instant,,2024-09-28,2024-09-28,2025,,2025-10-31,10-K,0000320193-25-000079,edgar:0000320193-25-000079:f-527,c-75,http://www.apple.com/role/CONSOLIDATEDBALANCESHEETS,"{""balance"": ""debit"", ""cik"": ""0000320193"", ""context_ref"": ""c-75"", ""period_instant"": ""2024-09-28"", ""period_key"": ""instant_2024-09-28"", ""preferred_sign"": 1.0, ""statement_role"": ""http://www.apple.com/role/CONSOLIDATEDBALANCESHEETS"", ""statement_type"": ""BalanceSheet"", ""weight"": 1.0}","{""us-gaap_FinancialInstrumentAxis"": ""us-gaap:CashMember""}",False,,edgar_xbrl
f-532,c90b4433486259e593ba7e43af0cf06e6b274650026839b0a501955da21cb2fb,AAPL,edgar,balance_sheet,us-gaap:CashAndCashEquivalentsAtCarryingValue,CashAndMarketableSecurities,cashandmarketablesecurities,Cash and cash equivalents,778000000,778000000.0,usd,USD,1.0,instant_2024-09-28,reported,instant,,2024-09-28,2024-09-28,2025,,2025-10-31,10-K,0000320193-25-000079,edgar:0000320193-25-000079:f-532,c-76,http://www.apple.com/role/CONSOLIDATEDBALANCESHEETS,"{""balance"": ""debit"", ""cik"": ""0000320193"", ""context_ref"": ""c-76"", ""period_instant"": ""2024-09-28"", ""period_key"": ""instant_2024-09-28"", ""preferred_sign"": 1.0, ""statement_role"": ""http://www.apple.com/role/CONSOLIDATEDBALANCESHEETS"", ""statement_type"": ""BalanceSheet"", ""weight"": 1.0}","{""us-gaap_FairValueByFairValueHierarchyLevelAxis"": ""us-gaap:FairValueInputsLevel1Member"", ""us-gaap_FinancialInstrumentAxis"": ""us-gaap:MoneyMarketFundsMember""}",False,,edgar_xbrl
f-533,b3a126ecec41bfd37d8146382399ec8c28d3d1862c74337289fbe77a68e154d3,AAPL,edgar,balance_sheet,us-gaap:MarketableSecuritiesCurrent,ShortTermInvestments,shortterminvestments,Marketable securities,0,0.0,usd,USD,1.0,instant_2024-09-28,reported,instant,,2024-09-28,2024-09-28,2025,,2025-10-31,10-K,0000320193-25-000079,edgar:0000320193-25-000079:f-533,c-76,http://www.apple.com/role/CONSOLIDATEDBALANCESHEETS,"{""cik"": ""0000320193"", ""context_ref"": ""c-76"", ""period_instant"": ""2024-09-28"", ""period_key"": ""instant_2024-09-28"", ""preferred_sign"": 1.0, ""statement_role"": ""http://www.apple.com/role/CONSOLIDATEDBALANCESHEETS"", ""statement_type"": ""BalanceSheet"", ""weight"": 1.0}","{""us-gaap_FairValueByFairValueHierarchyLevelAxis"": ""us-gaap:FairValueInputsLevel1Member"", ""us-gaap_FinancialInstrumentAxis"": ""us-gaap:MoneyMarketFundsMember""}",False,,edgar_xbrl
f-534,5ad7bd8a4eb457f92ebcea659978386da7523961b9b1cfcf1462ad7d53eda095,AAPL,edgar,balance_sheet,us-gaap:MarketableSecuritiesNoncurrent,OtherNonOperatingNonCurrentAssets,othernonoperatingnoncurrentassets,Marketable securities,0,0.0,usd,USD,1.0,instant_2024-09-28,reported,instant,,2024-09-28,2024-09-28,2025,,2025-10-31,10-K,0000320193-25-000079,edgar:0000320193-25-000079:f-534,c-76,http://www.apple.com/role/CONSOLIDATEDBALANCESHEETS,"{""cik"": ""0000320193"", ""context_ref"": ""c-76"", ""period_instant"": ""2024-09-28"", ""period_key"": ""instant_2024-09-28"", ""preferred_sign"": 1.0, ""statement_role"": ""http://www.apple.com/role/CONSOLIDATEDBALANCESHEETS"", ""statement_type"": ""BalanceSheet"", ""weight"": 1.0}","{""us-gaap_FairValueByFairValueHierarchyLevelAxis"": ""us-gaap:FairValueInputsLevel1Member"", ""us-gaap_FinancialInstrumentAxis"": ""us-gaap:MoneyMarketFundsMember""}",False,,edgar_xbrl
f-539,8152ceb3e615a5281cf1f3a21b5be30b429b2a4fb3819ab9799a7019daebdfed,AAPL,edgar,balance_sheet,us-gaap:CashAndCashEquivalentsAtCarryingValue,CashAndMarketableSecurities,cashandmarketablesecurities,Cash and cash equivalents,0,0.0,usd,USD,1.0,instant_2024-09-28,reported,instant,,2024-09-28,2024-09-28,2025,,2025-10-31,10-K,0000320193-25-000079,edgar:0000320193-25-000079:f-539,c-77,http://www.apple.com/role/CONSOLIDATEDBALANCESHEETS,"{""balance"": ""debit"", ""cik"": ""0000320193"", ""context_ref"": ""c-77"", ""period_instant"": ""2024-09-28"", ""period_key"": ""instant_2024-09-28"", ""preferred_sign"": 1.0, ""statement_role"": ""http://www.apple.com/role/CONSOLIDATEDBALANCESHEETS"", ""statement_type"": ""BalanceSheet"", ""weight"": 1.0}","{""us-gaap_FairValueByFairValueHierarchyLevelAxis"": ""us-gaap:FairValueInputsLevel1Member"", ""us-gaap_FinancialInstrumentAxis"": ""us-gaap:MutualFundMember""}",False,,edgar_xbrl
f-540,25b17b58a308305804cb2af0ab53349bd472068f2ba6205c6b8bc920d019e279,AAPL,edgar,balance_sheet,us-gaap:MarketableSecuritiesCurrent,ShortTermInvestments,shortterminvestments,Marketable securities,617000000,617000000.0,usd,USD,1.0,instant_2024-09-28,reported,instant,,2024-09-28,2024-09-28,2025,,2025-10-31,10-K,0000320193-25-000079,edgar:0000320193-25-000079:f-540,c-77,http://www.apple.com/role/CONSOLIDATEDBALANCESHEETS,"{""cik"": ""0000320193"", ""context_ref"": ""c-77"", ""period_instant"": ""2024-09-28"", ""period_key"": ""instant_2024-09-28"", ""preferred_sign"": 1.0, ""statement_role"": ""http://www.apple.com/role/CONSOLIDATEDBALANCESHEETS"", ""statement_type"": ""BalanceSheet"", ""weight"": 1.0}","{""us-gaap_FairValueByFairValueHierarchyLevelAxis"": ""us-gaap:FairValueInputsLevel1Member"", ""us-gaap_FinancialInstrumentAxis"": ""us-gaap:MutualFundMember""}",False,,edgar_xbrl
f-541,f47799a1970ed7bf5889c8741f91809ad63233ee9e7eca6c5239afb0b9a23d6b,AAPL,edgar,balance_sheet,us-gaap:MarketableSecuritiesNoncurrent,OtherNonOperatingNonCurrentAssets,othernonoperatingnoncurrentassets,Marketable securities,0,0.0,usd,USD,1.0,instant_2024-09-28,reported,instant,,2024-09-28,2024-09-28,2025,,2025-10-31,10-K,0000320193-25-000079,edgar:0000320193-25-000079:f-541,c-77,http://www.apple.com/role/CONSOLIDATEDBALANCESHEETS,"{""cik"": ""0000320193"", ""context_ref"": ""c-77"", ""period_instant"": ""2024-09-28"", ""period_key"": ""instant_2024-09-28"", ""preferred_sign"": 1.0, ""statement_role"": ""http://www.apple.com/role/CONSOLIDATEDBALANCESHEETS"", ""statement_type"": ""BalanceSheet"", ""weight"": 1.0}","{""us-gaap_FairValueByFairValueHierarchyLevelAxis"": ""us-gaap:FairValueInputsLevel1Member"", ""us-gaap_FinancialInstrumentAxis"": ""us-gaap:MutualFundMember""}",False,,edgar_xbrl
f-546,b7f220c01e39351b385edee4931eb8623c6b04f855b83991b76f1c500f63db24,AAPL,edgar,balance_sheet,us-gaap:CashAndCashEquivalentsAtCarryingValue,CashAndMarketableSecurities,cashandmarketablesecurities,Cash and cash equivalents,778000000,778000000.0,usd,USD,1.0,instant_2024-09-28,reported,instant,,2024-09-28,2024-09-28,2025,,2025-10-31,10-K,0000320193-25-000079,edgar:0000320193-25-000079:f-546,c-78,http://www.apple.com/role/CONSOLIDATEDBALANCESHEETS,"{""balance"": ""debit"", ""cik"": ""0000320193"", ""context_ref"": ""c-78"", ""period_instant"": ""2024-09-28"", ""period_key"": ""instant_2024-09-28"", ""preferred_sign"": 1.0, ""statement_role"": ""http://www.apple.com/role/CONSOLIDATEDBALANCESHEETS"", ""statement_type"": ""BalanceSheet"", ""weight"": 1.0}","{""us-gaap_FairValueByFairValueHierarchyLevelAxis"": ""us-gaap:FairValueInputsLevel1Member""}",False,,edgar_xbrl
f-547,c32c661b9f163ce609cafa605d305e27916464034c25ea9ef13f948408587f13,AAPL,edgar,balance_sheet,us-gaap:MarketableSecuritiesCurrent,ShortTermInvestments,shortterminvestments,Marketable securities,617000000,617000000.0,usd,USD,1.0,instant_2024-09-28,reported,instant,,2024-09-28,2024-09-28,2025,,2025-10-31,10-K,0000320193-25-000079,edgar:0000320193-25-000079:f-547,c-78,http://www.apple.com/role/CONSOLIDATEDBALANCESHEETS,"{""cik"": ""0000320193"", ""context_ref"": ""c-78"", ""period_instant"": ""2024-09-28"", ""period_key"": ""instant_2024-09-28"", ""preferred_sign"": 1.0, ""statement_role"": ""http://www.apple.com/role/CONSOLIDATEDBALANCESHEETS"", ""statement_type"": ""BalanceSheet"", ""weight"": 1.0}","{""us-gaap_FairValueByFairValueHierarchyLevelAxis"": ""us-gaap:FairValueInputsLevel1Member""}",False,,edgar_xbrl
f-548,b1b5cc973ca9ab8388ef7a2376bc5dafe45a59043f70923f414dc1c527fe1d49,AAPL,edgar,balance_sheet,us-gaap:MarketableSecuritiesNoncurrent,OtherNonOperatingNonCurrentAssets,othernonoperatingnoncurrentassets,Marketable securities,0,0.0,usd,USD,1.0,instant_2024-09-28,reported,instant,,2024-09-28,2024-09-28,2025,,2025-10-31,10-K,0000320193-25-000079,edgar:0000320193-25-000079:f-548,c-78,http://www.apple.com/role/CONSOLIDATEDBALANCESHEETS,"{""cik"": ""0000320193"", ""context_ref"": ""c-78"", ""period_instant"": ""2024-09-28"", ""period_key"": ""instant_2024-09-28"", ""preferred_sign"": 1.0, ""statement_role"": ""http://www.apple.com/role/CONSOLIDATEDBALANCESHEETS"", ""statement_type"": ""BalanceSheet"", ""weight"": 1.0}","{""us-gaap_FairValueByFairValueHierarchyLevelAxis"": ""us-gaap:FairValueInputsLevel1Member""}",False,,edgar_xbrl
f-553,cb7b795b9dde73dd7321063e3461655515d24bb6e0fa34f9a21a8409670cab86,AAPL,edgar,balance_sheet,us-gaap:CashAndCashEquivalentsAtCarryingValue,CashAndMarketableSecurities,cashandmarketablesecurities,Cash and cash equivalents,212000000,212000000.0,usd,USD,1.0,instant_2024-09-28,reported,instant,,2024-09-28,2024-09-28,2025,,2025-10-31,10-K,0000320193-25-000079,edgar:0000320193-25-000079:f-553,c-79,http://www.apple.com/role/CONSOLIDATEDBALANCESHEETS,"{""balance"": ""debit"", ""cik"": ""0000320193"", ""context_ref"": ""c-79"", ""period_instant"": ""2024-09-28"", ""period_key"": ""instant_2024-09-28"", ""preferred_sign"": 1.0, ""statement_role"": ""http://www.apple.com/role/CONSOLIDATEDBALANCESHEETS"", ""statement_type"": ""BalanceSheet"", ""weight"": 1.0}","{""us-gaap_FairValueByFairValueHierarchyLevelAxis"": ""us-gaap:FairValueInputsLevel2Member"", ""us-gaap_FinancialInstrumentAxis"": ""us-gaap:USTreasurySecuritiesMember""}",False,,edgar_xbrl
f-554,cb476f1611848d3f13970d39706d663e81840929fae6fbca9a788d386af02b8b,AAPL,edgar,balance_sheet,us-gaap:MarketableSecuritiesCurrent,ShortTermInvestments,shortterminvestments,Marketable securities,4087000000,4087000000.0,usd,USD,1.0,instant_2024-09-28,reported,instant,,2024-09-28,2024-09-28,2025,,2025-10-31,10-K,0000320193-25-000079,edgar:0000320193-25-000079:f-554,c-79,http://www.apple.com/role/CONSOLIDATEDBALANCESHEETS,"{""cik"": ""0000320193"", ""context_ref"": ""c-79"", ""period_instant"": ""2024-09-28"", ""period_key"": ""instant_2024-09-28"", ""preferred_sign"": 1.0, ""statement_role"": ""http://www.apple.com/role/CONSOLIDATEDBALANCESHEETS"", ""statement_type"": ""BalanceSheet"", ""weight"": 1.0}","{""us-gaap_FairValueByFairValueHierarchyLevelAxis"": ""us-gaap:FairValueInputsLevel2Member"", ""us-gaap_FinancialInstrumentAxis"": ""us-gaap:USTreasurySecuritiesMember""}",False,,edgar_xbrl
f-555,95ffc90a2756c3753d942dc5f6f45d92a115973e58bd0d9ac7a01c84385dc3ce,AAPL,edgar,balance_sheet,us-gaap:MarketableSecuritiesNoncurrent,OtherNonOperatingNonCurrentAssets,othernonoperatingnoncurrentassets,Marketable securities,11380000000,11380000000.0,usd,USD,1.0,instant_2024-09-28,reported,instant,,2024-09-28,2024-09-28,2025,,2025-10-31,10-K,0000320193-25-000079,edgar:0000320193-25-000079:f-555,c-79,http://www.apple.com/role/CONSOLIDATEDBALANCESHEETS,"{""cik"": ""0000320193"", ""context_ref"": ""c-79"", ""period_instant"": ""2024-09-28"", ""period_key"": ""instant_2024-09-28"", ""preferred_sign"": 1.0, ""statement_role"": ""http://www.apple.com/role/CONSOLIDATEDBALANCESHEETS"", ""statement_type"": ""BalanceSheet"", ""weight"": 1.0}","{""us-gaap_FairValueByFairValueHierarchyLevelAxis"": ""us-gaap:FairValueInputsLevel2Member"", ""us-gaap_FinancialInstrumentAxis"": ""us-gaap:USTreasurySecuritiesMember""}",False,,edgar_xbrl
f-560,00a15b1bd88c03bbd0f2c6291db244c9f55e2a17cc8fb459b06c358a77fc5b11,AAPL,edgar,balance_sheet,us-gaap:CashAndCashEquivalentsAtCarryingValue,CashAndMarketableSecurities,cashandmarketablesecurities,Cash and cash equivalents,155000000,155000000.0,usd,USD,1.0,instant_2024-09-28,reported,instant,,2024-09-28,2024-09-28,2025,,2025-10-31,10-K,0000320193-25-000079,edgar:0000320193-25-000079:f-560,c-80,http://www.apple.com/role/CONSOLIDATEDBALANCESHEETS,"{""balance"": ""debit"", ""cik"": ""0000320193"", ""context_ref"": ""c-80"", ""period_instant"": ""2024-09-28"", ""period_key"": ""instant_2024-09-28"", ""preferred_sign"": 1.0, ""statement_role"": ""http://www.apple.com/role/CONSOLIDATEDBALANCESHEETS"", ""statement_type"": ""BalanceSheet"", ""weight"": 1.0}","{""us-gaap_FairValueByFairValueHierarchyLevelAxis"": ""us-gaap:FairValueInputsLevel2Member"", ""us-gaap_FinancialInstrumentAxis"": ""us-gaap:USGovernmentAgenciesDebtSecuritiesMember""}",False,,edgar_xbrl
f-561,49875dd56c964c7d245764327215324f0005bccc49381af305da68630bcfafc3,AAPL,edgar,balance_sheet,us-gaap:MarketableSecuritiesCurrent,ShortTermInvestments,shortterminvestments,Marketable securities,703000000,703000000.0,usd,USD,1.0,instant_2024-09-28,reported,instant,,2024-09-28,2024-09-28,2025,,2025-10-31,10-K,0000320193-25-000079,edgar:0000320193-25-000079:f-561,c-80,http://www.apple.com/role/CONSOLIDATEDBALANCESHEETS,"{""cik"": ""0000320193"", ""context_ref"": ""c-80"", ""period_instant"": ""2024-09-28"", ""period_key"": ""instant_2024-09-28"", ""preferred_sign"": 1.0, ""statement_role"": ""http://www.apple.com/role/CONSOLIDATEDBALANCESHEETS"", ""statement_type"": ""BalanceSheet"", ""weight"": 1.0}","{""us-gaap_FairValueByFairValueHierarchyLevelAxis"": ""us-gaap:FairValueInputsLevel2Member"", ""us-gaap_FinancialInstrumentAxis"": ""us-gaap:USGovernmentAgenciesDebtSecuritiesMember""}",False,,edgar_xbrl
f-562,8d797962c22b518e98f603759b3da6a022905e325f3365c421b441761070971f,AAPL,edgar,balance_sheet,us-gaap:MarketableSecuritiesNoncurrent,OtherNonOperatingNonCurrentAssets,othernonoperatingnoncurrentassets,Marketable securities,4301000000,4301000000.0,usd,USD,1.0,instant_2024-09-28,reported,instant,,2024-09-28,2024-09-28,2025,,2025-10-31,10-K,0000320193-25-000079,edgar:0000320193-25-000079:f-562,c-80,http://www.apple.com/role/CONSOLIDATEDBALANCESHEETS,"{""cik"": ""0000320193"", ""context_ref"": ""c-80"", ""period_instant"": ""2024-09-28"", ""period_key"": ""instant_2024-09-28"", ""preferred_sign"": 1.0, ""statement_role"": ""http://www.apple.com/role/CONSOLIDATEDBALANCESHEETS"", ""statement_type"": ""BalanceSheet"", ""weight"": 1.0}","{""us-gaap_FairValueByFairValueHierarchyLevelAxis"": ""us-gaap:FairValueInputsLevel2Member"", ""us-gaap_FinancialInstrumentAxis"": ""us-gaap:USGovernmentAgenciesDebtSecuritiesMember""}",False,,edgar_xbrl
f-567,49992446dcbddf217066cd7ee9a60d2038ee9d616a622c954fb7c0e0879d7f8d,AAPL,edgar,balance_sheet,us-gaap:CashAndCashEquivalentsAtCarryingValue,CashAndMarketableSecurities,cashandmarketablesecurities,Cash and cash equivalents,1158000000,1158000000.0,usd,USD,1.0,instant_2024-09-28,reported,instant,,2024-09-28,2024-09-28,2025,,2025-10-31,10-K,0000320193-25-000079,edgar:0000320193-25-000079:f-567,c-81,http://www.apple.com/role/CONSOLIDATEDBALANCESHEETS,"{""balance"": ""debit"", ""cik"": ""0000320193"", ""context_ref"": ""c-81"", ""period_instant"": ""2024-09-28"", ""period_key"": ""instant_2024-09-28"", ""preferred_sign"": 1.0, ""statement_role"": ""http://www.apple.com/role/CONSOLIDATEDBALANCESHEETS"", ""statement_type"": ""BalanceSheet"", ""weight"": 1.0}","{""us-gaap_FairValueByFairValueHierarchyLevelAxis"": ""us-gaap:FairValueInputsLevel2Member"", ""us-gaap_FinancialInstrumentAxis"": ""us-gaap:ForeignGovernmentDebtSecuritiesMember""}",False,,edgar_xbrl
f-568,442f699ae5fdfcfe02dcdc41d0d5033d926f94bd70d6e0f9af29fbc30a632457,AAPL,edgar,balance_sheet,us-gaap:MarketableSecuritiesCurrent,ShortTermInvestments,shortterminvestments,Marketable securities,10810000000,10810000000.0,usd,USD,1.0,instant_2024-09-28,reported,instant,,2024-09-28,2024-09-28,2025,,2025-10-31,10-K,0000320193-25-000079,edgar:0000320193-25-000079:f-568,c-81,http://www.apple.com/role/CONSOLIDATEDBALANCESHEETS,"{""cik"": ""0000320193"", ""context_ref"": ""c-81"", ""period_instant"": ""2024-09-28"", ""period_key"": ""instant_2024-09-28"", ""preferred_sign"": 1.0, ""statement_role"": ""http://www.apple.com/role/CONSOLIDATEDBALANCESHEETS"", ""statement_type"": ""BalanceSheet"", ""weight"": 1.0}","{""us-gaap_FairValueByFairValueHierarchyLevelAxis"": ""us-gaap:FairValueInputsLevel2Member"", ""us-gaap_FinancialInstrumentAxis"": ""us-gaap:ForeignGovernmentDebtSecuritiesMember""}",False,,edgar_xbrl
f-569,213edd562a3511d5316e307a1720e5fcf8895e5458d91956d05de7e17983a872,AAPL,edgar,balance_sheet,us-gaap:MarketableSecuritiesNoncurrent,OtherNonOperatingNonCurrentAssets,othernonoperatingnoncurrentassets,Marketable securities,5600000000,5600000000.0,usd,USD,1.0,instant_2024-09-28,reported,instant,,2024-09-28,2024-09-28,2025,,2025-10-31,10-K,0000320193-25-000079,edgar:0000320193-25-000079:f-569,c-81,http://www.apple.com/role/CONSOLIDATEDBALANCESHEETS,"{""cik"": ""0000320193"", ""context_ref"": ""c-81"", ""period_instant"": ""2024-09-28"", ""period_key"": ""instant_2024-09-28"", ""preferred_sign"": 1.0, ""statement_role"": ""http://www.apple.com/role/CONSOLIDATEDBALANCESHEETS"", ""statement_type"": ""BalanceSheet"", ""weight"": 1.0}","{""us-gaap_FairValueByFairValueHierarchyLevelAxis"": ""us-gaap:FairValueInputsLevel2Member"", ""us-gaap_FinancialInstrumentAxis"": ""us-gaap:ForeignGovernmentDebtSecuritiesMember""}",False,,edgar_xbrl
f-574,ffd17fb473c7309584b44e48f3e761d9dd8987b15784b0338871a47464f64d65,AAPL,edgar,balance_sheet,us-gaap:CashAndCashEquivalentsAtCarryingValue,CashAndMarketableSecurities,cashandmarketablesecurities,Cash and cash equivalents,387000000,387000000.0,usd,USD,1.0,instant_2024-09-28,reported,instant,,2024-09-28,2024-09-28,2025,,2025-10-31,10-K,0000320193-25-000079,edgar:0000320193-25-000079:f-574,c-82,http://www.apple.com/role/CONSOLIDATEDBALANCESHEETS,"{""balance"": ""debit"", ""cik"": ""0000320193"", ""context_ref"": ""c-82"", ""period_instant"": ""2024-09-28"", ""period_key"": ""instant_2024-09-28"", ""preferred_sign"": 1.0, ""statement_role"": ""http://www.apple.com/role/CONSOLIDATEDBALANCESHEETS"", ""statement_type"": ""BalanceSheet"", ""weight"": 1.0}","{""us-gaap_FairValueByFairValueHierarchyLevelAxis"": ""us-gaap:FairValueInputsLevel2Member"", ""us-gaap_FinancialInstrumentAxis"": ""us-gaap:BankTimeDepositsMember""}",False,,edgar_xbrl
f-575,039e2f96d1fc1c2e223df70b96972b208561d8738ce10629ad2f543cdf46fcd3,AAPL,edgar,balance_sheet,us-gaap:MarketableSecuritiesCurrent,ShortTermInvestments,shortterminvestments,Marketable securities,478000000,478000000.0,usd,USD,1.0,instant_2024-09-28,reported,instant,,2024-09-28,2024-09-28,2025,,2025-10-31,10-K,0000320193-25-000079,edgar:0000320193-25-000079:f-575,c-82,http://www.apple.com/role/CONSOLIDATEDBALANCESHEETS,"{""cik"": ""0000320193"", ""context_ref"": ""c-82"", ""period_instant"": ""2024-09-28"", ""period_key"": ""instant_2024-09-28"", ""preferred_sign"": 1.0, ""statement_role"": ""http://www.apple.com/role/CONSOLIDATEDBALANCESHEETS"", ""statement_type"": ""BalanceSheet"", ""weight"": 1.0}","{""us-gaap_FairValueByFairValueHierarchyLevelAxis"": ""us-gaap:FairValueInputsLevel2Member"", ""us-gaap_FinancialInstrumentAxis"": ""us-gaap:BankTimeDepositsMember""}",False,,edgar_xbrl
f-576,85f696950c3e63f7a443193ae9c3d49c03ea8767522b99a4746fbf28f8aab889,AAPL,edgar,balance_sheet,us-gaap:MarketableSecuritiesNoncurrent,OtherNonOperatingNonCurrentAssets,othernonoperatingnoncurrentassets,Marketable securities,8000000,8000000.0,usd,USD,1.0,instant_2024-09-28,reported,instant,,2024-09-28,2024-09-28,2025,,2025-10-31,10-K,0000320193-25-000079,edgar:0000320193-25-000079:f-576,c-82,http://www.apple.com/role/CONSOLIDATEDBALANCESHEETS,"{""cik"": ""0000320193"", ""context_ref"": ""c-82"", ""period_instant"": ""2024-09-28"", ""period_key"": ""instant_2024-09-28"", ""preferred_sign"": 1.0, ""statement_role"": ""http://www.apple.com/role/CONSOLIDATEDBALANCESHEETS"", ""statement_type"": ""BalanceSheet"", ""weight"": 1.0}","{""us-gaap_FairValueByFairValueHierarchyLevelAxis"": ""us-gaap:FairValueInputsLevel2Member"", ""us-gaap_FinancialInstrumentAxis"": ""us-gaap:BankTimeDepositsMember""}",False,,edgar_xbrl
f-581,da449f8cb7825de6305107994a88a5372704f0bdc3f04b43fb0ee368500f8fab,AAPL,edgar,balance_sheet,us-gaap:CashAndCashEquivalentsAtCarryingValue,CashAndMarketableSecurities,cashandmarketablesecurities,Cash and cash equivalents,28000000,28000000.0,usd,USD,1.0,instant_2024-09-28,reported,instant,,2024-09-28,2024-09-28,2025,,2025-10-31,10-K,0000320193-25-000079,edgar:0000320193-25-000079:f-581,c-83,http://www.apple.com/role/CONSOLIDATEDBALANCESHEETS,"{""balance"": ""debit"", ""cik"": ""0000320193"", ""context_ref"": ""c-83"", ""period_instant"": ""2024-09-28"", ""period_key"": ""instant_2024-09-28"", ""preferred_sign"": 1.0, ""statement_role"": ""http://www.apple.com/role/CONSOLIDATEDBALANCESHEETS"", ""statement_type"": ""BalanceSheet"", ""weight"": 1.0}","{""us-gaap_FairValueByFairValueHierarchyLevelAxis"": ""us-gaap:FairValueInputsLevel2Member"", ""us-gaap_FinancialInstrumentAxis"": ""us-gaap:CommercialPaperMember""}",False,,edgar_xbrl
f-582,76d77dbd4d0689a3fe486380b67297c7415a3273ff2b2fa73ef0639ea6ad9df7,AAPL,edgar,balance_sheet,us-gaap:MarketableSecuritiesCurrent,ShortTermInvestments,shortterminvestments,Marketable securities,1038000000,1038000000.0,usd,USD,1.0,instant_2024-09-28,reported,instant,,2024-09-28,2024-09-28,2025,,2025-10-31,10-K,0000320193-25-000079,edgar:0000320193-25-000079:f-582,c-83,http://www.apple.com/role/CONSOLIDATEDBALANCESHEETS,"{""cik"": ""0000320193"", ""context_ref"": ""c-83"", ""period_instant"": ""2024-09-28"", ""period_key"": ""instant_2024-09-28"", ""preferred_sign"": 1.0, ""statement_role"": ""http://www.apple.com/role/CONSOLIDATEDBALANCESHEETS"", ""statement_type"": ""BalanceSheet"", ""weight"": 1.0}","{""us-gaap_FairValueByFairValueHierarchyLevelAxis"": ""us-gaap:FairValueInputsLevel2Member"", ""us-gaap_FinancialInstrumentAxis"": ""us-gaap:CommercialPaperMember""}",False,,edgar_xbrl
f-583,7bf577fc40e2cf823bfb46bca5d0522632e84b84b9fec59a54f0bf19fc4e07c9,AAPL,edgar,balance_sheet,us-gaap:MarketableSecuritiesNoncurrent,OtherNonOperatingNonCurrentAssets,othernonoperatingnoncurrentassets,Marketable securities,0,0.0,usd,USD,1.0,instant_2024-09-28,reported,instant,,2024-09-28,2024-09-28,2025,,2025-10-31,10-K,0000320193-25-000079,edgar:0000320193-25-000079:f-583,c-83,http://www.apple.com/role/CONSOLIDATEDBALANCESHEETS,"{""cik"": ""0000320193"", ""context_ref"": ""c-83"", ""period_instant"": ""2024-09-28"", ""period_key"": ""instant_2024-09-28"", ""preferred_sign"": 1.0, ""statement_role"": ""http://www.apple.com/role/CONSOLIDATEDBALANCESHEETS"", ""statement_type"": ""BalanceSheet"", ""weight"": 1.0}","{""us-gaap_FairValueByFairValueHierarchyLevelAxis"": ""us-gaap:FairValueInputsLevel2Member"", ""us-gaap_FinancialInstrumentAxis"": ""us-gaap:CommercialPaperMember""}",False,,edgar_xbrl
f-588,4c0a71e9f7070f06890e42e8ec0509e2d7fc1e259f123a435606c60f421433c2,AAPL,edgar,balance_sheet,us-gaap:CashAndCashEquivalentsAtCarryingValue,CashAndMarketableSecurities,cashandmarketablesecurities,Cash and cash equivalents,26000000,26000000.0,usd,USD,1.0,instant_2024-09-28,reported,instant,,2024-09-28,2024-09-28,2025,,2025-10-31,10-K,0000320193-25-000079,edgar:0000320193-25-000079:f-588,c-84,http://www.apple.com/role/CONSOLIDATEDBALANCESHEETS,"{""balance"": ""debit"", ""cik"": ""0000320193"", ""context_ref"": ""c-84"", ""period_instant"": ""2024-09-28"", ""period_key"": ""instant_2024-09-28"", ""preferred_sign"": 1.0, ""statement_role"": ""http://www.apple.com/role/CONSOLIDATEDBALANCESHEETS"", ""statement_type"": ""BalanceSheet"", ""weight"": 1.0}","{""us-gaap_FairValueByFairValueHierarchyLevelAxis"": ""us-gaap:FairValueInputsLevel2Member"", ""us-gaap_FinancialInstrumentAxis"": ""us-gaap:CorporateDebtSecuritiesMember""}",False,,edgar_xbrl
f-589,7c2267e3784492208945830b8fc110ae972d262c1ff65b5a0851794a5ba4ca7f,AAPL,edgar,balance_sheet,us-gaap:MarketableSecuritiesCurrent,ShortTermInvestments,shortterminvestments,Marketable securities,16027000000,16027000000.0,usd,USD,1.0,instant_2024-09-28,reported,instant,,2024-09-28,2024-09-28,2025,,2025-10-31,10-K,0000320193-25-000079,edgar:0000320193-25-000079:f-589,c-84,http://www.apple.com/role/CONSOLIDATEDBALANCESHEETS,"{""cik"": ""0000320193"", ""context_ref"": ""c-84"", ""period_instant"": ""2024-09-28"", ""period_key"": ""instant_2024-09-28"", ""preferred_sign"": 1.0, ""statement_role"": ""http://www.apple.com/role/CONSOLIDATEDBALANCESHEETS"", ""statement_type"": ""BalanceSheet"", ""weight"": 1.0}","{""us-gaap_FairValueByFairValueHierarchyLevelAxis"": ""us-gaap:FairValueInputsLevel2Member"", ""us-gaap_FinancialInstrumentAxis"": ""us-gaap:CorporateDebtSecuritiesMember""}",False,,edgar_xbrl
f-590,9c0c4769ce7852edb09a8b9a6bf7f2b7b70719e72e3ed2e9e2e14de37a7280d1,AAPL,edgar,balance_sheet,us-gaap:MarketableSecuritiesNoncurrent,OtherNonOperatingNonCurrentAssets,othernonoperatingnoncurrentassets,Marketable securities,47886000000,47886000000.0,usd,USD,1.0,instant_2024-09-28,reported,instant,,2024-09-28,2024-09-28,2025,,2025-10-31,10-K,0000320193-25-000079,edgar:0000320193-25-000079:f-590,c-84,http://www.apple.com/role/CONSOLIDATEDBALANCESHEETS,"{""cik"": ""0000320193"", ""context_ref"": ""c-84"", ""period_instant"": ""2024-09-28"", ""period_key"": ""instant_2024-09-28"", ""preferred_sign"": 1.0, ""statement_role"": ""http://www.apple.com/role/CONSOLIDATEDBALANCESHEETS"", ""statement_type"": ""BalanceSheet"", ""weight"": 1.0}","{""us-gaap_FairValueByFairValueHierarchyLevelAxis"": ""us-gaap:FairValueInputsLevel2Member"", ""us-gaap_FinancialInstrumentAxis"": ""us-gaap:CorporateDebtSecuritiesMember""}",False,,edgar_xbrl
f-595,921d98003de6ec7e8669a78f3ea39e52cfbaa2a489b14f4dc44845fab8121823,AAPL,edgar,balance_sheet,us-gaap:CashAndCashEquivalentsAtCarryingValue,CashAndMarketableSecurities,cashandmarketablesecurities,Cash and cash equivalents,0,0.0,usd,USD,1.0,instant_2024-09-28,reported,instant,,2024-09-28,2024-09-28,2025,,2025-10-31,10-K,0000320193-25-000079,edgar:0000320193-25-000079:f-595,c-85,http://www.apple.com/role/CONSOLIDATEDBALANCESHEETS,"{""balance"": ""debit"", ""cik"": ""0000320193"", ""context_ref"": ""c-85"", ""period_instant"": ""2024-09-28"", ""period_key"": ""instant_2024-09-28"", ""preferred_sign"": 1.0, ""statement_role"": ""http://www.apple.com/role/CONSOLIDATEDBALANCESHEETS"", ""statement_type"": ""BalanceSheet"", ""weight"": 1.0}","{""us-gaap_FairValueByFairValueHierarchyLevelAxis"": ""us-gaap:FairValueInputsLevel2Member"", ""us-gaap_FinancialInstrumentAxis"": ""us-gaap:USStatesAndPoliticalSubdivisionsMember""}",False,,edgar_xbrl
f-596,9042ec5ad308025f8f144fa702aff2c4909621616414824a9e6c8e90b7a17dfc,AAPL,edgar,balance_sheet,us-gaap:MarketableSecuritiesCurrent,ShortTermInvestments,shortterminvestments,Marketable securities,190000000,190000000.0,usd,USD,1.0,instant_2024-09-28,reported,instant,,2024-09-28,2024-09-28,2025,,2025-10-31,10-K,0000320193-25-000079,edgar:0000320193-25-000079:f-596,c-85,http://www.apple.com/role/CONSOLIDATEDBALANCESHEETS,"{""cik"": ""0000320193"", ""context_ref"": ""c-85"", ""period_instant"": ""2024-09-28"", ""period_key"": ""instant_2024-09-28"", ""preferred_sign"": 1.0, ""statement_role"": ""http://www.apple.com/role/CONSOLIDATEDBALANCESHEETS"", ""statement_type"": ""BalanceSheet"", ""weight"": 1.0}","{""us-gaap_FairValueByFairValueHierarchyLevelAxis"": ""us-gaap:FairValueInputsLevel2Member"", ""us-gaap_FinancialInstrumentAxis"": ""us-gaap:USStatesAndPoliticalSubdivisionsMember""}",False,,edgar_xbrl
f-597,04a3d73646028fd00de2c80220cfc964b6898bf3857c5f3ebfbe5e538c2f261c,AAPL,edgar,balance_sheet,us-gaap:MarketableSecuritiesNoncurrent,OtherNonOperatingNonCurrentAssets,othernonoperatingnoncurrentassets,Marketable securities,215000000,215000000.0,usd,USD,1.0,instant_2024-09-28,reported,instant,,2024-09-28,2024-09-28,2025,,2025-10-31,10-K,0000320193-25-000079,edgar:0000320193-25-000079:f-597,c-85,http://www.apple.com/role/CONSOLIDATEDBALANCESHEETS,"{""cik"": ""0000320193"", ""context_ref"": ""c-85"", ""period_instant"": ""2024-09-28"", ""period_key"": ""instant_2024-09-28"", ""preferred_sign"": 1.0, ""statement_role"": ""http://www.apple.com/role/CONSOLIDATEDBALANCESHEETS"", ""statement_type"": ""BalanceSheet"", ""weight"": 1.0}","{""us-gaap_FairValueByFairValueHierarchyLevelAxis"": ""us-gaap:FairValueInputsLevel2Member"", ""us-gaap_FinancialInstrumentAxis"": ""us-gaap:USStatesAndPoliticalSubdivisionsMember""}",False,,edgar_xbrl
f-602,38a5acb8a5164bc5294b8f1cd01829b30a9d7d67adf8edbe4f2cdcd74a8b178c,AAPL,edgar,balance_sheet,us-gaap:CashAndCashEquivalentsAtCarryingValue,CashAndMarketableSecurities,cashandmarketablesecurities,Cash and cash equivalents,0,0.0,usd,USD,1.0,instant_2024-09-28,reported,instant,,2024-09-28,2024-09-28,2025,,2025-10-31,10-K,0000320193-25-000079,edgar:0000320193-25-000079:f-602,c-86,http://www.apple.com/role/CONSOLIDATEDBALANCESHEETS,"{""balance"": ""debit"", ""cik"": ""0000320193"", ""context_ref"": ""c-86"", ""period_instant"": ""2024-09-28"", ""period_key"": ""instant_2024-09-28"", ""preferred_sign"": 1.0, ""statement_role"": ""http://www.apple.com/role/CONSOLIDATEDBALANCESHEETS"", ""statement_type"": ""BalanceSheet"", ""weight"": 1.0}","{""us-gaap_FairValueByFairValueHierarchyLevelAxis"": ""us-gaap:FairValueInputsLevel2Member"", ""us-gaap_FinancialInstrumentAxis"": ""us-gaap:AssetBackedSecuritiesMember""}",False,,edgar_xbrl
f-603,b9713c9ac745cb5888b46b693a94f2cd17930c33ed570653b3166638facd7dfd,AAPL,edgar,balance_sheet,us-gaap:MarketableSecuritiesCurrent,ShortTermInvestments,shortterminvestments,Marketable securities,1278000000,1278000000.0,usd,USD,1.0,instant_2024-09-28,reported,instant,,2024-09-28,2024-09-28,2025,,2025-10-31,10-K,0000320193-25-000079,edgar:0000320193-25-000079:f-603,c-86,http://www.apple.com/role/CONSOLIDATEDBALANCESHEETS,"{""cik"": ""0000320193"", ""context_ref"": ""c-86"", ""period_instant"": ""2024-09-28"", ""period_key"": ""instant_2024-09-28"", ""preferred_sign"": 1.0, ""statement_role"": ""http://www.apple.com/role/CONSOLIDATEDBALANCESHEETS"", ""statement_type"": ""BalanceSheet"", ""weight"": 1.0}","{""us-gaap_FairValueByFairValueHierarchyLevelAxis"": ""us-gaap:FairValueInputsLevel2Member"", ""us-gaap_FinancialInstrumentAxis"": ""us-gaap:AssetBackedSecuritiesMember""}",False,,edgar_xbrl
f-604,dc73da633b49e899518fda1aad31102ccc5e1b8d5ac29973610970c1a5ee1d18,AAPL,edgar,balance_sheet,us-gaap:MarketableSecuritiesNoncurrent,OtherNonOperatingNonCurrentAssets,othernonoperatingnoncurrentassets,Marketable securities,22089000000,22089000000.0,usd,USD,1.0,instant_2024-09-28,reported,instant,,2024-09-28,2024-09-28,2025,,2025-10-31,10-K,0000320193-25-000079,edgar:0000320193-25-000079:f-604,c-86,http://www.apple.com/role/CONSOLIDATEDBALANCESHEETS,"{""cik"": ""0000320193"", ""context_ref"": ""c-86"", ""period_instant"": ""2024-09-28"", ""period_key"": ""instant_2024-09-28"", ""preferred_sign"": 1.0, ""statement_role"": ""http://www.apple.com/role/CONSOLIDATEDBALANCESHEETS"", ""statement_type"": ""BalanceSheet"", ""weight"": 1.0}","{""us-gaap_FairValueByFairValueHierarchyLevelAxis"": ""us-gaap:FairValueInputsLevel2Member"", ""us-gaap_FinancialInstrumentAxis"": ""us-gaap:AssetBackedSecuritiesMember""}",False,,edgar_xbrl
f-609,34dc34fcfb769befcef2a547bd1042a81407c9807b97c095bed0b4e2bedffdbc,AAPL,edgar,balance_sheet,us-gaap:CashAndCashEquivalentsAtCarryingValue,CashAndMarketableSecurities,cashandmarketablesecurities,Cash and cash equivalents,1966000000,1966000000.0,usd,USD,1.0,instant_2024-09-28,reported,instant,,2024-09-28,2024-09-28,2025,,2025-10-31,10-K,0000320193-25-000079,edgar:0000320193-25-000079:f-609,c-87,http://www.apple.com/role/CONSOLIDATEDBALANCESHEETS,"{""balance"": ""debit"", ""cik"": ""0000320193"", ""context_ref"": ""c-87"", ""period_instant"": ""2024-09-28"", ""period_key"": ""instant_2024-09-28"", ""preferred_sign"": 1.0, ""statement_role"": ""http://www.apple.com/role/CONSOLIDATEDBALANCESHEETS"", ""statement_type"": ""BalanceSheet"", ""weight"": 1.0}","{""us-gaap_FairValueByFairValueHierarchyLevelAxis"": ""us-gaap:FairValueInputsLevel2Member""}",False,,edgar_xbrl
f-610,b4f413339f6491c5793e34ff7fd59bd2579bc227aea462448c8e204dd2b40fa0,AAPL,edgar,balance_sheet,us-gaap:MarketableSecuritiesCurrent,ShortTermInvestments,shortterminvestments,Marketable securities,34611000000,34611000000.0,usd,USD,1.0,instant_2024-09-28,reported,instant,,2024-09-28,2024-09-28,2025,,2025-10-31,10-K,0000320193-25-000079,edgar:0000320193-25-000079:f-610,c-87,http://www.apple.com/role/CONSOLIDATEDBALANCESHEETS,"{""cik"": ""0000320193"", ""context_ref"": ""c-87"", ""period_instant"": ""2024-09-28"", ""period_key"": ""instant_2024-09-28"", ""preferred_sign"": 1.0, ""statement_role"": ""http://www.apple.com/role/CONSOLIDATEDBALANCESHEETS"", ""statement_type"": ""BalanceSheet"", ""weight"": 1.0}","{""us-gaap_FairValueByFairValueHierarchyLevelAxis"": ""us-gaap:FairValueInputsLevel2Member""}",False,,edgar_xbrl
f-611,890627e86258f2d073efe7d353c8cf18c5796e0c149b4d13f43c8a3c3bdd755c,AAPL,edgar,balance_sheet,us-gaap:MarketableSecuritiesNoncurrent,OtherNonOperatingNonCurrentAssets,othernonoperatingnoncurrentassets,Marketable securities,91479000000,91479000000.0,usd,USD,1.0,instant_2024-09-28,reported,instant,,2024-09-28,2024-09-28,2025,,2025-10-31,10-K,0000320193-25-000079,edgar:0000320193-25-000079:f-611,c-87,http://www.apple.com/role/CONSOLIDATEDBALANCESHEETS,"{""cik"": ""0000320193"", ""context_ref"": ""c-87"", ""period_instant"": ""2024-09-28"", ""period_key"": ""instant_2024-09-28"", ""preferred_sign"": 1.0, ""statement_role"": ""http://www.apple.com/role/CONSOLIDATEDBALANCESHEETS"", ""statement_type"": ""BalanceSheet"", ""weight"": 1.0}","{""us-gaap_FairValueByFairValueHierarchyLevelAxis"": ""us-gaap:FairValueInputsLevel2Member""}",False,,edgar_xbrl
f-160,94db29d46ecc9f6c8435a41b392203b4aa947581dc09e584d257b249bf5b52a9,AAPL,edgar,balance_sheet,us-gaap:CashAndCashEquivalentsAtCarryingValue,CashAndMarketableSecurities,cashandmarketablesecurities,Cash and cash equivalents,29943000000,29943000000.0,usd,USD,1.0,instant_2024-09-28,reported,instant,,2024-09-28,2024-09-28,2025,,2025-10-31,10-K,0000320193-25-000079,edgar:0000320193-25-000079:f-160,c-21,http://www.apple.com/role/CONSOLIDATEDBALANCESHEETS,"{""balance"": ""debit"", ""cik"": ""0000320193"", ""context_ref"": ""c-21"", ""period_instant"": ""2024-09-28"", ""period_key"": ""instant_2024-09-28"", ""preferred_sign"": 1.0, ""statement_role"": ""http://www.apple.com/role/CONSOLIDATEDBALANCESHEETS"", ""statement_type"": ""BalanceSheet"", ""weight"": 1.0}",{},False,,edgar_xbrl
f-162,c7a20b85a487559b2a18b1f920924bd1be9d0a4f9bb570953eee5b2a6693651c,AAPL,edgar,balance_sheet,us-gaap:MarketableSecuritiesCurrent,ShortTermInvestments,shortterminvestments,Marketable securities,35228000000,35228000000.0,usd,USD,1.0,instant_2024-09-28,reported,instant,,2024-09-28,2024-09-28,2025,,2025-10-31,10-K,0000320193-25-000079,edgar:0000320193-25-000079:f-162,c-21,http://www.apple.com/role/CONSOLIDATEDBALANCESHEETS,"{""cik"": ""0000320193"", ""context_ref"": ""c-21"", ""period_instant"": ""2024-09-28"", ""period_key"": ""instant_2024-09-28"", ""preferred_sign"": 1.0, ""statement_role"": ""http://www.apple.com/role/CONSOLIDATEDBALANCESHEETS"", ""statement_type"": ""BalanceSheet"", ""weight"": 1.0}",{},False,,edgar_xbrl
f-174,3926bd28285d2e0275e100e16c46e727fdec1d6c7f4f717ac4e993419401624a,AAPL,edgar,balance_sheet,us-gaap:MarketableSecuritiesNoncurrent,OtherNonOperatingNonCurrentAssets,othernonoperatingnoncurrentassets,Marketable securities,91479000000,91479000000.0,usd,USD,1.0,instant_2024-09-28,reported,instant,,2024-09-28,2024-09-28,2025,,2025-10-31,10-K,0000320193-25-000079,edgar:0000320193-25-000079:f-174,c-21,http://www.apple.com/role/CONSOLIDATEDBALANCESHEETS,"{""cik"": ""0000320193"", ""context_ref"": ""c-21"", ""period_instant"": ""2024-09-28"", ""period_key"": ""instant_2024-09-28"", ""preferred_sign"": 1.0, ""statement_role"": ""http://www.apple.com/role/CONSOLIDATEDBALANCESHEETS"", ""statement_type"": ""BalanceSheet"", ""weight"": 1.0}",{},False,,edgar_xbrl
f-175,8dde44e956d7d5cc559665a9d177f41e08235c6b68cb7e684d746876eb7d04b9,AAPL,edgar,balance_sheet,us-gaap:PropertyPlantAndEquipmentNet,PlantPropertyEquipmentNet,plantpropertyequipmentnet,"Property, plant and equipment, net",49834000000,49834000000.0,usd,USD,1.0,instant_2025-09-27,reported,instant,,2025-09-27,2025-09-27,2025,,2025-10-31,10-K,0000320193-25-000079,edgar:0000320193-25-000079:f-175,c-20,http://www.apple.com/role/CONSOLIDATEDBALANCESHEETS,"{""balance"": ""debit"", ""cik"": ""0000320193"", ""context_ref"": ""c-20"", ""period_instant"": ""2025-09-27"", ""period_key"": ""instant_2025-09-27"", ""preferred_sign"": 1.0, ""statement_role"": ""http://www.apple.com/role/CONSOLIDATEDBALANCESHEETS"", ""statement_type"": ""BalanceSheet"", ""weight"": 1.0}",{},False,,edgar_xbrl
f-176,bc10eaebb7612cdaa248ac730543db1935fdfdfdc41ff25a17d665e6fdcbd29f,AAPL,edgar,balance_sheet,us-gaap:PropertyPlantAndEquipmentNet,PlantPropertyEquipmentNet,plantpropertyequipmentnet,"Property, plant and equipment, net",45680000000,45680000000.0,usd,USD,1.0,instant_2024-09-28,reported,instant,,2024-09-28,2024-09-28,2025,,2025-10-31,10-K,0000320193-25-000079,edgar:0000320193-25-000079:f-176,c-21,http://www.apple.com/role/CONSOLIDATEDBALANCESHEETS,"{""balance"": ""debit"", ""cik"": ""0000320193"", ""context_ref"": ""c-21"", ""period_instant"": ""2024-09-28"", ""period_key"": ""instant_2024-09-28"", ""preferred_sign"": 1.0, ""statement_role"": ""http://www.apple.com/role/CONSOLIDATEDBALANCESHEETS"", ""statement_type"": ""BalanceSheet"", ""weight"": 1.0}",{},False,,edgar_xbrl
f-177,cd92e4b1dd0aca6410bc788e9c431fa139ef164a405ee655753e493e54c4b4d8,AAPL,edgar,balance_sheet,us-gaap:OtherAssetsNoncurrent,OtherNonOperatingNonCurrentAssets,othernonoperatingnoncurrentassets,Other non-current assets,83727000000,83727000000.0,usd,USD,1.0,instant_2025-09-27,reported,instant,,2025-09-27,2025-09-27,2025,,2025-10-31,10-K,0000320193-25-000079,edgar:0000320193-25-000079:f-177,c-20,http://www.apple.com/role/CONSOLIDATEDBALANCESHEETS,"{""balance"": ""debit"", ""cik"": ""0000320193"", ""context_ref"": ""c-20"", ""period_instant"": ""2025-09-27"", ""period_key"": ""instant_2025-09-27"", ""preferred_sign"": 1.0, ""statement_role"": ""http://www.apple.com/role/CONSOLIDATEDBALANCESHEETS"", ""statement_type"": ""BalanceSheet"", ""weight"": 1.0}",{},False,,edgar_xbrl
f-178,cc59feb5d25e85cdec5af8a966d51859453472d4c0a5e605796ace78acd7e4e2,AAPL,edgar,balance_sheet,us-gaap:OtherAssetsNoncurrent,OtherNonOperatingNonCurrentAssets,othernonoperatingnoncurrentassets,Other non-current assets,74834000000,74834000000.0,usd,USD,1.0,instant_2024-09-28,reported,instant,,2024-09-28,2024-09-28,2025,,2025-10-31,10-K,0000320193-25-000079,edgar:0000320193-25-000079:f-178,c-21,http://www.apple.com/role/CONSOLIDATEDBALANCESHEETS,"{""balance"": ""debit"", ""cik"": ""0000320193"", ""context_ref"": ""c-21"", ""period_instant"": ""2024-09-28"", ""period_key"": ""instant_2024-09-28"", ""preferred_sign"": 1.0, ""statement_role"": ""http://www.apple.com/role/CONSOLIDATEDBALANCESHEETS"", ""statement_type"": ""BalanceSheet"", ""weight"": 1.0}",{},False,,edgar_xbrl
f-185,8a16a9fa4b0dd4c84e86b2032806db496b88008bb66f8149960dbdd41cba2bc7,AAPL,edgar,balance_sheet,us-gaap:OtherLiabilitiesCurrent,OtherNonOperatingCurrentLiabilities,othernonoperatingcurrentliabilities,Other current liabilities,66387000000,66387000000.0,usd,USD,1.0,instant_2025-09-27,reported,instant,,2025-09-27,2025-09-27,2025,,2025-10-31,10-K,0000320193-25-000079,edgar:0000320193-25-000079:f-185,c-20,http://www.apple.com/role/CONSOLIDATEDBALANCESHEETS,"{""balance"": ""credit"", ""cik"": ""0000320193"", ""context_ref"": ""c-20"", ""period_instant"": ""2025-09-27"", ""period_key"": ""instant_2025-09-27"", ""preferred_sign"": 1.0, ""statement_role"": ""http://www.apple.com/role/CONSOLIDATEDBALANCESHEETS"", ""statement_type"": ""BalanceSheet"", ""weight"": 1.0}",{},False,,edgar_xbrl
f-186,036eed989bfc232a30c0fee7e1007556f910518a305392baf0ca160f1ce3a708,AAPL,edgar,balance_sheet,us-gaap:OtherLiabilitiesCurrent,OtherNonOperatingCurrentLiabilities,othernonoperatingcurrentliabilities,Other current liabilities,78304000000,78304000000.0,usd,USD,1.0,instant_2024-09-28,reported,instant,,2024-09-28,2024-09-28,2025,,2025-10-31,10-K,0000320193-25-000079,edgar:0000320193-25-000079:f-186,c-21,http://www.apple.com/role/CONSOLIDATEDBALANCESHEETS,"{""balance"": ""credit"", ""cik"": ""0000320193"", ""context_ref"": ""c-21"", ""period_instant"": ""2024-09-28"", ""period_key"": ""instant_2024-09-28"", ""preferred_sign"": 1.0, ""statement_role"": ""http://www.apple.com/role/CONSOLIDATEDBALANCESHEETS"", ""statement_type"": ""BalanceSheet"", ""weight"": 1.0}",{},False,,edgar_xbrl
f-894,979436c81fbcc5ea6d5e0cfc4e0bc4ae8527aa41036915bc73faf0b4848434e0,AAPL,edgar,balance_sheet,us-gaap:CommercialPaper,,commercialpaper,Commercial paper,8000000000.0,8000000000.0,usd,USD,1.0,instant_2025-09-27,reported,instant,,2025-09-27,2025-09-27,2025,,2025-10-31,10-K,0000320193-25-000079,edgar:0000320193-25-000079:f-894,c-120,http://www.apple.com/role/CONSOLIDATEDBALANCESHEETS,"{""balance"": ""credit"", ""cik"": ""0000320193"", ""context_ref"": ""c-120"", ""period_instant"": ""2025-09-27"", ""period_key"": ""instant_2025-09-27"", ""preferred_sign"": 1.0, ""statement_role"": ""http://www.apple.com/role/CONSOLIDATEDBALANCESHEETS"", ""statement_type"": ""BalanceSheet"", ""weight"": 1.0}","{""us-gaap_ShortTermDebtTypeAxis"": ""us-gaap:CommercialPaperMember""}",False,,edgar_xbrl
f-895,1b14d0cac8c678136b8cd0adaceb92cf3bae9d93e4474e35efb3eb2a60c71e5f,AAPL,edgar,balance_sheet,us-gaap:CommercialPaper,,commercialpaper,Commercial paper,10000000000.0,10000000000.0,usd,USD,1.0,instant_2024-09-28,reported,instant,,2024-09-28,2024-09-28,2025,,2025-10-31,10-K,0000320193-25-000079,edgar:0000320193-25-000079:f-895,c-121,http://www.apple.com/role/CONSOLIDATEDBALANCESHEETS,"{""balance"": ""credit"", ""cik"": ""0000320193"", ""context_ref"": ""c-121"", ""period_instant"": ""2024-09-28"", ""period_key"": ""instant_2024-09-28"", ""preferred_sign"": 1.0, ""statement_role"": ""http://www.apple.com/role/CONSOLIDATEDBALANCESHEETS"", ""statement_type"": ""BalanceSheet"", ""weight"": 1.0}","{""us-gaap_ShortTermDebtTypeAxis"": ""us-gaap:CommercialPaperMember""}",False,,edgar_xbrl
f-191,eed6fdb0a08efc5c9d31c46049575276f284ff2e193c5c930576d6466c0680ed,AAPL,edgar,balance_sheet,us-gaap:LongTermDebtCurrent,CurrentPortionOfLongTermDebt,currentportionoflongtermdebt,Term debt,12350000000,12350000000.0,usd,USD,1.0,instant_2025-09-27,reported,instant,,2025-09-27,2025-09-27,2025,,2025-10-31,10-K,0000320193-25-000079,edgar:0000320193-25-000079:f-191,c-20,http://www.apple.com/role/CONSOLIDATEDBALANCESHEETS,"{""balance"": ""credit"", ""cik"": ""0000320193"", ""context_ref"": ""c-20"", ""period_instant"": ""2025-09-27"", ""period_key"": ""instant_2025-09-27"", ""preferred_sign"": 1.0, ""statement_role"": ""http://www.apple.com/role/CONSOLIDATEDBALANCESHEETS"", ""statement_type"": ""BalanceSheet"", ""weight"": 1.0}",{},False,,edgar_xbrl
f-192,6cd155240103035f7852b4e877413f5250a01c6c0d8d9f75f683c6c3444a358b,AAPL,edgar,balance_sheet,us-gaap:LongTermDebtCurrent,CurrentPortionOfLongTermDebt,currentportionoflongtermdebt,Term debt,10912000000,10912000000.0,usd,USD,1.0,instant_2024-09-28,reported,instant,,2024-09-28,2024-09-28,2025,,2025-10-31,10-K,0000320193-25-000079,edgar:0000320193-25-000079:f-192,c-21,http://www.apple.com/role/CONSOLIDATEDBALANCESHEETS,"{""balance"": ""credit"", ""cik"": ""0000320193"", ""context_ref"": ""c-21"", ""period_instant"": ""2024-09-28"", ""period_key"": ""instant_2024-09-28"", ""preferred_sign"": 1.0, ""statement_role"": ""http://www.apple.com/role/CONSOLIDATEDBALANCESHEETS"", ""statement_type"": ""BalanceSheet"", ""weight"": 1.0}",{},False,,edgar_xbrl
f-195,bfadb04e8bbc0675548e033fce6bc527ef220e73c9aa8b079f8352a22d7430be,AAPL,edgar,balance_sheet,us-gaap:LongTermDebtNoncurrent,LongTermDebt,longtermdebt,Term debt,78328000000,78328000000.0,usd,USD,1.0,instant_2025-09-27,reported,instant,,2025-09-27,2025-09-27,2025,,2025-10-31,10-K,0000320193-25-000079,edgar:0000320193-25-000079:f-195,c-20,http://www.apple.com/role/CONSOLIDATEDBALANCESHEETS,"{""balance"": ""credit"", ""cik"": ""0000320193"", ""context_ref"": ""c-20"", ""period_instant"": ""2025-09-27"", ""period_key"": ""instant_2025-09-27"", ""preferred_sign"": 1.0, ""statement_role"": ""http://www.apple.com/role/CONSOLIDATEDBALANCESHEETS"", ""statement_type"": ""BalanceSheet"", ""weight"": 1.0}",{},False,,edgar_xbrl
f-196,67a465e7f3f243d5a1fc1bd317664a476ceaa232612c5e498e00f3c36bc5a0e6,AAPL,edgar,balance_sheet,us-gaap:LongTermDebtNoncurrent,LongTermDebt,longtermdebt,Term debt,85750000000,85750000000.0,usd,USD,1.0,instant_2024-09-28,reported,instant,,2024-09-28,2024-09-28,2025,,2025-10-31,10-K,0000320193-25-000079,edgar:0000320193-25-000079:f-196,c-21,http://www.apple.com/role/CONSOLIDATEDBALANCESHEETS,"{""balance"": ""credit"", ""cik"": ""0000320193"", ""context_ref"": ""c-21"", ""period_instant"": ""2024-09-28"", ""period_key"": ""instant_2024-09-28"", ""preferred_sign"": 1.0, ""statement_role"": ""http://www.apple.com/role/CONSOLIDATEDBALANCESHEETS"", ""statement_type"": ""BalanceSheet"", ""weight"": 1.0}",{},False,,edgar_xbrl
f-962,c8d04f7d19dbb04643b0b2015ed321d1c5abd8fbcd28a597abe2e0f30bf6b6bc,AAPL,edgar,balance_sheet,us-gaap:CommonStockSharesOutstanding,SharesYearEnd,sharesyearend,"Common stock, shares outstanding (in shares)",15943425000,15943425000.0,shares,,1.0,instant_2022-09-24,reported,instant,,2022-09-24,2022-09-24,2022,,2025-10-31,10-K,0000320193-25-000079,edgar:0000320193-25-000079:f-962,c-137,http://www.apple.com/role/CONSOLIDATEDBALANCESHEETS,"{""balance"": ""credit"", ""cik"": ""0000320193"", ""context_ref"": ""c-137"", ""period_instant"": ""2022-09-24"", ""period_key"": ""instant_2022-09-24"", ""preferred_sign"": 1.0, ""statement_role"": ""http://www.apple.com/role/CONSOLIDATEDBALANCESHEETS"", ""statement_type"": ""BalanceSheet""}","{""us-gaap_StatementEquityComponentsAxis"": ""us-gaap:CommonStockMember""}",False,,edgar_xbrl
f-969,b3253b50f76ab428682e8bf52cce50c84d3ff13e217773bf73f514f993058884,AAPL,edgar,balance_sheet,us-gaap:CommonStockSharesOutstanding,SharesYearEnd,sharesyearend,"Common stock, shares outstanding (in shares)",14773260000,14773260000.0,shares,,1.0,instant_2025-09-27,reported,instant,,2025-09-27,2025-09-27,2025,,2025-10-31,10-K,0000320193-25-000079,edgar:0000320193-25-000079:f-969,c-141,http://www.apple.com/role/CONSOLIDATEDBALANCESHEETS,"{""balance"": ""credit"", ""cik"": ""0000320193"", ""context_ref"": ""c-141"", ""period_instant"": ""2025-09-27"", ""period_key"": ""instant_2025-09-27"", ""preferred_sign"": 1.0, ""statement_role"": ""http://www.apple.com/role/CONSOLIDATEDBALANCESHEETS"", ""statement_type"": ""BalanceSheet""}","{""us-gaap_StatementEquityComponentsAxis"": ""us-gaap:CommonStockMember""}",False,,edgar_xbrl
f-960,7122ff230b0364040d40ebc5a8b88076db39486f5ccef072b839f082be54ce6d,AAPL,edgar,balance_sheet,us-gaap:CommonStockSharesOutstanding,SharesYearEnd,sharesyearend,"Common stock, shares outstanding (in shares)",15116786000,15116786000.0,shares,,1.0,instant_2024-09-28,reported,instant,,2024-09-28,2024-09-28,2025,,2025-10-31,10-K,0000320193-25-000079,edgar:0000320193-25-000079:f-960,c-135,http://www.apple.com/role/CONSOLIDATEDBALANCESHEETS,"{""balance"": ""credit"", ""cik"": ""0000320193"", ""context_ref"": ""c-135"", ""period_instant"": ""2024-09-28"", ""period_key"": ""instant_2024-09-28"", ""preferred_sign"": 1.0, ""statement_role"": ""http://www.apple.com/role/CONSOLIDATEDBALANCESHEETS"", ""statement_type"": ""BalanceSheet""}","{""us-gaap_StatementEquityComponentsAxis"": ""us-gaap:CommonStockMember""}",False,,edgar_xbrl
f-961,b61ded70eb7f3faac7db4d1ac887141bbca9a36d21ec56409e687d5f389885a0,AAPL,edgar,balance_sheet,us-gaap:CommonStockSharesOutstanding,SharesYearEnd,sharesyearend,"Common stock, shares outstanding (in shares)",15550061000,15550061000.0,shares,,1.0,instant_2023-09-30,reported,instant,,2023-09-30,2023-09-30,2024,,2025-10-31,10-K,0000320193-25-000079,edgar:0000320193-25-000079:f-961,c-136,http://www.apple.com/role/CONSOLIDATEDBALANCESHEETS,"{""balance"": ""credit"", ""cik"": ""0000320193"", ""context_ref"": ""c-136"", ""period_instant"": ""2023-09-30"", ""period_key"": ""instant_2023-09-30"", ""preferred_sign"": 1.0, ""statement_role"": ""http://www.apple.com/role/CONSOLIDATEDBALANCESHEETS"", ""statement_type"": ""BalanceSheet""}","{""us-gaap_StatementEquityComponentsAxis"": ""us-gaap:CommonStockMember""}",False,,edgar_xbrl
f-276,97dd2814008ceb01e6e4cacc23cd1b32aa9e2ae6fc342ba38001c2457576dd89,AAPL,edgar,cash_flow_statement,us-gaap:CashCashEquivalentsRestrictedCashAndRestrictedCashEquivalents,CashAndCashEquivalents,cashandcashequivalents,"Cash, cash equivalents, and restricted cash and cash equivalents, ending balances",24977000000,24977000000.0,usd,USD,1.0,instant_2022-09-24,reported,instant,,2022-09-24,2022-09-24,2022,,2025-10-31,10-K,0000320193-25-000079,edgar:0000320193-25-000079:f-276,c-23,http://www.apple.com/role/CONSOLIDATEDSTATEMENTSOFCASHFLOWS,"{""cik"": ""0000320193"", ""context_ref"": ""c-23"", ""period_instant"": ""2022-09-24"", ""period_key"": ""instant_2022-09-24"", ""preferred_sign"": 1.0, ""statement_role"": ""http://www.apple.com/role/CONSOLIDATEDSTATEMENTSOFCASHFLOWS"", ""statement_type"": ""CashFlowStatement""}",{},False,,edgar_xbrl
f-280,f33c590f49c2c12fbb3e61e5327be9ebd37773eab110564b5f8d87dc67dcfbfb,AAPL,edgar,cash_flow_statement,us-gaap:DepreciationDepletionAndAmortization,DepreciationExpense,depreciationexpense,Depreciation and amortization,11698000000,11698000000.0,usd,USD,1.0,duration_2024-09-29_2025-09-27,reported,duration,2024-09-29,2025-09-27,,2025,FY,2025-10-31,10-K,0000320193-25-000079,edgar:0000320193-25-000079:f-280,c-1,http://www.apple.com/role/CONSOLIDATEDSTATEMENTSOFCASHFLOWS,"{""balance"": ""debit"", ""cik"": ""0000320193"", ""context_ref"": ""c-1"", ""period_key"": ""duration_2024-09-29_2025-09-27"", ""preferred_sign"": 1.0, ""statement_role"": ""http://www.apple.com/role/CONSOLIDATEDSTATEMENTSOFCASHFLOWS"", ""statement_type"": ""CashFlowStatement"", ""weight"": 1.0}",{},False,,edgar_xbrl
f-281,5789741cabb9e4426eb92259bb9a404fc8a07a085543bdcebcaf4d4d31ce67c0,AAPL,edgar,cash_flow_statement,us-gaap:DepreciationDepletionAndAmortization,DepreciationExpense,depreciationexpense,Depreciation and amortization,11445000000,11445000000.0,usd,USD,1.0,duration_2023-10-01_2024-09-28,reported,duration,2023-10-01,2024-09-28,,2025,FY,2025-10-31,10-K,0000320193-25-000079,edgar:0000320193-25-000079:f-281,c-18,http://www.apple.com/role/CONSOLIDATEDSTATEMENTSOFCASHFLOWS,"{""balance"": ""debit"", ""cik"": ""0000320193"", ""context_ref"": ""c-18"", ""period_key"": ""duration_2023-10-01_2024-09-28"", ""preferred_sign"": 1.0, ""statement_role"": ""http://www.apple.com/role/CONSOLIDATEDSTATEMENTSOFCASHFLOWS"", ""statement_type"": ""CashFlowStatement"", ""weight"": 1.0}",{},False,,edgar_xbrl
f-282,64dfd35d5eb0f569bdabd44f22bf6642d4e45e2b851d9aee9ac46a194390ea9f,AAPL,edgar,cash_flow_statement,us-gaap:DepreciationDepletionAndAmortization,DepreciationExpense,depreciationexpense,Depreciation and amortization,11519000000,11519000000.0,usd,USD,1.0,duration_2022-09-25_2023-09-30,reported,duration,2022-09-25,2023-09-30,,2024,FY,2025-10-31,10-K,0000320193-25-000079,edgar:0000320193-25-000079:f-282,c-19,http://www.apple.com/role/CONSOLIDATEDSTATEMENTSOFCASHFLOWS,"{""balance"": ""debit"", ""cik"": ""0000320193"", ""context_ref"": ""c-19"", ""period_key"": ""duration_2022-09-25_2023-09-30"", ""preferred_sign"": 1.0, ""statement_role"": ""http://www.apple.com/role/CONSOLIDATEDSTATEMENTSOFCASHFLOWS"", ""statement_type"": ""CashFlowStatement"", ""weight"": 1.0}",{},False,,edgar_xbrl
f-283,a50a6166f771167d7a7bc5fc836091d9a5cb7795bcf723dee471b951308d0988,AAPL,edgar,cash_flow_statement,us-gaap:ShareBasedCompensation,StockBasedCompensationExpense,stockbasedcompensationexpense,Share-based compensation expense,12863000000,12863000000.0,usd,USD,1.0,duration_2024-09-29_2025-09-27,reported,duration,2024-09-29,2025-09-27,,2025,FY,2025-10-31,10-K,0000320193-25-000079,edgar:0000320193-25-000079:f-283,c-1,http://www.apple.com/role/CONSOLIDATEDSTATEMENTSOFCASHFLOWS,"{""balance"": ""debit"", ""cik"": ""0000320193"", ""context_ref"": ""c-1"", ""period_key"": ""duration_2024-09-29_2025-09-27"", ""preferred_sign"": 1.0, ""statement_role"": ""http://www.apple.com/role/CONSOLIDATEDSTATEMENTSOFCASHFLOWS"", ""statement_type"": ""CashFlowStatement"", ""weight"": 1.0}",{},False,,edgar_xbrl
f-284,7a6f4e6f776e8de4a9789105101dc0d75df45304eab59ff1036e0b0a907fdb35,AAPL,edgar,cash_flow_statement,us-gaap:ShareBasedCompensation,StockBasedCompensationExpense,stockbasedcompensationexpense,Share-based compensation expense,11688000000,11688000000.0,usd,USD,1.0,duration_2023-10-01_2024-09-28,reported,duration,2023-10-01,2024-09-28,,2025,FY,2025-10-31,10-K,0000320193-25-000079,edgar:0000320193-25-000079:f-284,c-18,http://www.apple.com/role/CONSOLIDATEDSTATEMENTSOFCASHFLOWS,"{""balance"": ""debit"", ""cik"": ""0000320193"", ""context_ref"": ""c-18"", ""period_key"": ""duration_2023-10-01_2024-09-28"", ""preferred_sign"": 1.0, ""statement_role"": ""http://www.apple.com/role/CONSOLIDATEDSTATEMENTSOFCASHFLOWS"", ""statement_type"": ""CashFlowStatement"", ""weight"": 1.0}",{},False,,edgar_xbrl
f-285,a24d02515a6ae0273bdf3aa64ec12d23c34dd42f3f11781d32fbf903ce201eb8,AAPL,edgar,cash_flow_statement,us-gaap:ShareBasedCompensation,StockBasedCompensationExpense,stockbasedcompensationexpense,Share-based compensation expense,10833000000,10833000000.0,usd,USD,1.0,duration_2022-09-25_2023-09-30,reported,duration,2022-09-25,2023-09-30,,2024,FY,2025-10-31,10-K,0000320193-25-000079,edgar:0000320193-25-000079:f-285,c-19,http://www.apple.com/role/CONSOLIDATEDSTATEMENTSOFCASHFLOWS,"{""balance"": ""debit"", ""cik"": ""0000320193"", ""context_ref"": ""c-19"", ""period_key"": ""duration_2022-09-25_2023-09-30"", ""preferred_sign"": 1.0, ""statement_role"": ""http://www.apple.com/role/CONSOLIDATEDSTATEMENTSOFCASHFLOWS"", ""statement_type"": ""CashFlowStatement"", ""weight"": 1.0}",{},False,,edgar_xbrl
f-286,290191def3ee8e29853909de7526c28bd595b50f80094b9972fb018b0486acc6,AAPL,edgar,cash_flow_statement,us-gaap:OtherNoncashIncomeExpense,OtherNonCashItemsCF,othernoncashitemscf,Other,89000000,89000000.0,usd,USD,1.0,duration_2024-09-29_2025-09-27,reported,duration,2024-09-29,2025-09-27,,2025,FY,2025-10-31,10-K,0000320193-25-000079,edgar:0000320193-25-000079:f-286,c-1,http://www.apple.com/role/CONSOLIDATEDSTATEMENTSOFCASHFLOWS,"{""cik"": ""0000320193"", ""context_ref"": ""c-1"", ""period_key"": ""duration_2024-09-29_2025-09-27"", ""preferred_sign"": 1.0, ""statement_role"": ""http://www.apple.com/role/CONSOLIDATEDSTATEMENTSOFCASHFLOWS"", ""statement_type"": ""CashFlowStatement"", ""weight"": -1.0}",{},False,,edgar_xbrl
f-287,86c427d5bb04f90df1eb836c2d39875216940fc22db8f8bdcf2c34ba695808fa,AAPL,edgar,cash_flow_statement,us-gaap:OtherNoncashIncomeExpense,OtherNonCashItemsCF,othernoncashitemscf,Other,2266000000,2266000000.0,usd,USD,1.0,duration_2023-10-01_2024-09-28,reported,duration,2023-10-01,2024-09-28,,2025,FY,2025-10-31,10-K,0000320193-25-000079,edgar:0000320193-25-000079:f-287,c-18,http://www.apple.com/role/CONSOLIDATEDSTATEMENTSOFCASHFLOWS,"{""cik"": ""0000320193"", ""context_ref"": ""c-18"", ""period_key"": ""duration_2023-10-01_2024-09-28"", ""preferred_sign"": 1.0, ""statement_role"": ""http://www.apple.com/role/CONSOLIDATEDSTATEMENTSOFCASHFLOWS"", ""statement_type"": ""CashFlowStatement"", ""weight"": -1.0}",{},False,,edgar_xbrl
f-288,4f4d5d049fdfbeec987efc901d05b164fa514856d1fcdfbcd3e8c6030d1dca97,AAPL,edgar,cash_flow_statement,us-gaap:OtherNoncashIncomeExpense,OtherNonCashItemsCF,othernoncashitemscf,Other,2227000000,2227000000.0,usd,USD,1.0,duration_2022-09-25_2023-09-30,reported,duration,2022-09-25,2023-09-30,,2024,FY,2025-10-31,10-K,0000320193-25-000079,edgar:0000320193-25-000079:f-288,c-19,http://www.apple.com/role/CONSOLIDATEDSTATEMENTSOFCASHFLOWS,"{""cik"": ""0000320193"", ""context_ref"": ""c-19"", ""period_key"": ""duration_2022-09-25_2023-09-30"", ""preferred_sign"": 1.0, ""statement_role"": ""http://www.apple.com/role/CONSOLIDATEDSTATEMENTSOFCASHFLOWS"", ""statement_type"": ""CashFlowStatement"", ""weight"": -1.0}",{},False,,edgar_xbrl
f-289,50d2ca4834e79463755a666f4082bdd7703aec131b5774d636b51b92fe2b3cab,AAPL,edgar,cash_flow_statement,us-gaap:IncreaseDecreaseInAccountsReceivable,,increasedecreaseinaccountsreceivable,"Accounts receivable, net",6682000000,6682000000.0,usd,USD,1.0,duration_2024-09-29_2025-09-27,reported,duration,2024-09-29,2025-09-27,,2025,FY,2025-10-31,10-K,0000320193-25-000079,edgar:0000320193-25-000079:f-289,c-1,http://www.apple.com/role/CONSOLIDATEDSTATEMENTSOFCASHFLOWS,"{""cik"": ""0000320193"", ""context_ref"": ""c-1"", ""period_key"": ""duration_2024-09-29_2025-09-27"", ""preferred_sign"": 1.0, ""statement_role"": ""http://www.apple.com/role/CONSOLIDATEDSTATEMENTSOFCASHFLOWS"", ""statement_type"": ""CashFlowStatement"", ""weight"": -1.0}",{},False,,edgar_xbrl
f-290,815410652634667d13dec717ba9d82b82877ab4f708525053b279ff9f1a892ee,AAPL,edgar,cash_flow_statement,us-gaap:IncreaseDecreaseInAccountsReceivable,,increasedecreaseinaccountsreceivable,"Accounts receivable, net",3788000000,3788000000.0,usd,USD,1.0,duration_2023-10-01_2024-09-28,reported,duration,2023-10-01,2024-09-28,,2025,FY,2025-10-31,10-K,0000320193-25-000079,edgar:0000320193-25-000079:f-290,c-18,http://www.apple.com/role/CONSOLIDATEDSTATEMENTSOFCASHFLOWS,"{""cik"": ""0000320193"", ""context_ref"": ""c-18"", ""period_key"": ""duration_2023-10-01_2024-09-28"", ""preferred_sign"": 1.0, ""statement_role"": ""http://www.apple.com/role/CONSOLIDATEDSTATEMENTSOFCASHFLOWS"", ""statement_type"": ""CashFlowStatement"", ""weight"": -1.0}",{},False,,edgar_xbrl
f-291,4628aec3228a7335523ed4988cee3bbae7b5e344cdb18862f7ab2c566d49514b,AAPL,edgar,cash_flow_statement,us-gaap:IncreaseDecreaseInAccountsReceivable,,increasedecreaseinaccountsreceivable,"Accounts receivable, net",1688000000,1688000000.0,usd,USD,1.0,duration_2022-09-25_2023-09-30,reported,duration,2022-09-25,2023-09-30,,2024,FY,2025-10-31,10-K,0000320193-25-000079,edgar:0000320193-25-000079:f-291,c-19,http://www.apple.com/role/CONSOLIDATEDSTATEMENTSOFCASHFLOWS,"{""cik"": ""0000320193"", ""context_ref"": ""c-19"", ""period_key"": ""duration_2022-09-25_2023-09-30"", ""preferred_sign"": 1.0, ""statement_role"": ""http://www.apple.com/role/CONSOLIDATEDSTATEMENTSOFCASHFLOWS"", ""statement_type"": ""CashFlowStatement"", ""weight"": -1.0}",{},False,,edgar_xbrl
f-292,2a45c625f2ed233770c5ae834b01b24f847472412f7c2700d8f065c3342ba3a0,AAPL,edgar,cash_flow_statement,us-gaap:IncreaseDecreaseInOtherReceivables,ChangeInReceivables,changeinreceivables,Vendor non-trade receivables,347000000,347000000.0,usd,USD,1.0,duration_2024-09-29_2025-09-27,reported,duration,2024-09-29,2025-09-27,,2025,FY,2025-10-31,10-K,0000320193-25-000079,edgar:0000320193-25-000079:f-292,c-1,http://www.apple.com/role/CONSOLIDATEDSTATEMENTSOFCASHFLOWS,"{""cik"": ""0000320193"", ""context_ref"": ""c-1"", ""period_key"": ""duration_2024-09-29_2025-09-27"", ""preferred_sign"": 1.0, ""statement_role"": ""http://www.apple.com/role/CONSOLIDATEDSTATEMENTSOFCASHFLOWS"", ""statement_type"": ""CashFlowStatement"", ""weight"": -1.0}",{},False,,edgar_xbrl
f-293,0b1751497b7113653b4b75112c13c0eb137f9c9c2d8adb6449db600fbd74fc53,AAPL,edgar,cash_flow_statement,us-gaap:IncreaseDecreaseInOtherReceivables,ChangeInReceivables,changeinreceivables,Vendor non-trade receivables,1356000000,1356000000.0,usd,USD,1.0,duration_2023-10-01_2024-09-28,reported,duration,2023-10-01,2024-09-28,,2025,FY,2025-10-31,10-K,0000320193-25-000079,edgar:0000320193-25-000079:f-293,c-18,http://www.apple.com/role/CONSOLIDATEDSTATEMENTSOFCASHFLOWS,"{""cik"": ""0000320193"", ""context_ref"": ""c-18"", ""period_key"": ""duration_2023-10-01_2024-09-28"", ""preferred_sign"": 1.0, ""statement_role"": ""http://www.apple.com/role/CONSOLIDATEDSTATEMENTSOFCASHFLOWS"", ""statement_type"": ""CashFlowStatement"", ""weight"": -1.0}",{},False,,edgar_xbrl
f-294,57ded0feb25e2baef8b268cab38d85f865620951b04b2695c10730b38af2e4d7,AAPL,edgar,cash_flow_statement,us-gaap:IncreaseDecreaseInOtherReceivables,ChangeInReceivables,changeinreceivables,Vendor non-trade receivables,-1271000000,-1271000000.0,usd,USD,1.0,duration_2022-09-25_2023-09-30,reported,duration,2022-09-25,2023-09-30,,2024,FY,2025-10-31,10-K,0000320193-25-000079,edgar:0000320193-25-000079:f-294,c-19,http://www.apple.com/role/CONSOLIDATEDSTATEMENTSOFCASHFLOWS,"{""cik"": ""0000320193"", ""context_ref"": ""c-19"", ""period_key"": ""duration_2022-09-25_2023-09-30"", ""preferred_sign"": 1.0, ""statement_role"": ""http://www.apple.com/role/CONSOLIDATEDSTATEMENTSOFCASHFLOWS"", ""statement_type"": ""CashFlowStatement"", ""weight"": -1.0}",{},False,,edgar_xbrl
f-295,e36c2ce72599093fdb2ec9043bf68847a72fa65d5dd0e74e08612018160e6a63,AAPL,edgar,cash_flow_statement,us-gaap:IncreaseDecreaseInInventories,,increasedecreaseininventories,Inventories,-1400000000,-1400000000.0,usd,USD,1.0,duration_2024-09-29_2025-09-27,reported,duration,2024-09-29,2025-09-27,,2025,FY,2025-10-31,10-K,0000320193-25-000079,edgar:0000320193-25-000079:f-295,c-1,http://www.apple.com/role/CONSOLIDATEDSTATEMENTSOFCASHFLOWS,"{""cik"": ""0000320193"", ""context_ref"": ""c-1"", ""period_key"": ""duration_2024-09-29_2025-09-27"", ""preferred_sign"": 1.0, ""statement_role"": ""http://www.apple.com/role/CONSOLIDATEDSTATEMENTSOFCASHFLOWS"", ""statement_type"": ""CashFlowStatement"", ""weight"": -1.0}",{},False,,edgar_xbrl
f-296,fbc321123572d9979e7ef5f9237d65a42e9faa77eba294b9eb4997b582078309,AAPL,edgar,cash_flow_statement,us-gaap:IncreaseDecreaseInInventories,,increasedecreaseininventories,Inventories,1046000000,1046000000.0,usd,USD,1.0,duration_2023-10-01_2024-09-28,reported,duration,2023-10-01,2024-09-28,,2025,FY,2025-10-31,10-K,0000320193-25-000079,edgar:0000320193-25-000079:f-296,c-18,http://www.apple.com/role/CONSOLIDATEDSTATEMENTSOFCASHFLOWS,"{""cik"": ""0000320193"", ""context_ref"": ""c-18"", ""period_key"": ""duration_2023-10-01_2024-09-28"", ""preferred_sign"": 1.0, ""statement_role"": ""http://www.apple.com/role/CONSOLIDATEDSTATEMENTSOFCASHFLOWS"", ""statement_type"": ""CashFlowStatement"", ""weight"": -1.0}",{},False,,edgar_xbrl
f-297,9c96d6dd25d355d8dbe364bcbcf2c7c2b3a36e3999ea90701e740681008cb71e,AAPL,edgar,cash_flow_statement,us-gaap:IncreaseDecreaseInInventories,,increasedecreaseininventories,Inventories,1618000000,1618000000.0,usd,USD,1.0,duration_2022-09-25_2023-09-30,reported,duration,2022-09-25,2023-09-30,,2024,FY,2025-10-31,10-K,0000320193-25-000079,edgar:0000320193-25-000079:f-297,c-19,http://www.apple.com/role/CONSOLIDATEDSTATEMENTSOFCASHFLOWS,"{""cik"": ""0000320193"", ""context_ref"": ""c-19"", ""period_key"": ""duration_2022-09-25_2023-09-30"", ""preferred_sign"": 1.0, ""statement_role"": ""http://www.apple.com/role/CONSOLIDATEDSTATEMENTSOFCASHFLOWS"", ""statement_type"": ""CashFlowStatement"", ""weight"": -1.0}",{},False,,edgar_xbrl
f-298,55012fe459c1ba2f89edb396a842f46dc03089ae410f90195f14bda7180475b4,AAPL,edgar,cash_flow_statement,us-gaap:IncreaseDecreaseInOtherOperatingAssets,,increasedecreaseinotheroperatingassets,Other current and non-current assets,9197000000,9197000000.0,usd,USD,1.0,duration_2024-09-29_2025-09-27,reported,duration,2024-09-29,2025-09-27,,2025,FY,2025-10-31,10-K,0000320193-25-000079,edgar:0000320193-25-000079:f-298,c-1,http://www.apple.com/role/CONSOLIDATEDSTATEMENTSOFCASHFLOWS,"{""cik"": ""0000320193"", ""context_ref"": ""c-1"", ""period_key"": ""duration_2024-09-29_2025-09-27"", ""preferred_sign"": 1.0, ""statement_role"": ""http://www.apple.com/role/CONSOLIDATEDSTATEMENTSOFCASHFLOWS"", ""statement_type"": ""CashFlowStatement"", ""weight"": -1.0}",{},False,,edgar_xbrl
f-299,0f8fd17f092c6493e41f0221a3fb5007050b3c2c253e0a16e69dc674c7fea7f2,AAPL,edgar,cash_flow_statement,us-gaap:IncreaseDecreaseInOtherOperatingAssets,,increasedecreaseinotheroperatingassets,Other current and non-current assets,11731000000,11731000000.0,usd,USD,1.0,duration_2023-10-01_2024-09-28,reported,duration,2023-10-01,2024-09-28,,2025,FY,2025-10-31,10-K,0000320193-25-000079,edgar:0000320193-25-000079:f-299,c-18,http://www.apple.com/role/CONSOLIDATEDSTATEMENTSOFCASHFLOWS,"{""cik"": ""0000320193"", ""context_ref"": ""c-18"", ""period_key"": ""duration_2023-10-01_2024-09-28"", ""preferred_sign"": 1.0, ""statement_role"": ""http://www.apple.com/role/CONSOLIDATEDSTATEMENTSOFCASHFLOWS"", ""statement_type"": ""CashFlowStatement"", ""weight"": -1.0}",{},False,,edgar_xbrl
f-300,7811fbdb5705a366218697f32299d9fb4ffbc0fa64129e2f2931423acc7c4a25,AAPL,edgar,cash_flow_statement,us-gaap:IncreaseDecreaseInOtherOperatingAssets,,increasedecreaseinotheroperatingassets,Other current and non-current assets,5684000000,5684000000.0,usd,USD,1.0,duration_2022-09-25_2023-09-30,reported,duration,2022-09-25,2023-09-30,,2024,FY,2025-10-31,10-K,0000320193-25-000079,edgar:0000320193-25-000079:f-300,c-19,http://www.apple.com/role/CONSOLIDATEDSTATEMENTSOFCASHFLOWS,"{""cik"": ""0000320193"", ""context_ref"": ""c-19"", ""period_key"": ""duration_2022-09-25_2023-09-30"", ""preferred_sign"": 1.0, ""statement_role"": ""http://www.apple.com/role/CONSOLIDATEDSTATEMENTSOFCASHFLOWS"", ""statement_type"": ""CashFlowStatement"", ""weight"": -1.0}",{},False,,edgar_xbrl
f-301,af4516a582d3e56b72ae227ee1a3c04d384417786b231669c78652959d4eca2b,AAPL,edgar,cash_flow_statement,us-gaap:IncreaseDecreaseInAccountsPayable,,increasedecreaseinaccountspayable,Accounts payable,902000000,902000000.0,usd,USD,1.0,duration_2024-09-29_2025-09-27,reported,duration,2024-09-29,2025-09-27,,2025,FY,2025-10-31,10-K,0000320193-25-000079,edgar:0000320193-25-000079:f-301,c-1,http://www.apple.com/role/CONSOLIDATEDSTATEMENTSOFCASHFLOWS,"{""cik"": ""0000320193"", ""context_ref"": ""c-1"", ""period_key"": ""duration_2024-09-29_2025-09-27"", ""preferred_sign"": 1.0, ""statement_role"": ""http://www.apple.com/role/CONSOLIDATEDSTATEMENTSOFCASHFLOWS"", ""statement_type"": ""CashFlowStatement"", ""weight"": 1.0}",{},False,,edgar_xbrl
f-302,cbb793f21b2f7b08256e498c40c79015d02db7682ee2731abad021b54db17535,AAPL,edgar,cash_flow_statement,us-gaap:IncreaseDecreaseInAccountsPayable,,increasedecreaseinaccountspayable,Accounts payable,6020000000,6020000000.0,usd,USD,1.0,duration_2023-10-01_2024-09-28,reported,duration,2023-10-01,2024-09-28,,2025,FY,2025-10-31,10-K,0000320193-25-000079,edgar:0000320193-25-000079:f-302,c-18,http://www.apple.com/role/CONSOLIDATEDSTATEMENTSOFCASHFLOWS,"{""cik"": ""0000320193"", ""context_ref"": ""c-18"", ""period_key"": ""duration_2023-10-01_2024-09-28"", ""preferred_sign"": 1.0, ""statement_role"": ""http://www.apple.com/role/CONSOLIDATEDSTATEMENTSOFCASHFLOWS"", ""statement_type"": ""CashFlowStatement"", ""weight"": 1.0}",{},False,,edgar_xbrl
f-303,575e23321968eb1de33a05629fb340fb98ef5e0b6533d8ca28c41cdfc662c6d0,AAPL,edgar,cash_flow_statement,us-gaap:IncreaseDecreaseInAccountsPayable,,increasedecreaseinaccountspayable,Accounts payable,-1889000000,-1889000000.0,usd,USD,1.0,duration_2022-09-25_2023-09-30,reported,duration,2022-09-25,2023-09-30,,2024,FY,2025-10-31,10-K,0000320193-25-000079,edgar:0000320193-25-000079:f-303,c-19,http://www.apple.com/role/CONSOLIDATEDSTATEMENTSOFCASHFLOWS,"{""cik"": ""0000320193"", ""context_ref"": ""c-19"", ""period_key"": ""duration_2022-09-25_2023-09-30"", ""preferred_sign"": 1.0, ""statement_role"": ""http://www.apple.com/role/CONSOLIDATEDSTATEMENTSOFCASHFLOWS"", ""statement_type"": ""CashFlowStatement"", ""weight"": 1.0}",{},False,,edgar_xbrl
f-304,7d6b4636f61968ad9b53988a63a448d115b25a818414c08b3cf7b0b12bd7c116,AAPL,edgar,cash_flow_statement,us-gaap:IncreaseDecreaseInOtherOperatingLiabilities,ChangeInOtherWorkingCapital,changeinotherworkingcapital,Other current and non-current liabilities,-11076000000,-11076000000.0,usd,USD,1.0,duration_2024-09-29_2025-09-27,reported,duration,2024-09-29,2025-09-27,,2025,FY,2025-10-31,10-K,0000320193-25-000079,edgar:0000320193-25-000079:f-304,c-1,http://www.apple.com/role/CONSOLIDATEDSTATEMENTSOFCASHFLOWS,"{""cik"": ""0000320193"", ""context_ref"": ""c-1"", ""period_key"": ""duration_2024-09-29_2025-09-27"", ""preferred_sign"": 1.0, ""statement_role"": ""http://www.apple.com/role/CONSOLIDATEDSTATEMENTSOFCASHFLOWS"", ""statement_type"": ""CashFlowStatement"", ""weight"": 1.0}",{},False,,edgar_xbrl
f-305,a6c8dd8884506dac1923ac05611ebd4741bc225d2d79c41d2d40a53063bdbec6,AAPL,edgar,cash_flow_statement,us-gaap:IncreaseDecreaseInOtherOperatingLiabilities,ChangeInOtherWorkingCapital,changeinotherworkingcapital,Other current and non-current liabilities,15552000000,15552000000.0,usd,USD,1.0,duration_2023-10-01_2024-09-28,reported,duration,2023-10-01,2024-09-28,,2025,FY,2025-10-31,10-K,0000320193-25-000079,edgar:0000320193-25-000079:f-305,c-18,http://www.apple.com/role/CONSOLIDATEDSTATEMENTSOFCASHFLOWS,"{""cik"": ""0000320193"", ""context_ref"": ""c-18"", ""period_key"": ""duration_2023-10-01_2024-09-28"", ""preferred_sign"": 1.0, ""statement_role"": ""http://www.apple.com/role/CONSOLIDATEDSTATEMENTSOFCASHFLOWS"", ""statement_type"": ""CashFlowStatement"", ""weight"": 1.0}",{},False,,edgar_xbrl
f-306,5e59910e06f7d0e2b93555e5a6eee7115b3e8b47dfe3a48da411a67ba6b50ec2,AAPL,edgar,cash_flow_statement,us-gaap:IncreaseDecreaseInOtherOperatingLiabilities,ChangeInOtherWorkingCapital,changeinotherworkingcapital,Other current and non-current liabilities,3031000000,3031000000.0,usd,USD,1.0,duration_2022-09-25_2023-09-30,reported,duration,2022-09-25,2023-09-30,,2024,FY,2025-10-31,10-K,0000320193-25-000079,edgar:0000320193-25-000079:f-306,c-19,http://www.apple.com/role/CONSOLIDATEDSTATEMENTSOFCASHFLOWS,"{""cik"": ""0000320193"", ""context_ref"": ""c-19"", ""period_key"": ""duration_2022-09-25_2023-09-30"", ""preferred_sign"": 1.0, ""statement_role"": ""http://www.apple.com/role/CONSOLIDATEDSTATEMENTSOFCASHFLOWS"", ""statement_type"": ""CashFlowStatement"", ""weight"": 1.0}",{},False,,edgar_xbrl
f-307,0425bd23f8c323e7850564844f1dc24a2f33c10bf38e8e76f990873673c480a9,AAPL,edgar,cash_flow_statement,us-gaap:NetCashProvidedByUsedInOperatingActivities,NetCashFromOperatingActivities,netcashfromoperatingactivities,Cash generated by operating activities,111482000000,111482000000.0,usd,USD,1.0,duration_2024-09-29_2025-09-27,reported,duration,2024-09-29,2025-09-27,,2025,FY,2025-10-31,10-K,0000320193-25-000079,edgar:0000320193-25-000079:f-307,c-1,http://www.apple.com/role/CONSOLIDATEDSTATEMENTSOFCASHFLOWS,"{""balance"": ""debit"", ""cik"": ""0000320193"", ""context_ref"": ""c-1"", ""period_key"": ""duration_2024-09-29_2025-09-27"", ""preferred_sign"": 1.0, ""statement_role"": ""http://www.apple.com/role/CONSOLIDATEDSTATEMENTSOFCASHFLOWS"", ""statement_type"": ""CashFlowStatement"", ""weight"": 1.0}",{},False,,edgar_xbrl
f-308,634761a76666bfdc477f3f3448046a134f97e85d1edd140c2cfa0db5a9f94d6e,AAPL,edgar,cash_flow_statement,us-gaap:NetCashProvidedByUsedInOperatingActivities,NetCashFromOperatingActivities,netcashfromoperatingactivities,Cash generated by operating activities,118254000000,118254000000.0,usd,USD,1.0,duration_2023-10-01_2024-09-28,reported,duration,2023-10-01,2024-09-28,,2025,FY,2025-10-31,10-K,0000320193-25-000079,edgar:0000320193-25-000079:f-308,c-18,http://www.apple.com/role/CONSOLIDATEDSTATEMENTSOFCASHFLOWS,"{""balance"": ""debit"", ""cik"": ""0000320193"", ""context_ref"": ""c-18"", ""period_key"": ""duration_2023-10-01_2024-09-28"", ""preferred_sign"": 1.0, ""statement_role"": ""http://www.apple.com/role/CONSOLIDATEDSTATEMENTSOFCASHFLOWS"", ""statement_type"": ""CashFlowStatement"", ""weight"": 1.0}",{},False,,edgar_xbrl
f-309,827593a40cf43206af4bebd5f7e77481735bd828f2cbde6bd709d4befc6e4c13,AAPL,edgar,cash_flow_statement,us-gaap:NetCashProvidedByUsedInOperatingActivities,NetCashFromOperatingActivities,netcashfromoperatingactivities,Cash generated by operating activities,110543000000,110543000000.0,usd,USD,1.0,duration_2022-09-25_2023-09-30,reported,duration,2022-09-25,2023-09-30,,2024,FY,2025-10-31,10-K,0000320193-25-000079,edgar:0000320193-25-000079:f-309,c-19,http://www.apple.com/role/CONSOLIDATEDSTATEMENTSOFCASHFLOWS,"{""balance"": ""debit"", ""cik"": ""0000320193"", ""context_ref"": ""c-19"", ""period_key"": ""duration_2022-09-25_2023-09-30"", ""preferred_sign"": 1.0, ""statement_role"": ""http://www.apple.com/role/CONSOLIDATEDSTATEMENTSOFCASHFLOWS"", ""statement_type"": ""CashFlowStatement"", ""weight"": 1.0}",{},False,,edgar_xbrl
f-310,c67e24723dd29523db2c310af38edc0bf918f2a64b945228173fc58d0abc7a7d,AAPL,edgar,cash_flow_statement,us-gaap:PaymentsToAcquireAvailableForSaleSecuritiesDebt,,paymentstoacquireavailableforsalesecuritiesdebt,Purchases of marketable securities,24407000000,24407000000.0,usd,USD,1.0,duration_2024-09-29_2025-09-27,reported,duration,2024-09-29,2025-09-27,,2025,FY,2025-10-31,10-K,0000320193-25-000079,edgar:0000320193-25-000079:f-310,c-1,http://www.apple.com/role/CONSOLIDATEDSTATEMENTSOFCASHFLOWS,"{""cik"": ""0000320193"", ""context_ref"": ""c-1"", ""period_key"": ""duration_2024-09-29_2025-09-27"", ""preferred_sign"": 1.0, ""statement_role"": ""http://www.apple.com/role/CONSOLIDATEDSTATEMENTSOFCASHFLOWS"", ""statement_type"": ""CashFlowStatement"", ""weight"": -1.0}",{},False,,edgar_xbrl
f-311,83cf19556b5d68ad9ce52b5d4392199792d24fbbac6ed7749b19e29a5925200c,AAPL,edgar,cash_flow_statement,us-gaap:PaymentsToAcquireAvailableForSaleSecuritiesDebt,,paymentstoacquireavailableforsalesecuritiesdebt,Purchases of marketable securities,48656000000,48656000000.0,usd,USD,1.0,duration_2023-10-01_2024-09-28,reported,duration,2023-10-01,2024-09-28,,2025,FY,2025-10-31,10-K,0000320193-25-000079,edgar:0000320193-25-000079:f-311,c-18,http://www.apple.com/role/CONSOLIDATEDSTATEMENTSOFCASHFLOWS,"{""cik"": ""0000320193"", ""context_ref"": ""c-18"", ""period_key"": ""duration_2023-10-01_2024-09-28"", ""preferred_sign"": 1.0, ""statement_role"": ""http://www.apple.com/role/CONSOLIDATEDSTATEMENTSOFCASHFLOWS"", ""statement_type"": ""CashFlowStatement"", ""weight"": -1.0}",{},False,,edgar_xbrl
f-312,d237e4772d3cfc9b2769669672fd21700d70dde797744eb7881b7b4c9d2f61e1,AAPL,edgar,cash_flow_statement,us-gaap:PaymentsToAcquireAvailableForSaleSecuritiesDebt,,paymentstoacquireavailableforsalesecuritiesdebt,Purchases of marketable securities,29513000000,29513000000.0,usd,USD,1.0,duration_2022-09-25_2023-09-30,reported,duration,2022-09-25,2023-09-30,,2024,FY,2025-10-31,10-K,0000320193-25-000079,edgar:0000320193-25-000079:f-312,c-19,http://www.apple.com/role/CONSOLIDATEDSTATEMENTSOFCASHFLOWS,"{""cik"": ""0000320193"", ""context_ref"": ""c-19"", ""period_key"": ""duration_2022-09-25_2023-09-30"", ""preferred_sign"": 1.0, ""statement_role"": ""http://www.apple.com/role/CONSOLIDATEDSTATEMENTSOFCASHFLOWS"", ""statement_type"": ""CashFlowStatement"", ""weight"": -1.0}",{},False,,edgar_xbrl
f-313,18611584ed7a76490d899f61e2f3f307a1e6f15974e674960a934621a1f16fdd,AAPL,edgar,cash_flow_statement,us-gaap:ProceedsFromMaturitiesPrepaymentsAndCallsOfAvailableForSaleSecurities,InvestmentProceeds,investmentproceeds,Proceeds from maturities of marketable securities,40907000000,40907000000.0,usd,USD,1.0,duration_2024-09-29_2025-09-27,reported,duration,2024-09-29,2025-09-27,,2025,FY,2025-10-31,10-K,0000320193-25-000079,edgar:0000320193-25-000079:f-313,c-1,http://www.apple.com/role/CONSOLIDATEDSTATEMENTSOFCASHFLOWS,"{""cik"": ""0000320193"", ""context_ref"": ""c-1"", ""period_key"": ""duration_2024-09-29_2025-09-27"", ""preferred_sign"": 1.0, ""statement_role"": ""http://www.apple.com/role/CONSOLIDATEDSTATEMENTSOFCASHFLOWS"", ""statement_type"": ""CashFlowStatement"", ""weight"": 1.0}",{},False,,edgar_xbrl
f-314,e2a9311a59dafefd906b982df8a3002736d5e7c3c3f9a88535ff4ff52ed74bcf,AAPL,edgar,cash_flow_statement,us-gaap:ProceedsFromMaturitiesPrepaymentsAndCallsOfAvailableForSaleSecurities,InvestmentProceeds,investmentproceeds,Proceeds from maturities of marketable securities,51211000000,51211000000.0,usd,USD,1.0,duration_2023-10-01_2024-09-28,reported,duration,2023-10-01,2024-09-28,,2025,FY,2025-10-31,10-K,0000320193-25-000079,edgar:0000320193-25-000079:f-314,c-18,http://www.apple.com/role/CONSOLIDATEDSTATEMENTSOFCASHFLOWS,"{""cik"": ""0000320193"", ""context_ref"": ""c-18"", ""period_key"": ""duration_2023-10-01_2024-09-28"", ""preferred_sign"": 1.0, ""statement_role"": ""http://www.apple.com/role/CONSOLIDATEDSTATEMENTSOFCASHFLOWS"", ""statement_type"": ""CashFlowStatement"", ""weight"": 1.0}",{},False,,edgar_xbrl
f-315,3f8532daf0bfdc18b0c382783ec7cabb8a37fed3ad0468e64e8518010d6c6ff5,AAPL,edgar,cash_flow_statement,us-gaap:ProceedsFromMaturitiesPrepaymentsAndCallsOfAvailableForSaleSecurities,InvestmentProceeds,investmentproceeds,Proceeds from maturities of marketable securities,39686000000,39686000000.0,usd,USD,1.0,duration_2022-09-25_2023-09-30,reported,duration,2022-09-25,2023-09-30,,2024,FY,2025-10-31,10-K,0000320193-25-000079,edgar:0000320193-25-000079:f-315,c-19,http://www.apple.com/role/CONSOLIDATEDSTATEMENTSOFCASHFLOWS,"{""cik"": ""0000320193"", ""context_ref"": ""c-19"", ""period_key"": ""duration_2022-09-25_2023-09-30"", ""preferred_sign"": 1.0, ""statement_role"": ""http://www.apple.com/role/CONSOLIDATEDSTATEMENTSOFCASHFLOWS"", ""statement_type"": ""CashFlowStatement"", ""weight"": 1.0}",{},False,,edgar_xbrl
f-316,43929eb247dab08f56c0f9ca52baedd35a0ad94f0bb681c9d97d046f19660a7f,AAPL,edgar,cash_flow_statement,us-gaap:ProceedsFromSaleOfAvailableForSaleSecuritiesDebt,InvestmentProceeds,investmentproceeds,Proceeds from sales of marketable securities,12890000000,12890000000.0,usd,USD,1.0,duration_2024-09-29_2025-09-27,reported,duration,2024-09-29,2025-09-27,,2025,FY,2025-10-31,10-K,0000320193-25-000079,edgar:0000320193-25-000079:f-316,c-1,http://www.apple.com/role/CONSOLIDATEDSTATEMENTSOFCASHFLOWS,"{""balance"": ""debit"", ""cik"": ""0000320193"", ""context_ref"": ""c-1"", ""period_key"": ""duration_2024-09-29_2025-09-27"", ""preferred_sign"": 1.0, ""statement_role"": ""http://www.apple.com/role/CONSOLIDATEDSTATEMENTSOFCASHFLOWS"", ""statement_type"": ""CashFlowStatement"", ""weight"": 1.0}",{},False,,edgar_xbrl
f-317,40f3208c352c77267d9d400cb8bcce41dcfbf727e9247b60e267c7197366f4a9,AAPL,edgar,cash_flow_statement,us-gaap:ProceedsFromSaleOfAvailableForSaleSecuritiesDebt,InvestmentProceeds,investmentproceeds,Proceeds from sales of marketable securities,11135000000,11135000000.0,usd,USD,1.0,duration_2023-10-01_2024-09-28,reported,duration,2023-10-01,2024-09-28,,2025,FY,2025-10-31,10-K,0000320193-25-000079,edgar:0000320193-25-000079:f-317,c-18,http://www.apple.com/role/CONSOLIDATEDSTATEMENTSOFCASHFLOWS,"{""balance"": ""debit"", ""cik"": ""0000320193"", ""context_ref"": ""c-18"", ""period_key"": ""duration_2023-10-01_2024-09-28"", ""preferred_sign"": 1.0, ""statement_role"": ""http://www.apple.com/role/CONSOLIDATEDSTATEMENTSOFCASHFLOWS"", ""statement_type"": ""CashFlowStatement"", ""weight"": 1.0}",{},False,,edgar_xbrl
f-318,cc8345302dc0bbcc36503c66fe83deef6baf36257559454ee062d6f1ff4e500f,AAPL,edgar,cash_flow_statement,us-gaap:ProceedsFromSaleOfAvailableForSaleSecuritiesDebt,InvestmentProceeds,investmentproceeds,Proceeds from sales of marketable securities,5828000000,5828000000.0,usd,USD,1.0,duration_2022-09-25_2023-09-30,reported,duration,2022-09-25,2023-09-30,,2024,FY,2025-10-31,10-K,0000320193-25-000079,edgar:0000320193-25-000079:f-318,c-19,http://www.apple.com/role/CONSOLIDATEDSTATEMENTSOFCASHFLOWS,"{""balance"": ""debit"", ""cik"": ""0000320193"", ""context_ref"": ""c-19"", ""period_key"": ""duration_2022-09-25_2023-09-30"", ""preferred_sign"": 1.0, ""statement_role"": ""http://www.apple.com/role/CONSOLIDATEDSTATEMENTSOFCASHFLOWS"", ""statement_type"": ""CashFlowStatement"", ""weight"": 1.0}",{},False,,edgar_xbrl
f-319,f6b559eaa9ccd1b873aa72ff677fb8ccf9231311f6ab0b1b4a40fb880e4a0b46,AAPL,edgar,cash_flow_statement,us-gaap:PaymentsToAcquirePropertyPlantAndEquipment,CapitalExpenses,capitalexpenses,"Payments for acquisition of property, plant and equipment",12715000000,12715000000.0,usd,USD,1.0,duration_2024-09-29_2025-09-27,reported,duration,2024-09-29,2025-09-27,,2025,FY,2025-10-31,10-K,0000320193-25-000079,edgar:0000320193-25-000079:f-319,c-1,http://www.apple.com/role/CONSOLIDATEDSTATEMENTSOFCASHFLOWS,"{""balance"": ""credit"", ""cik"": ""0000320193"", ""context_ref"": ""c-1"", ""period_key"": ""duration_2024-09-29_2025-09-27"", ""preferred_sign"": 1.0, ""statement_role"": ""http://www.apple.com/role/CONSOLIDATEDSTATEMENTSOFCASHFLOWS"", ""statement_type"": ""CashFlowStatement"", ""weight"": -1.0}",{},False,,edgar_xbrl
f-320,a907bfe57ca0eb334344e1fbe20421321d47f447341a9c67256df92859a7110b,AAPL,edgar,cash_flow_statement,us-gaap:PaymentsToAcquirePropertyPlantAndEquipment,CapitalExpenses,capitalexpenses,"Payments for acquisition of property, plant and equipment",9447000000,9447000000.0,usd,USD,1.0,duration_2023-10-01_2024-09-28,reported,duration,2023-10-01,2024-09-28,,2025,FY,2025-10-31,10-K,0000320193-25-000079,edgar:0000320193-25-000079:f-320,c-18,http://www.apple.com/role/CONSOLIDATEDSTATEMENTSOFCASHFLOWS,"{""balance"": ""credit"", ""cik"": ""0000320193"", ""context_ref"": ""c-18"", ""period_key"": ""duration_2023-10-01_2024-09-28"", ""preferred_sign"": 1.0, ""statement_role"": ""http://www.apple.com/role/CONSOLIDATEDSTATEMENTSOFCASHFLOWS"", ""statement_type"": ""CashFlowStatement"", ""weight"": -1.0}",{},False,,edgar_xbrl
f-321,3936a9d808a4024f3aae8dcbdf360acef7930ef173f6176dbe450d37944b2c28,AAPL,edgar,cash_flow_statement,us-gaap:PaymentsToAcquirePropertyPlantAndEquipment,CapitalExpenses,capitalexpenses,"Payments for acquisition of property, plant and equipment",10959000000,10959000000.0,usd,USD,1.0,duration_2022-09-25_2023-09-30,reported,duration,2022-09-25,2023-09-30,,2024,FY,2025-10-31,10-K,0000320193-25-000079,edgar:0000320193-25-000079:f-321,c-19,http://www.apple.com/role/CONSOLIDATEDSTATEMENTSOFCASHFLOWS,"{""balance"": ""credit"", ""cik"": ""0000320193"", ""context_ref"": ""c-19"", ""period_key"": ""duration_2022-09-25_2023-09-30"", ""preferred_sign"": 1.0, ""statement_role"": ""http://www.apple.com/role/CONSOLIDATEDSTATEMENTSOFCASHFLOWS"", ""statement_type"": ""CashFlowStatement"", ""weight"": -1.0}",{},False,,edgar_xbrl
f-322,6d545ddf955ba2c3fc627ac83d396206cadf326ca17e18f2133c6a812c765177,AAPL,edgar,cash_flow_statement,us-gaap:PaymentsForProceedsFromOtherInvestingActivities,NetCashFromInvestingActivities,netcashfrominvestingactivities,Other,1480000000,1480000000.0,usd,USD,1.0,duration_2024-09-29_2025-09-27,reported,duration,2024-09-29,2025-09-27,,2025,FY,2025-10-31,10-K,0000320193-25-000079,edgar:0000320193-25-000079:f-322,c-1,http://www.apple.com/role/CONSOLIDATEDSTATEMENTSOFCASHFLOWS,"{""cik"": ""0000320193"", ""context_ref"": ""c-1"", ""period_key"": ""duration_2024-09-29_2025-09-27"", ""preferred_sign"": 1.0, ""statement_role"": ""http://www.apple.com/role/CONSOLIDATEDSTATEMENTSOFCASHFLOWS"", ""statement_type"": ""CashFlowStatement"", ""weight"": -1.0}",{},False,,edgar_xbrl
f-323,0a75c9450f29058050a99023fd851ec26c78cc9ca4e79b03e76f6aba7817406a,AAPL,edgar,cash_flow_statement,us-gaap:PaymentsForProceedsFromOtherInvestingActivities,NetCashFromInvestingActivities,netcashfrominvestingactivities,Other,1308000000,1308000000.0,usd,USD,1.0,duration_2023-10-01_2024-09-28,reported,duration,2023-10-01,2024-09-28,,2025,FY,2025-10-31,10-K,0000320193-25-000079,edgar:0000320193-25-000079:f-323,c-18,http://www.apple.com/role/CONSOLIDATEDSTATEMENTSOFCASHFLOWS,"{""cik"": ""0000320193"", ""context_ref"": ""c-18"", ""period_key"": ""duration_2023-10-01_2024-09-28"", ""preferred_sign"": 1.0, ""statement_role"": ""http://www.apple.com/role/CONSOLIDATEDSTATEMENTSOFCASHFLOWS"", ""statement_type"": ""CashFlowStatement"", ""weight"": -1.0}",{},False,,edgar_xbrl
f-324,75022b9c5e86d86fff7a6c586d8162774d19db946dd8e59a13619a80f18341f9,AAPL,edgar,cash_flow_statement,us-gaap:PaymentsForProceedsFromOtherInvestingActivities,NetCashFromInvestingActivities,netcashfrominvestingactivities,Other,1337000000,1337000000.0,usd,USD,1.0,duration_2022-09-25_2023-09-30,reported,duration,2022-09-25,2023-09-30,,2024,FY,2025-10-31,10-K,0000320193-25-000079,edgar:0000320193-25-000079:f-324,c-19,http://www.apple.com/role/CONSOLIDATEDSTATEMENTSOFCASHFLOWS,"{""cik"": ""0000320193"", ""context_ref"": ""c-19"", ""period_key"": ""duration_2022-09-25_2023-09-30"", ""preferred_sign"": 1.0, ""statement_role"": ""http://www.apple.com/role/CONSOLIDATEDSTATEMENTSOFCASHFLOWS"", ""statement_type"": ""CashFlowStatement"", ""weight"": -1.0}",{},False,,edgar_xbrl
f-325,eb184ae25ccdd8ec41bf191678909ea5371e8b76d3bf96de90b80e9a253237da,AAPL,edgar,cash_flow_statement,us-gaap:NetCashProvidedByUsedInInvestingActivities,NetCashFromInvestingActivities,netcashfrominvestingactivities,Cash generated by investing activities,15195000000,15195000000.0,usd,USD,1.0,duration_2024-09-29_2025-09-27,reported,duration,2024-09-29,2025-09-27,,2025,FY,2025-10-31,10-K,0000320193-25-000079,edgar:0000320193-25-000079:f-325,c-1,http://www.apple.com/role/CONSOLIDATEDSTATEMENTSOFCASHFLOWS,"{""balance"": ""debit"", ""cik"": ""0000320193"", ""context_ref"": ""c-1"", ""period_key"": ""duration_2024-09-29_2025-09-27"", ""preferred_sign"": 1.0, ""statement_role"": ""http://www.apple.com/role/CONSOLIDATEDSTATEMENTSOFCASHFLOWS"", ""statement_type"": ""CashFlowStatement"", ""weight"": 1.0}",{},False,,edgar_xbrl
f-326,5251d658f1eb07ed80610eeaf67fe7600e8988acb2171c4b8d1a47a3dceef9f4,AAPL,edgar,cash_flow_statement,us-gaap:NetCashProvidedByUsedInInvestingActivities,NetCashFromInvestingActivities,netcashfrominvestingactivities,Cash generated by investing activities,2935000000,2935000000.0,usd,USD,1.0,duration_2023-10-01_2024-09-28,reported,duration,2023-10-01,2024-09-28,,2025,FY,2025-10-31,10-K,0000320193-25-000079,edgar:0000320193-25-000079:f-326,c-18,http://www.apple.com/role/CONSOLIDATEDSTATEMENTSOFCASHFLOWS,"{""balance"": ""debit"", ""cik"": ""0000320193"", ""context_ref"": ""c-18"", ""period_key"": ""duration_2023-10-01_2024-09-28"", ""preferred_sign"": 1.0, ""statement_role"": ""http://www.apple.com/role/CONSOLIDATEDSTATEMENTSOFCASHFLOWS"", ""statement_type"": ""CashFlowStatement"", ""weight"": 1.0}",{},False,,edgar_xbrl
f-327,d209e5c0c6237c0886513802437b146f563b1111616bf38ef72733c3b979eef1,AAPL,edgar,cash_flow_statement,us-gaap:NetCashProvidedByUsedInInvestingActivities,NetCashFromInvestingActivities,netcashfrominvestingactivities,Cash generated by investing activities,3705000000,3705000000.0,usd,USD,1.0,duration_2022-09-25_2023-09-30,reported,duration,2022-09-25,2023-09-30,,2024,FY,2025-10-31,10-K,0000320193-25-000079,edgar:0000320193-25-000079:f-327,c-19,http://www.apple.com/role/CONSOLIDATEDSTATEMENTSOFCASHFLOWS,"{""balance"": ""debit"", ""cik"": ""0000320193"", ""context_ref"": ""c-19"", ""period_key"": ""duration_2022-09-25_2023-09-30"", ""preferred_sign"": 1.0, ""statement_role"": ""http://www.apple.com/role/CONSOLIDATEDSTATEMENTSOFCASHFLOWS"", ""statement_type"": ""CashFlowStatement"", ""weight"": 1.0}",{},False,,edgar_xbrl
f-328,20093582c3e472a7536c70e75d8c050b14a1adcab7d3cbb26207d67301298628,AAPL,edgar,cash_flow_statement,us-gaap:PaymentsRelatedToTaxWithholdingForShareBasedCompensation,,paymentsrelatedtotaxwithholdingforsharebasedcompensation,Payments for taxes related to net share settlement of equity awards,5960000000,5960000000.0,usd,USD,1.0,duration_2024-09-29_2025-09-27,reported,duration,2024-09-29,2025-09-27,,2025,FY,2025-10-31,10-K,0000320193-25-000079,edgar:0000320193-25-000079:f-328,c-1,http://www.apple.com/role/CONSOLIDATEDSTATEMENTSOFCASHFLOWS,"{""cik"": ""0000320193"", ""context_ref"": ""c-1"", ""period_key"": ""duration_2024-09-29_2025-09-27"", ""preferred_sign"": 1.0, ""statement_role"": ""http://www.apple.com/role/CONSOLIDATEDSTATEMENTSOFCASHFLOWS"", ""statement_type"": ""CashFlowStatement"", ""weight"": -1.0}",{},False,,edgar_xbrl
f-329,145d7e7cec7f2b25deb335f6adbf99ab3cf2c0211d83b7fe8f776cf8e20bf737,AAPL,edgar,cash_flow_statement,us-gaap:PaymentsRelatedToTaxWithholdingForShareBasedCompensation,,paymentsrelatedtotaxwithholdingforsharebasedcompensation,Payments for taxes related to net share settlement of equity awards,5441000000,5441000000.0,usd,USD,1.0,duration_2023-10-01_2024-09-28,reported,duration,2023-10-01,2024-09-28,,2025,FY,2025-10-31,10-K,0000320193-25-000079,edgar:0000320193-25-000079:f-329,c-18,http://www.apple.com/role/CONSOLIDATEDSTATEMENTSOFCASHFLOWS,"{""cik"": ""0000320193"", ""context_ref"": ""c-18"", ""period_key"": ""duration_2023-10-01_2024-09-28"", ""preferred_sign"": 1.0, ""statement_role"": ""http://www.apple.com/role/CONSOLIDATEDSTATEMENTSOFCASHFLOWS"", ""statement_type"": ""CashFlowStatement"", ""weight"": -1.0}",{},False,,edgar_xbrl
f-330,d21704ec5289f3e872dfbbfe5b1f29001251680abbe91c9e1b6b0ae6fe9d1d8e,AAPL,edgar,cash_flow_statement,us-gaap:PaymentsRelatedToTaxWithholdingForShareBasedCompensation,,paymentsrelatedtotaxwithholdingforsharebasedcompensation,Payments for taxes related to net share settlement of equity awards,5431000000,5431000000.0,usd,USD,1.0,duration_2022-09-25_2023-09-30,reported,duration,2022-09-25,2023-09-30,,2024,FY,2025-10-31,10-K,0000320193-25-000079,edgar:0000320193-25-000079:f-330,c-19,http://www.apple.com/role/CONSOLIDATEDSTATEMENTSOFCASHFLOWS,"{""cik"": ""0000320193"", ""context_ref"": ""c-19"", ""period_key"": ""duration_2022-09-25_2023-09-30"", ""preferred_sign"": 1.0, ""statement_role"": ""http://www.apple.com/role/CONSOLIDATEDSTATEMENTSOFCASHFLOWS"", ""statement_type"": ""CashFlowStatement"", ""weight"": -1.0}",{},False,,edgar_xbrl
f-331,73aa6c4a5ff8d4c3a8a8f661535f554c1ecade2ca23e2cf55c053757feacd71a,AAPL,edgar,cash_flow_statement,us-gaap:PaymentsOfDividends,DistributionsToMinorityInterests,distributionstominorityinterests,Payments for dividends and dividend equivalents,15421000000,15421000000.0,usd,USD,1.0,duration_2024-09-29_2025-09-27,reported,duration,2024-09-29,2025-09-27,,2025,FY,2025-10-31,10-K,0000320193-25-000079,edgar:0000320193-25-000079:f-331,c-1,http://www.apple.com/role/CONSOLIDATEDSTATEMENTSOFCASHFLOWS,"{""balance"": ""credit"", ""cik"": ""0000320193"", ""context_ref"": ""c-1"", ""period_key"": ""duration_2024-09-29_2025-09-27"", ""preferred_sign"": 1.0, ""statement_role"": ""http://www.apple.com/role/CONSOLIDATEDSTATEMENTSOFCASHFLOWS"", ""statement_type"": ""CashFlowStatement"", ""weight"": -1.0}",{},False,,edgar_xbrl
f-332,015bcea73f07cd774ec5bf3a173d05f7670701e4ec69a2959965bf1855544b54,AAPL,edgar,cash_flow_statement,us-gaap:PaymentsOfDividends,DistributionsToMinorityInterests,distributionstominorityinterests,Payments for dividends and dividend equivalents,15234000000,15234000000.0,usd,USD,1.0,duration_2023-10-01_2024-09-28,reported,duration,2023-10-01,2024-09-28,,2025,FY,2025-10-31,10-K,0000320193-25-000079,edgar:0000320193-25-000079:f-332,c-18,http://www.apple.com/role/CONSOLIDATEDSTATEMENTSOFCASHFLOWS,"{""balance"": ""credit"", ""cik"": ""0000320193"", ""context_ref"": ""c-18"", ""period_key"": ""duration_2023-10-01_2024-09-28"", ""preferred_sign"": 1.0, ""statement_role"": ""http://www.apple.com/role/CONSOLIDATEDSTATEMENTSOFCASHFLOWS"", ""statement_type"": ""CashFlowStatement"", ""weight"": -1.0}",{},False,,edgar_xbrl
f-333,ce2bc2be60f36e5f737eab879cda877098f3942ee3dcba5504ee0a5c582d2b27,AAPL,edgar,cash_flow_statement,us-gaap:PaymentsOfDividends,DistributionsToMinorityInterests,distributionstominorityinterests,Payments for dividends and dividend equivalents,15025000000,15025000000.0,usd,USD,1.0,duration_2022-09-25_2023-09-30,reported,duration,2022-09-25,2023-09-30,,2024,FY,2025-10-31,10-K,0000320193-25-000079,edgar:0000320193-25-000079:f-333,c-19,http://www.apple.com/role/CONSOLIDATEDSTATEMENTSOFCASHFLOWS,"{""balance"": ""credit"", ""cik"": ""0000320193"", ""context_ref"": ""c-19"", ""period_key"": ""duration_2022-09-25_2023-09-30"", ""preferred_sign"": 1.0, ""statement_role"": ""http://www.apple.com/role/CONSOLIDATEDSTATEMENTSOFCASHFLOWS"", ""statement_type"": ""CashFlowStatement"", ""weight"": -1.0}",{},False,,edgar_xbrl
f-334,41ef37712860bc14d62f5017ab85109fac066fd9816a948321c77f8f3f6d0a32,AAPL,edgar,cash_flow_statement,us-gaap:PaymentsForRepurchaseOfCommonStock,EquityExpenseIncome(BuybackIssued),equityexpenseincome_buybackissued,Repurchases of common stock,90711000000,90711000000.0,usd,USD,1.0,duration_2024-09-29_2025-09-27,reported,duration,2024-09-29,2025-09-27,,2025,FY,2025-10-31,10-K,0000320193-25-000079,edgar:0000320193-25-000079:f-334,c-1,http://www.apple.com/role/CONSOLIDATEDSTATEMENTSOFCASHFLOWS,"{""balance"": ""credit"", ""cik"": ""0000320193"", ""context_ref"": ""c-1"", ""period_key"": ""duration_2024-09-29_2025-09-27"", ""preferred_sign"": 1.0, ""statement_role"": ""http://www.apple.com/role/CONSOLIDATEDSTATEMENTSOFCASHFLOWS"", ""statement_type"": ""CashFlowStatement"", ""weight"": -1.0}",{},False,,edgar_xbrl
f-335,8f0808daa5c3a4cdbc640d8d66591a15c9ecf1c6c42e274a85dcd15fa7235ad8,AAPL,edgar,cash_flow_statement,us-gaap:PaymentsForRepurchaseOfCommonStock,EquityExpenseIncome(BuybackIssued),equityexpenseincome_buybackissued,Repurchases of common stock,94949000000,94949000000.0,usd,USD,1.0,duration_2023-10-01_2024-09-28,reported,duration,2023-10-01,2024-09-28,,2025,FY,2025-10-31,10-K,0000320193-25-000079,edgar:0000320193-25-000079:f-335,c-18,http://www.apple.com/role/CONSOLIDATEDSTATEMENTSOFCASHFLOWS,"{""balance"": ""credit"", ""cik"": ""0000320193"", ""context_ref"": ""c-18"", ""period_key"": ""duration_2023-10-01_2024-09-28"", ""preferred_sign"": 1.0, ""statement_role"": ""http://www.apple.com/role/CONSOLIDATEDSTATEMENTSOFCASHFLOWS"", ""statement_type"": ""CashFlowStatement"", ""weight"": -1.0}",{},False,,edgar_xbrl
f-336,9939e2552b8c163d19e7901d93d54ac4f45591571b05cad78c94cdd6c7238cf6,AAPL,edgar,cash_flow_statement,us-gaap:PaymentsForRepurchaseOfCommonStock,EquityExpenseIncome(BuybackIssued),equityexpenseincome_buybackissued,Repurchases of common stock,77550000000,77550000000.0,usd,USD,1.0,duration_2022-09-25_2023-09-30,reported,duration,2022-09-25,2023-09-30,,2024,FY,2025-10-31,10-K,0000320193-25-000079,edgar:0000320193-25-000079:f-336,c-19,http://www.apple.com/role/CONSOLIDATEDSTATEMENTSOFCASHFLOWS,"{""balance"": ""credit"", ""cik"": ""0000320193"", ""context_ref"": ""c-19"", ""period_key"": ""duration_2022-09-25_2023-09-30"", ""preferred_sign"": 1.0, ""statement_role"": ""http://www.apple.com/role/CONSOLIDATEDSTATEMENTSOFCASHFLOWS"", ""statement_type"": ""CashFlowStatement"", ""weight"": -1.0}",{},False,,edgar_xbrl
f-337,c074b7f9991eaca18c310360f3187c8bdf49c1c8c7ca42751320da8a7e53de14,AAPL,edgar,cash_flow_statement,us-gaap:ProceedsFromIssuanceOfLongTermDebt,DebtProceeds,debtproceeds,"Proceeds from issuance of term debt, net",4481000000,4481000000.0,usd,USD,1.0,duration_2024-09-29_2025-09-27,reported,duration,2024-09-29,2025-09-27,,2025,FY,2025-10-31,10-K,0000320193-25-000079,edgar:0000320193-25-000079:f-337,c-1,http://www.apple.com/role/CONSOLIDATEDSTATEMENTSOFCASHFLOWS,"{""balance"": ""debit"", ""cik"": ""0000320193"", ""context_ref"": ""c-1"", ""period_key"": ""duration_2024-09-29_2025-09-27"", ""preferred_sign"": 1.0, ""statement_role"": ""http://www.apple.com/role/CONSOLIDATEDSTATEMENTSOFCASHFLOWS"", ""statement_type"": ""CashFlowStatement"", ""weight"": 1.0}",{},False,,edgar_xbrl
f-338,7c2146f402cd45cf87e1c4e4c02264f751d2358c73acffa5dea15fce24a4ec97,AAPL,edgar,cash_flow_statement,us-gaap:ProceedsFromIssuanceOfLongTermDebt,DebtProceeds,debtproceeds,"Proceeds from issuance of term debt, net",0,0.0,usd,USD,1.0,duration_2023-10-01_2024-09-28,reported,duration,2023-10-01,2024-09-28,,2025,FY,2025-10-31,10-K,0000320193-25-000079,edgar:0000320193-25-000079:f-338,c-18,http://www.apple.com/role/CONSOLIDATEDSTATEMENTSOFCASHFLOWS,"{""balance"": ""debit"", ""cik"": ""0000320193"", ""context_ref"": ""c-18"", ""period_key"": ""duration_2023-10-01_2024-09-28"", ""preferred_sign"": 1.0, ""statement_role"": ""http://www.apple.com/role/CONSOLIDATEDSTATEMENTSOFCASHFLOWS"", ""statement_type"": ""CashFlowStatement"", ""weight"": 1.0}",{},False,,edgar_xbrl
f-339,5309748a18dbb2c96daca4bf63cbad0b9a1e989f045f0984d024fc94dcaa444d,AAPL,edgar,cash_flow_statement,us-gaap:ProceedsFromIssuanceOfLongTermDebt,DebtProceeds,debtproceeds,"Proceeds from issuance of term debt, net",5228000000,5228000000.0,usd,USD,1.0,duration_2022-09-25_2023-09-30,reported,duration,2022-09-25,2023-09-30,,2024,FY,2025-10-31,10-K,0000320193-25-000079,edgar:0000320193-25-000079:f-339,c-19,http://www.apple.com/role/CONSOLIDATEDSTATEMENTSOFCASHFLOWS,"{""balance"": ""debit"", ""cik"": ""0000320193"", ""context_ref"": ""c-19"", ""period_key"": ""duration_2022-09-25_2023-09-30"", ""preferred_sign"": 1.0, ""statement_role"": ""http://www.apple.com/role/CONSOLIDATEDSTATEMENTSOFCASHFLOWS"", ""statement_type"": ""CashFlowStatement"", ""weight"": 1.0}",{},False,,edgar_xbrl
f-340,9f5a3b34e758972f2055fa4d91beea8660356bbb7ace64f1130457ece57a5e83,AAPL,edgar,cash_flow_statement,us-gaap:RepaymentsOfLongTermDebt,DebtRepayments,debtrepayments,Repayments of term debt,10932000000,10932000000.0,usd,USD,1.0,duration_2024-09-29_2025-09-27,reported,duration,2024-09-29,2025-09-27,,2025,FY,2025-10-31,10-K,0000320193-25-000079,edgar:0000320193-25-000079:f-340,c-1,http://www.apple.com/role/CONSOLIDATEDSTATEMENTSOFCASHFLOWS,"{""balance"": ""credit"", ""cik"": ""0000320193"", ""context_ref"": ""c-1"", ""period_key"": ""duration_2024-09-29_2025-09-27"", ""preferred_sign"": 1.0, ""statement_role"": ""http://www.apple.com/role/CONSOLIDATEDSTATEMENTSOFCASHFLOWS"", ""statement_type"": ""CashFlowStatement"", ""weight"": -1.0}",{},False,,edgar_xbrl
f-341,8c865cd2155a5c8a6aa06e8bf90b68f96564b4529918437f6013e84710c88664,AAPL,edgar,cash_flow_statement,us-gaap:RepaymentsOfLongTermDebt,DebtRepayments,debtrepayments,Repayments of term debt,9958000000,9958000000.0,usd,USD,1.0,duration_2023-10-01_2024-09-28,reported,duration,2023-10-01,2024-09-28,,2025,FY,2025-10-31,10-K,0000320193-25-000079,edgar:0000320193-25-000079:f-341,c-18,http://www.apple.com/role/CONSOLIDATEDSTATEMENTSOFCASHFLOWS,"{""balance"": ""credit"", ""cik"": ""0000320193"", ""context_ref"": ""c-18"", ""period_key"": ""duration_2023-10-01_2024-09-28"", ""preferred_sign"": 1.0, ""statement_role"": ""http://www.apple.com/role/CONSOLIDATEDSTATEMENTSOFCASHFLOWS"", ""statement_type"": ""CashFlowStatement"", ""weight"": -1.0}",{},False,,edgar_xbrl
f-342,d43fbba985e2370d0a087cb3f2eeaf442a3a0ded30910b5ecbf909f80e4bec5f,AAPL,edgar,cash_flow_statement,us-gaap:RepaymentsOfLongTermDebt,DebtRepayments,debtrepayments,Repayments of term debt,11151000000,11151000000.0,usd,USD,1.0,duration_2022-09-25_2023-09-30,reported,duration,2022-09-25,2023-09-30,,2024,FY,2025-10-31,10-K,0000320193-25-000079,edgar:0000320193-25-000079:f-342,c-19,http://www.apple.com/role/CONSOLIDATEDSTATEMENTSOFCASHFLOWS,"{""balance"": ""credit"", ""cik"": ""0000320193"", ""context_ref"": ""c-19"", ""period_key"": ""duration_2022-09-25_2023-09-30"", ""preferred_sign"": 1.0, ""statement_role"": ""http://www.apple.com/role/CONSOLIDATEDSTATEMENTSOFCASHFLOWS"", ""statement_type"": ""CashFlowStatement"", ""weight"": -1.0}",{},False,,edgar_xbrl
f-346,2dea0b6bdb2f6b4ce2920a62dd6bf38fe2c4448ecc042206476d73c21908aaa1,AAPL,edgar,cash_flow_statement,us-gaap:ProceedsFromPaymentsForOtherFinancingActivities,NetCashFromFinancingActivities,netcashfromfinancingactivities,Other,-111000000,-111000000.0,usd,USD,1.0,duration_2024-09-29_2025-09-27,reported,duration,2024-09-29,2025-09-27,,2025,FY,2025-10-31,10-K,0000320193-25-000079,edgar:0000320193-25-000079:f-346,c-1,http://www.apple.com/role/CONSOLIDATEDSTATEMENTSOFCASHFLOWS,"{""cik"": ""0000320193"", ""context_ref"": ""c-1"", ""period_key"": ""duration_2024-09-29_2025-09-27"", ""preferred_sign"": 1.0, ""statement_role"": ""http://www.apple.com/role/CONSOLIDATEDSTATEMENTSOFCASHFLOWS"", ""statement_type"": ""CashFlowStatement"", ""weight"": 1.0}",{},False,,edgar_xbrl
f-347,2310d8cc5708133bfa43534596a54de76449f8adb6f9e071b278568be53b0080,AAPL,edgar,cash_flow_statement,us-gaap:ProceedsFromPaymentsForOtherFinancingActivities,NetCashFromFinancingActivities,netcashfromfinancingactivities,Other,-361000000,-361000000.0,usd,USD,1.0,duration_2023-10-01_2024-09-28,reported,duration,2023-10-01,2024-09-28,,2025,FY,2025-10-31,10-K,0000320193-25-000079,edgar:0000320193-25-000079:f-347,c-18,http://www.apple.com/role/CONSOLIDATEDSTATEMENTSOFCASHFLOWS,"{""cik"": ""0000320193"", ""context_ref"": ""c-18"", ""period_key"": ""duration_2023-10-01_2024-09-28"", ""preferred_sign"": 1.0, ""statement_role"": ""http://www.apple.com/role/CONSOLIDATEDSTATEMENTSOFCASHFLOWS"", ""statement_type"": ""CashFlowStatement"", ""weight"": 1.0}",{},False,,edgar_xbrl
f-348,0a47f59b49ec7a80d1b5fcdefe1535ce60236bfbd16ec5d2bf48bd8514cc0793,AAPL,edgar,cash_flow_statement,us-gaap:ProceedsFromPaymentsForOtherFinancingActivities,NetCashFromFinancingActivities,netcashfromfinancingactivities,Other,-581000000,-581000000.0,usd,USD,1.0,duration_2022-09-25_2023-09-30,reported,duration,2022-09-25,2023-09-30,,2024,FY,2025-10-31,10-K,0000320193-25-000079,edgar:0000320193-25-000079:f-348,c-19,http://www.apple.com/role/CONSOLIDATEDSTATEMENTSOFCASHFLOWS,"{""cik"": ""0000320193"", ""context_ref"": ""c-19"", ""period_key"": ""duration_2022-09-25_2023-09-30"", ""preferred_sign"": 1.0, ""statement_role"": ""http://www.apple.com/role/CONSOLIDATEDSTATEMENTSOFCASHFLOWS"", ""statement_type"": ""CashFlowStatement"", ""weight"": 1.0}",{},False,,edgar_xbrl
f-349,eed503c92357e103dab426467de66ebc42f3c8c204893f94f1a862f610e41be6,AAPL,edgar,cash_flow_statement,us-gaap:NetCashProvidedByUsedInFinancingActivities,NetCashFromFinancingActivities,netcashfromfinancingactivities,Cash used in financing activities,-120686000000,-120686000000.0,usd,USD,1.0,duration_2024-09-29_2025-09-27,reported,duration,2024-09-29,2025-09-27,,2025,FY,2025-10-31,10-K,0000320193-25-000079,edgar:0000320193-25-000079:f-349,c-1,http://www.apple.com/role/CONSOLIDATEDSTATEMENTSOFCASHFLOWS,"{""balance"": ""debit"", ""cik"": ""0000320193"", ""context_ref"": ""c-1"", ""period_key"": ""duration_2024-09-29_2025-09-27"", ""preferred_sign"": 1.0, ""statement_role"": ""http://www.apple.com/role/CONSOLIDATEDSTATEMENTSOFCASHFLOWS"", ""statement_type"": ""CashFlowStatement"", ""weight"": 1.0}",{},False,,edgar_xbrl
f-350,d74618992ec3d6599874bd7c1a3ddb4d4ae5755e0b2c7ae7812d1d70e7e101d1,AAPL,edgar,cash_flow_statement,us-gaap:NetCashProvidedByUsedInFinancingActivities,NetCashFromFinancingActivities,netcashfromfinancingactivities,Cash used in financing activities,-121983000000,-121983000000.0,usd,USD,1.0,duration_2023-10-01_2024-09-28,reported,duration,2023-10-01,2024-09-28,,2025,FY,2025-10-31,10-K,0000320193-25-000079,edgar:0000320193-25-000079:f-350,c-18,http://www.apple.com/role/CONSOLIDATEDSTATEMENTSOFCASHFLOWS,"{""balance"": ""debit"", ""cik"": ""0000320193"", ""context_ref"": ""c-18"", ""period_key"": ""duration_2023-10-01_2024-09-28"", ""preferred_sign"": 1.0, ""statement_role"": ""http://www.apple.com/role/CONSOLIDATEDSTATEMENTSOFCASHFLOWS"", ""statement_type"": ""CashFlowStatement"", ""weight"": 1.0}",{},False,,edgar_xbrl
f-351,7b46236feedb876227a2516030e5ac48f355092ae1b4f1a78fd27e7d8586f63c,AAPL,edgar,cash_flow_statement,us-gaap:NetCashProvidedByUsedInFinancingActivities,NetCashFromFinancingActivities,netcashfromfinancingactivities,Cash used in financing activities,-108488000000,-108488000000.0,usd,USD,1.0,duration_2022-09-25_2023-09-30,reported,duration,2022-09-25,2023-09-30,,2024,FY,2025-10-31,10-K,0000320193-25-000079,edgar:0000320193-25-000079:f-351,c-19,http://www.apple.com/role/CONSOLIDATEDSTATEMENTSOFCASHFLOWS,"{""balance"": ""debit"", ""cik"": ""0000320193"", ""context_ref"": ""c-19"", ""period_key"": ""duration_2022-09-25_2023-09-30"", ""preferred_sign"": 1.0, ""statement_role"": ""http://www.apple.com/role/CONSOLIDATEDSTATEMENTSOFCASHFLOWS"", ""statement_type"": ""CashFlowStatement"", ""weight"": 1.0}",{},False,,edgar_xbrl
f-352,983b73cb05f64814ab8a1f34bc21fdd0c72ef68f3723e5d59bd58bef06a97241,AAPL,edgar,cash_flow_statement,us-gaap:CashCashEquivalentsRestrictedCashAndRestrictedCashEquivalentsPeriodIncreaseDecreaseIncludingExchangeRateEffect,NetChangeInCash,netchangeincash,"Increase/(Decrease) in cash, cash equivalents, and restricted cash and cash equivalents",5991000000,5991000000.0,usd,USD,1.0,duration_2024-09-29_2025-09-27,reported,duration,2024-09-29,2025-09-27,,2025,FY,2025-10-31,10-K,0000320193-25-000079,edgar:0000320193-25-000079:f-352,c-1,http://www.apple.com/role/CONSOLIDATEDSTATEMENTSOFCASHFLOWS,"{""cik"": ""0000320193"", ""context_ref"": ""c-1"", ""period_key"": ""duration_2024-09-29_2025-09-27"", ""preferred_sign"": 1.0, ""statement_role"": ""http://www.apple.com/role/CONSOLIDATEDSTATEMENTSOFCASHFLOWS"", ""statement_type"": ""CashFlowStatement"", ""weight"": 1.0}",{},False,,edgar_xbrl
f-353,ae80f05ffdbaa2d0302e52b38d07be84f33ba4b1ff2ea102d9e6b60a09ee5334,AAPL,edgar,cash_flow_statement,us-gaap:CashCashEquivalentsRestrictedCashAndRestrictedCashEquivalentsPeriodIncreaseDecreaseIncludingExchangeRateEffect,NetChangeInCash,netchangeincash,"Increase/(Decrease) in cash, cash equivalents, and restricted cash and cash equivalents",-794000000,-794000000.0,usd,USD,1.0,duration_2023-10-01_2024-09-28,reported,duration,2023-10-01,2024-09-28,,2025,FY,2025-10-31,10-K,0000320193-25-000079,edgar:0000320193-25-000079:f-353,c-18,http://www.apple.com/role/CONSOLIDATEDSTATEMENTSOFCASHFLOWS,"{""cik"": ""0000320193"", ""context_ref"": ""c-18"", ""period_key"": ""duration_2023-10-01_2024-09-28"", ""preferred_sign"": 1.0, ""statement_role"": ""http://www.apple.com/role/CONSOLIDATEDSTATEMENTSOFCASHFLOWS"", ""statement_type"": ""CashFlowStatement"", ""weight"": 1.0}",{},False,,edgar_xbrl
f-354,0b1c3c4db3454223fe59c1462a7f0025f78da94f4af5c24a1ef3b1ce5726ec0a,AAPL,edgar,cash_flow_statement,us-gaap:CashCashEquivalentsRestrictedCashAndRestrictedCashEquivalentsPeriodIncreaseDecreaseIncludingExchangeRateEffect,NetChangeInCash,netchangeincash,"Increase/(Decrease) in cash, cash equivalents, and restricted cash and cash equivalents",5760000000,5760000000.0,usd,USD,1.0,duration_2022-09-25_2023-09-30,reported,duration,2022-09-25,2023-09-30,,2024,FY,2025-10-31,10-K,0000320193-25-000079,edgar:0000320193-25-000079:f-354,c-19,http://www.apple.com/role/CONSOLIDATEDSTATEMENTSOFCASHFLOWS,"{""cik"": ""0000320193"", ""context_ref"": ""c-19"", ""period_key"": ""duration_2022-09-25_2023-09-30"", ""preferred_sign"": 1.0, ""statement_role"": ""http://www.apple.com/role/CONSOLIDATEDSTATEMENTSOFCASHFLOWS"", ""statement_type"": ""CashFlowStatement"", ""weight"": 1.0}",{},False,,edgar_xbrl
f-355,5532b7bf1ab307d144c748bdad67bc16e89f915c808b2bb4d948d44bcf2bb691,AAPL,edgar,cash_flow_statement,us-gaap:CashCashEquivalentsRestrictedCashAndRestrictedCashEquivalents,CashAndCashEquivalents,cashandcashequivalents,"Cash, cash equivalents, and restricted cash and cash equivalents, ending balances",35934000000,35934000000.0,usd,USD,1.0,instant_2025-09-27,reported,instant,,2025-09-27,2025-09-27,2025,,2025-10-31,10-K,0000320193-25-000079,edgar:0000320193-25-000079:f-355,c-20,http://www.apple.com/role/CONSOLIDATEDSTATEMENTSOFCASHFLOWS,"{""cik"": ""0000320193"", ""context_ref"": ""c-20"", ""period_instant"": ""2025-09-27"", ""period_key"": ""instant_2025-09-27"", ""preferred_sign"": 1.0, ""statement_role"": ""http://www.apple.com/role/CONSOLIDATEDSTATEMENTSOFCASHFLOWS"", ""statement_type"": ""CashFlowStatement""}",{},False,,edgar_xbrl
f-274,55d9949c72bdf564b83da96a8c59a3faaaa1aa17ec55ea2e99e217ba45941df3,AAPL,edgar,cash_flow_statement,us-gaap:CashCashEquivalentsRestrictedCashAndRestrictedCashEquivalents,CashAndCashEquivalents,cashandcashequivalents,"Cash, cash equivalents, and restricted cash and cash equivalents, ending balances",29943000000,29943000000.0,usd,USD,1.0,instant_2024-09-28,reported,instant,,2024-09-28,2024-09-28,2025,,2025-10-31,10-K,0000320193-25-000079,edgar:0000320193-25-000079:f-274,c-21,http://www.apple.com/role/CONSOLIDATEDSTATEMENTSOFCASHFLOWS,"{""cik"": ""0000320193"", ""context_ref"": ""c-21"", ""period_instant"": ""2024-09-28"", ""period_key"": ""instant_2024-09-28"", ""preferred_sign"": 1.0, ""statement_role"": ""http://www.apple.com/role/CONSOLIDATEDSTATEMENTSOFCASHFLOWS"", ""statement_type"": ""CashFlowStatement""}",{},False,,edgar_xbrl
f-275,ad1920d15c08cd7a33fe367972dd68c5ec85b703505ebe788f4ee83535fbb568,AAPL,edgar,cash_flow_statement,us-gaap:CashCashEquivalentsRestrictedCashAndRestrictedCashEquivalents,CashAndCashEquivalents,cashandcashequivalents,"Cash, cash equivalents, and restricted cash and cash equivalents, ending balances",30737000000,30737000000.0,usd,USD,1.0,instant_2023-09-30,reported,instant,,2023-09-30,2023-09-30,2024,,2025-10-31,10-K,0000320193-25-000079,edgar:0000320193-25-000079:f-275,c-22,http://www.apple.com/role/CONSOLIDATEDSTATEMENTSOFCASHFLOWS,"{""cik"": ""0000320193"", ""context_ref"": ""c-22"", ""period_instant"": ""2023-09-30"", ""period_key"": ""instant_2023-09-30"", ""preferred_sign"": 1.0, ""statement_role"": ""http://www.apple.com/role/CONSOLIDATEDSTATEMENTSOFCASHFLOWS"", ""statement_type"": ""CashFlowStatement""}",{},False,,edgar_xbrl
f-358,e709e53170d55a1833a8e7a52d447da2f8620714fb87b4cb886597eb3dbc7cb3,AAPL,edgar,cash_flow_statement,us-gaap:IncomeTaxesPaidNet,IncomeTaxes,incometaxes,"Cash paid for income taxes, net",43369000000,43369000000.0,usd,USD,1.0,duration_2024-09-29_2025-09-27,reported,duration,2024-09-29,2025-09-27,,2025,FY,2025-10-31,10-K,0000320193-25-000079,edgar:0000320193-25-000079:f-358,c-1,http://www.apple.com/role/CONSOLIDATEDSTATEMENTSOFCASHFLOWS,"{""cik"": ""0000320193"", ""context_ref"": ""c-1"", ""period_key"": ""duration_2024-09-29_2025-09-27"", ""preferred_sign"": 1.0, ""statement_role"": ""http://www.apple.com/role/CONSOLIDATEDSTATEMENTSOFCASHFLOWS"", ""statement_type"": ""CashFlowStatement""}",{},False,,edgar_xbrl
f-359,a937b7a343fdd1b32a8a37e764e8e9b4fbc2913c273463a9d96ab46aefdd667a,AAPL,edgar,cash_flow_statement,us-gaap:IncomeTaxesPaidNet,IncomeTaxes,incometaxes,"Cash paid for income taxes, net",26102000000,26102000000.0,usd,USD,1.0,duration_2023-10-01_2024-09-28,reported,duration,2023-10-01,2024-09-28,,2025,FY,2025-10-31,10-K,0000320193-25-000079,edgar:0000320193-25-000079:f-359,c-18,http://www.apple.com/role/CONSOLIDATEDSTATEMENTSOFCASHFLOWS,"{""cik"": ""0000320193"", ""context_ref"": ""c-18"", ""period_key"": ""duration_2023-10-01_2024-09-28"", ""preferred_sign"": 1.0, ""statement_role"": ""http://www.apple.com/role/CONSOLIDATEDSTATEMENTSOFCASHFLOWS"", ""statement_type"": ""CashFlowStatement""}",{},False,,edgar_xbrl
f-360,b0db277cd6e5beec3367aebf67d64d2593cd100d907926e0ff9871f290b48382,AAPL,edgar,cash_flow_statement,us-gaap:IncomeTaxesPaidNet,IncomeTaxes,incometaxes,"Cash paid for income taxes, net",18679000000,18679000000.0,usd,USD,1.0,duration_2022-09-25_2023-09-30,reported,duration,2022-09-25,2023-09-30,,2024,FY,2025-10-31,10-K,0000320193-25-000079,edgar:0000320193-25-000079:f-360,c-19,http://www.apple.com/role/CONSOLIDATEDSTATEMENTSOFCASHFLOWS,"{""cik"": ""0000320193"", ""context_ref"": ""c-19"", ""period_key"": ""duration_2022-09-25_2023-09-30"", ""preferred_sign"": 1.0, ""statement_role"": ""http://www.apple.com/role/CONSOLIDATEDSTATEMENTSOFCASHFLOWS"", ""statement_type"": ""CashFlowStatement""}",{},False,,edgar_xbrl
f-343,12427bf83d5d6de1829496afa9130d18af861ba11166cbd6985b228ac390d4f6,AAPL,edgar,cash_flow_statement,us-gaap:ProceedsFromRepaymentsOfCommercialPaper,,proceedsfromrepaymentsofcommercialpaper,"Proceeds from/(Repayments of) commercial paper, net",-2032000000,-2032000000.0,usd,USD,1.0,duration_2024-09-29_2025-09-27,reported,duration,2024-09-29,2025-09-27,,2025,FY,2025-10-31,10-K,0000320193-25-000079,edgar:0000320193-25-000079:f-343,c-1,http://www.apple.com/role/CONSOLIDATEDSTATEMENTSOFCASHFLOWS,"{""cik"": ""0000320193"", ""context_ref"": ""c-1"", ""period_key"": ""duration_2024-09-29_2025-09-27"", ""preferred_sign"": 1.0, ""statement_role"": ""http://www.apple.com/role/CONSOLIDATEDSTATEMENTSOFCASHFLOWS"", ""statement_type"": ""CashFlowStatement"", ""weight"": 1.0}",{},False,,edgar_xbrl
f-344,a875fc33d0d11a45d8448b2e39aad32bdc2c906cfe472dc503ba92bac7a08cfa,AAPL,edgar,cash_flow_statement,us-gaap:ProceedsFromRepaymentsOfCommercialPaper,,proceedsfromrepaymentsofcommercialpaper,"Proceeds from/(Repayments of) commercial paper, net",3960000000,3960000000.0,usd,USD,1.0,duration_2023-10-01_2024-09-28,reported,duration,2023-10-01,2024-09-28,,2025,FY,2025-10-31,10-K,0000320193-25-000079,edgar:0000320193-25-000079:f-344,c-18,http://www.apple.com/role/CONSOLIDATEDSTATEMENTSOFCASHFLOWS,"{""cik"": ""0000320193"", ""context_ref"": ""c-18"", ""period_key"": ""duration_2023-10-01_2024-09-28"", ""preferred_sign"": 1.0, ""statement_role"": ""http://www.apple.com/role/CONSOLIDATEDSTATEMENTSOFCASHFLOWS"", ""statement_type"": ""CashFlowStatement"", ""weight"": 1.0}",{},False,,edgar_xbrl
f-345,5263b1ce7786082f285a465e047fbea717f23ffd38f3c3fff867174a338605d4,AAPL,edgar,cash_flow_statement,us-gaap:ProceedsFromRepaymentsOfCommercialPaper,,proceedsfromrepaymentsofcommercialpaper,"Proceeds from/(Repayments of) commercial paper, net",-3978000000,-3978000000.0,usd,USD,1.0,duration_2022-09-25_2023-09-30,reported,duration,2022-09-25,2023-09-30,,2024,FY,2025-10-31,10-K,0000320193-25-000079,edgar:0000320193-25-000079:f-345,c-19,http://www.apple.com/role/CONSOLIDATEDSTATEMENTSOFCASHFLOWS,"{""cik"": ""0000320193"", ""context_ref"": ""c-19"", ""period_key"": ""duration_2022-09-25_2023-09-30"", ""preferred_sign"": 1.0, ""statement_role"": ""http://www.apple.com/role/CONSOLIDATEDSTATEMENTSOFCASHFLOWS"", ""statement_type"": ""CashFlowStatement"", ""weight"": 1.0}",{},False,,edgar_xbrl
f-992,5290784974901a40e2e80fc2dedc915f99755d435aec764ab59db2f06d898218,AAPL,edgar,cash_flow_statement,us-gaap:PaymentsRelatedToTaxWithholdingForShareBasedCompensation,,paymentsrelatedtotaxwithholdingforsharebasedcompensation,Payments for taxes related to net share settlement of equity awards,6100000000,6100000000.0,usd,USD,1.0,duration_2024-09-29_2025-09-27,reported,duration,2024-09-29,2025-09-27,,2025,FY,2025-10-31,10-K,0000320193-25-000079,edgar:0000320193-25-000079:f-992,c-145,http://www.apple.com/role/CONSOLIDATEDSTATEMENTSOFCASHFLOWS,"{""cik"": ""0000320193"", ""context_ref"": ""c-145"", ""period_key"": ""duration_2024-09-29_2025-09-27"", ""preferred_sign"": 1.0, ""statement_role"": ""http://www.apple.com/role/CONSOLIDATEDSTATEMENTSOFCASHFLOWS"", ""statement_type"": ""CashFlowStatement"", ""weight"": -1.0}","{""us-gaap_AwardTypeAxis"": ""us-gaap:RestrictedStockUnitsRSUMember""}",False,,edgar_xbrl
f-993,c4b574c2bbf156fb83be8b6ac083e62ece5bf1e52a9737da126ceee4f64476ab,AAPL,edgar,cash_flow_statement,us-gaap:PaymentsRelatedToTaxWithholdingForShareBasedCompensation,,paymentsrelatedtotaxwithholdingforsharebasedcompensation,Payments for taxes related to net share settlement of equity awards,5600000000,5600000000.0,usd,USD,1.0,duration_2023-10-01_2024-09-28,reported,duration,2023-10-01,2024-09-28,,2025,FY,2025-10-31,10-K,0000320193-25-000079,edgar:0000320193-25-000079:f-993,c-147,http://www.apple.com/role/CONSOLIDATEDSTATEMENTSOFCASHFLOWS,"{""cik"": ""0000320193"", ""context_ref"": ""c-147"", ""period_key"": ""duration_2023-10-01_2024-09-28"", ""preferred_sign"": 1.0, ""statement_role"": ""http://www.apple.com/role/CONSOLIDATEDSTATEMENTSOFCASHFLOWS"", ""statement_type"": ""CashFlowStatement"", ""weight"": -1.0}","{""us-gaap_AwardTypeAxis"": ""us-gaap:RestrictedStockUnitsRSUMember""}",False,,edgar_xbrl
f-994,a39e6dd58f612c0457413c02f82438e4ef995e68a2387d2e201b73c6553db332,AAPL,edgar,cash_flow_statement,us-gaap:PaymentsRelatedToTaxWithholdingForShareBasedCompensation,,paymentsrelatedtotaxwithholdingforsharebasedcompensation,Payments for taxes related to net share settlement of equity awards,5600000000,5600000000.0,usd,USD,1.0,duration_2022-09-25_2023-09-30,reported,duration,2022-09-25,2023-09-30,,2024,FY,2025-10-31,10-K,0000320193-25-000079,edgar:0000320193-25-000079:f-994,c-148,http://www.apple.com/role/CONSOLIDATEDSTATEMENTSOFCASHFLOWS,"{""cik"": ""0000320193"", ""context_ref"": ""c-148"", ""period_key"": ""duration_2022-09-25_2023-09-30"", ""preferred_sign"": 1.0, ""statement_role"": ""http://www.apple.com/role/CONSOLIDATEDSTATEMENTSOFCASHFLOWS"", ""statement_type"": ""CashFlowStatement"", ""weight"": -1.0}","{""us-gaap_AwardTypeAxis"": ""us-gaap:RestrictedStockUnitsRSUMember""}",False,,edgar_xbrl
