fact_id,ingestion_fingerprint,ticker,source,statement,concept,standard_concept,canonical_key,label,value,numeric_value,unit,currency,scale_factor,period,period_kind,period_type,period_start,period_end,period_instant,fiscal_year,fiscal_period,filing_date,form_type,accession,source_locator,context_ref,statement_role,metadata,dimensions,is_derived,derivation,original_source
f-75,f7e09447c6d3a6c6c38327f593521dc1f9def2b28b1664acf572687bca2629cf,NVDA,edgar,income_statement,us-gaap:CostOfRevenue,,costofrevenue,Cost of revenue,62475000000,62475000000.0,usd,USD,1.0,duration_2025-01-27_2026-01-25,reported,duration,2025-01-27,2026-01-25,,2026,FY,2026-02-25,10-K,0001045810-26-000021,edgar:0001045810-26-000021:f-75,c-1,http://www.nvidia.com/role/ConsolidatedStatementsofIncome,"{""balance"": ""debit"", ""cik"": ""0001045810"", ""context_ref"": ""c-1"", ""period_key"": ""duration_2025-01-27_2026-01-25"", ""preferred_sign"": 1.0, ""statement_role"": ""http://www.nvidia.com/role/ConsolidatedStatementsofIncome"", ""statement_type"": ""IncomeStatement"", ""weight"": -1.0}",{},False,,edgar_xbrl
f-76,3685b574a4ff0cbe3078ed51d61cf6d62a2b136ae14ae46d0c25020fdc58a212,NVDA,edgar,income_statement,us-gaap:CostOfRevenue,,costofrevenue,Cost of revenue,32639000000,32639000000.0,usd,USD,1.0,duration_2024-01-29_2025-01-26,reported,duration,2024-01-29,2025-01-26,,2026,FY,2026-02-25,10-K,0001045810-26-000021,edgar:0001045810-26-000021:f-76,c-9,http://www.nvidia.com/role/ConsolidatedStatementsofIncome,"{""balance"": ""debit"", ""cik"": ""0001045810"", ""context_ref"": ""c-9"", ""period_key"": ""duration_2024-01-29_2025-01-26"", ""preferred_sign"": 1.0, ""statement_role"": ""http://www.nvidia.com/role/ConsolidatedStatementsofIncome"", ""statement_type"": ""IncomeStatement"", ""weight"": -1.0}",{},False,,edgar_xbrl
f-77,bfa8677db1f8ff428acbfa9616daf6bf75496e22fa022b5c62b65831b8996dfc,NVDA,edgar,income_statement,us-gaap:CostOfRevenue,,costofrevenue,Cost of revenue,16621000000,16621000000.0,usd,USD,1.0,duration_2023-01-30_2024-01-28,reported,duration,2023-01-30,2024-01-28,,2025,FY,2026-02-25,10-K,0001045810-26-000021,edgar:0001045810-26-000021:f-77,c-10,http://www.nvidia.com/role/ConsolidatedStatementsofIncome,"{""balance"": ""debit"", ""cik"": ""0001045810"", ""context_ref"": ""c-10"", ""period_key"": ""duration_2023-01-30_2024-01-28"", ""preferred_sign"": 1.0, ""statement_role"": ""http://www.nvidia.com/role/ConsolidatedStatementsofIncome"", ""statement_type"": ""IncomeStatement"", ""weight"": -1.0}",{},False,,edgar_xbrl
f-78,c1cb10eafda2737eab967ee4aeaaebacf2d42eae1ea0e7607d325c59e502000f,NVDA,edgar,income_statement,us-gaap:GrossProfit,GrossProfit,grossprofit,Gross profit,153463000000,153463000000.0,usd,USD,1.0,duration_2025-01-27_2026-01-25,reported,duration,2025-01-27,2026-01-25,,2026,FY,2026-02-25,10-K,0001045810-26-000021,edgar:0001045810-26-000021:f-78,c-1,http://www.nvidia.com/role/ConsolidatedStatementsofIncome,"{""balance"": ""credit"", ""cik"": ""0001045810"", ""context_ref"": ""c-1"", ""period_key"": ""duration_2025-01-27_2026-01-25"", ""preferred_sign"": 1.0, ""statement_role"": ""http://www.nvidia.com/role/ConsolidatedStatementsofIncome"", ""statement_type"": ""IncomeStatement"", ""weight"": 1.0}",{},False,,edgar_xbrl
f-79,10b72ccfac0ce141e88515ffbdaf97998985382e82a43d36a5ef050167ff7620,NVDA,edgar,income_statement,us-gaap:GrossProfit,GrossProfit,grossprofit,Gross profit,97858000000,97858000000.0,usd,USD,1.0,duration_2024-01-29_2025-01-26,reported,duration,2024-01-29,2025-01-26,,2026,FY,2026-02-25,10-K,0001045810-26-000021,edgar:0001045810-26-000021:f-79,c-9,http://www.nvidia.com/role/ConsolidatedStatementsofIncome,"{""balance"": ""credit"", ""cik"": ""0001045810"", ""context_ref"": ""c-9"", ""period_key"": ""duration_2024-01-29_2025-01-26"", ""preferred_sign"": 1.0, ""statement_role"": ""http://www.nvidia.com/role/ConsolidatedStatementsofIncome"", ""statement_type"": ""IncomeStatement"", ""weight"": 1.0}",{},False,,edgar_xbrl
f-80,91b07333e4e2a62cd730ae63d6b3a0bf7a88d4d7a50529e40fe55efee0a2383e,NVDA,edgar,income_statement,us-gaap:GrossProfit,GrossProfit,grossprofit,Gross profit,44301000000,44301000000.0,usd,USD,1.0,duration_2023-01-30_2024-01-28,reported,duration,2023-01-30,2024-01-28,,2025,FY,2026-02-25,10-K,0001045810-26-000021,edgar:0001045810-26-000021:f-80,c-10,http://www.nvidia.com/role/ConsolidatedStatementsofIncome,"{""balance"": ""credit"", ""cik"": ""0001045810"", ""context_ref"": ""c-10"", ""period_key"": ""duration_2023-01-30_2024-01-28"", ""preferred_sign"": 1.0, ""statement_role"": ""http://www.nvidia.com/role/ConsolidatedStatementsofIncome"", ""statement_type"": ""IncomeStatement"", ""weight"": 1.0}",{},False,,edgar_xbrl
f-81,67bebc43e5c18d591932aed8104034ce8729794e070e99f80a717fef52ab17c7,NVDA,edgar,income_statement,us-gaap:ResearchAndDevelopmentExpense,ResearchAndDevelopmentExpenses,researchanddevelopmentexpenses,Research and development,18497000000,18497000000.0,usd,USD,1.0,duration_2025-01-27_2026-01-25,reported,duration,2025-01-27,2026-01-25,,2026,FY,2026-02-25,10-K,0001045810-26-000021,edgar:0001045810-26-000021:f-81,c-1,http://www.nvidia.com/role/ConsolidatedStatementsofIncome,"{""balance"": ""debit"", ""cik"": ""0001045810"", ""context_ref"": ""c-1"", ""period_key"": ""duration_2025-01-27_2026-01-25"", ""preferred_sign"": 1.0, ""statement_role"": ""http://www.nvidia.com/role/ConsolidatedStatementsofIncome"", ""statement_type"": ""IncomeStatement"", ""weight"": 1.0}",{},False,,edgar_xbrl
f-82,7c67d45d452276c6477d632712ecf59c24ab07862ae05fc798bd86cb06186a1a,NVDA,edgar,income_statement,us-gaap:ResearchAndDevelopmentExpense,ResearchAndDevelopmentExpenses,researchanddevelopmentexpenses,Research and development,12914000000,12914000000.0,usd,USD,1.0,duration_2024-01-29_2025-01-26,reported,duration,2024-01-29,2025-01-26,,2026,FY,2026-02-25,10-K,0001045810-26-000021,edgar:0001045810-26-000021:f-82,c-9,http://www.nvidia.com/role/ConsolidatedStatementsofIncome,"{""balance"": ""debit"", ""cik"": ""0001045810"", ""context_ref"": ""c-9"", ""period_key"": ""duration_2024-01-29_2025-01-26"", ""preferred_sign"": 1.0, ""statement_role"": ""http://www.nvidia.com/role/ConsolidatedStatementsofIncome"", ""statement_type"": ""IncomeStatement"", ""weight"": 1.0}",{},False,,edgar_xbrl
f-83,bb8f79d4c43115930aaae669a10813d647f969bf715d22e7abf0a6ea3e379bca,NVDA,edgar,income_statement,us-gaap:ResearchAndDevelopmentExpense,ResearchAndDevelopmentExpenses,researchanddevelopmentexpenses,Research and development,8675000000,8675000000.0,usd,USD,1.0,duration_2023-01-30_2024-01-28,reported,duration,2023-01-30,2024-01-28,,2025,FY,2026-02-25,10-K,0001045810-26-000021,edgar:0001045810-26-000021:f-83,c-10,http://www.nvidia.com/role/ConsolidatedStatementsofIncome,"{""balance"": ""debit"", ""cik"": ""0001045810"", ""context_ref"": ""c-10"", ""period_key"": ""duration_2023-01-30_2024-01-28"", ""preferred_sign"": 1.0, ""statement_role"": ""http://www.nvidia.com/role/ConsolidatedStatementsofIncome"", ""statement_type"": ""IncomeStatement"", ""weight"": 1.0}",{},False,,edgar_xbrl
f-84,0ac48c5f28d24e55cdba8e0a40f14a1a28be31911ce20b18f58750b198da522d,NVDA,edgar,income_statement,us-gaap:SellingGeneralAndAdministrativeExpense,SellingGeneralAndAdminExpenses,sellinggeneralandadminexpenses,"Sales, general and administrative",4579000000,4579000000.0,usd,USD,1.0,duration_2025-01-27_2026-01-25,reported,duration,2025-01-27,2026-01-25,,2026,FY,2026-02-25,10-K,0001045810-26-000021,edgar:0001045810-26-000021:f-84,c-1,http://www.nvidia.com/role/ConsolidatedStatementsofIncome,"{""balance"": ""debit"", ""cik"": ""0001045810"", ""context_ref"": ""c-1"", ""period_key"": ""duration_2025-01-27_2026-01-25"", ""preferred_sign"": 1.0, ""statement_role"": ""http://www.nvidia.com/role/ConsolidatedStatementsofIncome"", ""statement_type"": ""IncomeStatement"", ""weight"": 1.0}",{},False,,edgar_xbrl
f-85,69764932ab82b81702e2525a6523bc509d39ab46d5af043e147053672b55d9b2,NVDA,edgar,income_statement,us-gaap:SellingGeneralAndAdministrativeExpense,SellingGeneralAndAdminExpenses,sellinggeneralandadminexpenses,"Sales, general and administrative",3491000000,3491000000.0,usd,USD,1.0,duration_2024-01-29_2025-01-26,reported,duration,2024-01-29,2025-01-26,,2026,FY,2026-02-25,10-K,0001045810-26-000021,edgar:0001045810-26-000021:f-85,c-9,http://www.nvidia.com/role/ConsolidatedStatementsofIncome,"{""balance"": ""debit"", ""cik"": ""0001045810"", ""context_ref"": ""c-9"", ""period_key"": ""duration_2024-01-29_2025-01-26"", ""preferred_sign"": 1.0, ""statement_role"": ""http://www.nvidia.com/role/ConsolidatedStatementsofIncome"", ""statement_type"": ""IncomeStatement"", ""weight"": 1.0}",{},False,,edgar_xbrl
f-86,c113359b970c558039d0857b4a7ee25b3b86d0743bf9f80c31212b765fc862bf,NVDA,edgar,income_statement,us-gaap:SellingGeneralAndAdministrativeExpense,SellingGeneralAndAdminExpenses,sellinggeneralandadminexpenses,"Sales, general and administrative",2654000000,2654000000.0,usd,USD,1.0,duration_2023-01-30_2024-01-28,reported,duration,2023-01-30,2024-01-28,,2025,FY,2026-02-25,10-K,0001045810-26-000021,edgar:0001045810-26-000021:f-86,c-10,http://www.nvidia.com/role/ConsolidatedStatementsofIncome,"{""balance"": ""debit"", ""cik"": ""0001045810"", ""context_ref"": ""c-10"", ""period_key"": ""duration_2023-01-30_2024-01-28"", ""preferred_sign"": 1.0, ""statement_role"": ""http://www.nvidia.com/role/ConsolidatedStatementsofIncome"", ""statement_type"": ""IncomeStatement"", ""weight"": 1.0}",{},False,,edgar_xbrl
f-87,430dd7e29eba96423c8bd145b99d7573c4f2283955ffa7518e20dffbf9eec571,NVDA,edgar,income_statement,us-gaap:OperatingExpenses,TotalOperatingExpenses,totaloperatingexpenses,Total operating expenses,23076000000,23076000000.0,usd,USD,1.0,duration_2025-01-27_2026-01-25,reported,duration,2025-01-27,2026-01-25,,2026,FY,2026-02-25,10-K,0001045810-26-000021,edgar:0001045810-26-000021:f-87,c-1,http://www.nvidia.com/role/ConsolidatedStatementsofIncome,"{""cik"": ""0001045810"", ""context_ref"": ""c-1"", ""period_key"": ""duration_2025-01-27_2026-01-25"", ""preferred_sign"": 1.0, ""statement_role"": ""http://www.nvidia.com/role/ConsolidatedStatementsofIncome"", ""statement_type"": ""IncomeStatement"", ""weight"": -1.0}",{},False,,edgar_xbrl
f-88,7d3c080cab1bee38dbf67fb7fe60e23c2fb39e458df674e7d378a4c707dc90fa,NVDA,edgar,income_statement,us-gaap:OperatingExpenses,TotalOperatingExpenses,totaloperatingexpenses,Total operating expenses,16405000000,16405000000.0,usd,USD,1.0,duration_2024-01-29_2025-01-26,reported,duration,2024-01-29,2025-01-26,,2026,FY,2026-02-25,10-K,0001045810-26-000021,edgar:0001045810-26-000021:f-88,c-9,http://www.nvidia.com/role/ConsolidatedStatementsofIncome,"{""cik"": ""0001045810"", ""context_ref"": ""c-9"", ""period_key"": ""duration_2024-01-29_2025-01-26"", ""preferred_sign"": 1.0, ""statement_role"": ""http://www.nvidia.com/role/ConsolidatedStatementsofIncome"", ""statement_type"": ""IncomeStatement"", ""weight"": -1.0}",{},False,,edgar_xbrl
f-89,a480a00063d543f93f3a5d8b85626d3d1a04cc4c3055927abed3593fe7db9b31,NVDA,edgar,income_statement,us-gaap:OperatingExpenses,TotalOperatingExpenses,totaloperatingexpenses,Total operating expenses,11329000000,11329000000.0,usd,USD,1.0,duration_2023-01-30_2024-01-28,reported,duration,2023-01-30,2024-01-28,,2025,FY,2026-02-25,10-K,0001045810-26-000021,edgar:0001045810-26-000021:f-89,c-10,http://www.nvidia.com/role/ConsolidatedStatementsofIncome,"{""cik"": ""0001045810"", ""context_ref"": ""c-10"", ""period_key"": ""duration_2023-01-30_2024-01-28"", ""preferred_sign"": 1.0, ""statement_role"": ""http://www.nvidia.com/role/ConsolidatedStatementsofIncome"", ""statement_type"": ""IncomeStatement"", ""weight"": -1.0}",{},False,,edgar_xbrl
f-90,d94d2ca2b9c3dadea9b09319f4c418d51bc2012f00e08098eb45e18570ad1741,NVDA,edgar,income_statement,us-gaap:OperatingIncomeLoss,OperatingIncomeLoss,operatingincomeloss,Operating income,130387000000,130387000000.0,usd,USD,1.0,duration_2025-01-27_2026-01-25,reported,duration,2025-01-27,2026-01-25,,2026,FY,2026-02-25,10-K,0001045810-26-000021,edgar:0001045810-26-000021:f-90,c-1,http://www.nvidia.com/role/ConsolidatedStatementsofIncome,"{""balance"": ""credit"", ""cik"": ""0001045810"", ""context_ref"": ""c-1"", ""period_key"": ""duration_2025-01-27_2026-01-25"", ""preferred_sign"": 1.0, ""statement_role"": ""http://www.nvidia.com/role/ConsolidatedStatementsofIncome"", ""statement_type"": ""IncomeStatement"", ""weight"": 1.0}",{},False,,edgar_xbrl
f-91,28149b9ecf4dab82065dbf5ddf342057e05311b689af2b28fb206e17ff245c2d,NVDA,edgar,income_statement,us-gaap:OperatingIncomeLoss,OperatingIncomeLoss,operatingincomeloss,Operating income,81453000000,81453000000.0,usd,USD,1.0,duration_2024-01-29_2025-01-26,reported,duration,2024-01-29,2025-01-26,,2026,FY,2026-02-25,10-K,0001045810-26-000021,edgar:0001045810-26-000021:f-91,c-9,http://www.nvidia.com/role/ConsolidatedStatementsofIncome,"{""balance"": ""credit"", ""cik"": ""0001045810"", ""context_ref"": ""c-9"", ""period_key"": ""duration_2024-01-29_2025-01-26"", ""preferred_sign"": 1.0, ""statement_role"": ""http://www.nvidia.com/role/ConsolidatedStatementsofIncome"", ""statement_type"": ""IncomeStatement"", ""weight"": 1.0}",{},False,,edgar_xbrl
f-92,7b65488a897683daa2ec2d5eecd7bc4f361c4d63503cedc89c82438544a3b1f4,NVDA,edgar,income_statement,us-gaap:OperatingIncomeLoss,OperatingIncomeLoss,operatingincomeloss,Operating income,32972000000,32972000000.0,usd,USD,1.0,duration_2023-01-30_2024-01-28,reported,duration,2023-01-30,2024-01-28,,2025,FY,2026-02-25,10-K,0001045810-26-000021,edgar:0001045810-26-000021:f-92,c-10,http://www.nvidia.com/role/ConsolidatedStatementsofIncome,"{""balance"": ""credit"", ""cik"": ""0001045810"", ""context_ref"": ""c-10"", ""period_key"": ""duration_2023-01-30_2024-01-28"", ""preferred_sign"": 1.0, ""statement_role"": ""http://www.nvidia.com/role/ConsolidatedStatementsofIncome"", ""statement_type"": ""IncomeStatement"", ""weight"": 1.0}",{},False,,edgar_xbrl
f-93,4166a6b2bd8fc0114b96a47bb5758cc44c11ed9384ab408807311db2d8959be2,NVDA,edgar,income_statement,us-gaap:InvestmentIncomeInterest,InterestAndDividendIncome,interestanddividendincome,Interest income,2300000000,2300000000.0,usd,USD,1.0,duration_2025-01-27_2026-01-25,reported,duration,2025-01-27,2026-01-25,,2026,FY,2026-02-25,10-K,0001045810-26-000021,edgar:0001045810-26-000021:f-93,c-1,http://www.nvidia.com/role/ConsolidatedStatementsofIncome,"{""balance"": ""credit"", ""cik"": ""0001045810"", ""context_ref"": ""c-1"", ""period_key"": ""duration_2025-01-27_2026-01-25"", ""preferred_sign"": 1.0, ""statement_role"": ""http://www.nvidia.com/role/ConsolidatedStatementsofIncome"", ""statement_type"": ""IncomeStatement"", ""weight"": 1.0}",{},False,,edgar_xbrl
f-94,932c62098120462cf77fc08b2584eb72e3eb7bd4402efbed04a994119fffbad9,NVDA,edgar,income_statement,us-gaap:InvestmentIncomeInterest,InterestAndDividendIncome,interestanddividendincome,Interest income,1786000000,1786000000.0,usd,USD,1.0,duration_2024-01-29_2025-01-26,reported,duration,2024-01-29,2025-01-26,,2026,FY,2026-02-25,10-K,0001045810-26-000021,edgar:0001045810-26-000021:f-94,c-9,http://www.nvidia.com/role/ConsolidatedStatementsofIncome,"{""balance"": ""credit"", ""cik"": ""0001045810"", ""context_ref"": ""c-9"", ""period_key"": ""duration_2024-01-29_2025-01-26"", ""preferred_sign"": 1.0, ""statement_role"": ""http://www.nvidia.com/role/ConsolidatedStatementsofIncome"", ""statement_type"": ""IncomeStatement"", ""weight"": 1.0}",{},False,,edgar_xbrl
f-95,ecdc78f24b068535707ddfb0da090a1381589fc45184bdf7d429e57eb5647d77,NVDA,edgar,income_statement,us-gaap:InvestmentIncomeInterest,InterestAndDividendIncome,interestanddividendincome,Interest income,866000000,866000000.0,usd,USD,1.0,duration_2023-01-30_2024-01-28,reported,duration,2023-01-30,2024-01-28,,2025,FY,2026-02-25,10-K,0001045810-26-000021,edgar:0001045810-26-000021:f-95,c-10,http://www.nvidia.com/role/ConsolidatedStatementsofIncome,"{""balance"": ""credit"", ""cik"": ""0001045810"", ""context_ref"": ""c-10"", ""period_key"": ""duration_2023-01-30_2024-01-28"", ""preferred_sign"": 1.0, ""statement_role"": ""http://www.nvidia.com/role/ConsolidatedStatementsofIncome"", ""statement_type"": ""IncomeStatement"", ""weight"": 1.0}",{},False,,edgar_xbrl
f-96,2669211bd61b6f5d9834dde2f42f09449dbefdf7b4dc448713704971b11e8f11,NVDA,edgar,income_statement,us-gaap:InterestExpenseNonoperating,InterestExpense,interestexpense,Interest expense,259000000,259000000.0,usd,USD,1.0,duration_2025-01-27_2026-01-25,reported,duration,2025-01-27,2026-01-25,,2026,FY,2026-02-25,10-K,0001045810-26-000021,edgar:0001045810-26-000021:f-96,c-1,http://www.nvidia.com/role/ConsolidatedStatementsofIncome,"{""cik"": ""0001045810"", ""context_ref"": ""c-1"", ""period_key"": ""duration_2025-01-27_2026-01-25"", ""preferred_sign"": 1.0, ""statement_role"": ""http://www.nvidia.com/role/ConsolidatedStatementsofIncome"", ""statement_type"": ""IncomeStatement"", ""weight"": -1.0}",{},False,,edgar_xbrl
f-97,2e1a3c72c95e52d731f69800bde2b35e48da5f110568556733b164f4fcc88e7a,NVDA,edgar,income_statement,us-gaap:InterestExpenseNonoperating,InterestExpense,interestexpense,Interest expense,247000000,247000000.0,usd,USD,1.0,duration_2024-01-29_2025-01-26,reported,duration,2024-01-29,2025-01-26,,2026,FY,2026-02-25,10-K,0001045810-26-000021,edgar:0001045810-26-000021:f-97,c-9,http://www.nvidia.com/role/ConsolidatedStatementsofIncome,"{""cik"": ""0001045810"", ""context_ref"": ""c-9"", ""period_key"": ""duration_2024-01-29_2025-01-26"", ""preferred_sign"": 1.0, ""statement_role"": ""http://www.nvidia.com/role/ConsolidatedStatementsofIncome"", ""statement_type"": ""IncomeStatement"", ""weight"": -1.0}",{},False,,edgar_xbrl
f-98,36e776100286381a262b3f65ba43fe69eee237565899ee24b8e77e2d10aad1cd,NVDA,edgar,income_statement,us-gaap:InterestExpenseNonoperating,InterestExpense,interestexpense,Interest expense,257000000,257000000.0,usd,USD,1.0,duration_2023-01-30_2024-01-28,reported,duration,2023-01-30,2024-01-28,,2025,FY,2026-02-25,10-K,0001045810-26-000021,edgar:0001045810-26-000021:f-98,c-10,http://www.nvidia.com/role/ConsolidatedStatementsofIncome,"{""cik"": ""0001045810"", ""context_ref"": ""c-10"", ""period_key"": ""duration_2023-01-30_2024-01-28"", ""preferred_sign"": 1.0, ""statement_role"": ""http://www.nvidia.com/role/ConsolidatedStatementsofIncome"", ""statement_type"": ""IncomeStatement"", ""weight"": -1.0}",{},False,,edgar_xbrl
f-99,5e9b1d5c6d8d8e7c6446709afd3b1b2319f7fa2afe148c0b69886bc1ccf25af1,NVDA,edgar,income_statement,us-gaap:OtherNonoperatingIncomeExpense,NonoperatingIncomeExpense,nonoperatingincomeexpense,"Other income, net",9022000000,9022000000.0,usd,USD,1.0,duration_2025-01-27_2026-01-25,reported,duration,2025-01-27,2026-01-25,,2026,FY,2026-02-25,10-K,0001045810-26-000021,edgar:0001045810-26-000021:f-99,c-1,http://www.nvidia.com/role/ConsolidatedStatementsofIncome,"{""balance"": ""credit"", ""cik"": ""0001045810"", ""context_ref"": ""c-1"", ""period_key"": ""duration_2025-01-27_2026-01-25"", ""preferred_sign"": 1.0, ""statement_role"": ""http://www.nvidia.com/role/ConsolidatedStatementsofIncome"", ""statement_type"": ""IncomeStatement"", ""weight"": 1.0}",{},False,,edgar_xbrl
f-100,f88c768728016ae63532cec6f77f7e48bb6c4fbb6439bdaccfa21a4863146f4a,NVDA,edgar,income_statement,us-gaap:OtherNonoperatingIncomeExpense,NonoperatingIncomeExpense,nonoperatingincomeexpense,"Other income, net",1034000000,1034000000.0,usd,USD,1.0,duration_2024-01-29_2025-01-26,reported,duration,2024-01-29,2025-01-26,,2026,FY,2026-02-25,10-K,0001045810-26-000021,edgar:0001045810-26-000021:f-100,c-9,http://www.nvidia.com/role/ConsolidatedStatementsofIncome,"{""balance"": ""credit"", ""cik"": ""0001045810"", ""context_ref"": ""c-9"", ""period_key"": ""duration_2024-01-29_2025-01-26"", ""preferred_sign"": 1.0, ""statement_role"": ""http://www.nvidia.com/role/ConsolidatedStatementsofIncome"", ""statement_type"": ""IncomeStatement"", ""weight"": 1.0}",{},False,,edgar_xbrl
f-101,687d2465949b93779d73198ec2eae4cb3190a984e72447afd38ee9638706e402,NVDA,edgar,income_statement,us-gaap:OtherNonoperatingIncomeExpense,NonoperatingIncomeExpense,nonoperatingincomeexpense,"Other income, net",237000000,237000000.0,usd,USD,1.0,duration_2023-01-30_2024-01-28,reported,duration,2023-01-30,2024-01-28,,2025,FY,2026-02-25,10-K,0001045810-26-000021,edgar:0001045810-26-000021:f-101,c-10,http://www.nvidia.com/role/ConsolidatedStatementsofIncome,"{""balance"": ""credit"", ""cik"": ""0001045810"", ""context_ref"": ""c-10"", ""period_key"": ""duration_2023-01-30_2024-01-28"", ""preferred_sign"": 1.0, ""statement_role"": ""http://www.nvidia.com/role/ConsolidatedStatementsofIncome"", ""statement_type"": ""IncomeStatement"", ""weight"": 1.0}",{},False,,edgar_xbrl
f-102,c986c04f9339bbc2a59ccf4f522a17b90d846e879f0b13d8a1bf7e26cf123904,NVDA,edgar,income_statement,us-gaap:NonoperatingIncomeExpense,NonoperatingIncomeExpense,nonoperatingincomeexpense,"Total other income, net",11063000000,11063000000.0,usd,USD,1.0,duration_2025-01-27_2026-01-25,reported,duration,2025-01-27,2026-01-25,,2026,FY,2026-02-25,10-K,0001045810-26-000021,edgar:0001045810-26-000021:f-102,c-1,http://www.nvidia.com/role/ConsolidatedStatementsofIncome,"{""cik"": ""0001045810"", ""context_ref"": ""c-1"", ""period_key"": ""duration_2025-01-27_2026-01-25"", ""preferred_sign"": 1.0, ""statement_role"": ""http://www.nvidia.com/role/ConsolidatedStatementsofIncome"", ""statement_type"": ""IncomeStatement"", ""weight"": 1.0}",{},False,,edgar_xbrl
f-103,1fa689843206a96896f6583e575874b0ccd96d0c80554981a3b75a78b98c2452,NVDA,edgar,income_statement,us-gaap:NonoperatingIncomeExpense,NonoperatingIncomeExpense,nonoperatingincomeexpense,"Total other income, net",2573000000,2573000000.0,usd,USD,1.0,duration_2024-01-29_2025-01-26,reported,duration,2024-01-29,2025-01-26,,2026,FY,2026-02-25,10-K,0001045810-26-000021,edgar:0001045810-26-000021:f-103,c-9,http://www.nvidia.com/role/ConsolidatedStatementsofIncome,"{""cik"": ""0001045810"", ""context_ref"": ""c-9"", ""period_key"": ""duration_2024-01-29_2025-01-26"", ""preferred_sign"": 1.0, ""statement_role"": ""http://www.nvidia.com/role/ConsolidatedStatementsofIncome"", ""statement_type"": ""IncomeStatement"", ""weight"": 1.0}",{},False,,edgar_xbrl
f-104,9ed6e42950939ac57862fc39537d71b83bbe3e06f695402b7e749548f8d66120,NVDA,edgar,income_statement,us-gaap:NonoperatingIncomeExpense,NonoperatingIncomeExpense,nonoperatingincomeexpense,"Total other income, net",846000000,846000000.0,usd,USD,1.0,duration_2023-01-30_2024-01-28,reported,duration,2023-01-30,2024-01-28,,2025,FY,2026-02-25,10-K,0001045810-26-000021,edgar:0001045810-26-000021:f-104,c-10,http://www.nvidia.com/role/ConsolidatedStatementsofIncome,"{""cik"": ""0001045810"", ""context_ref"": ""c-10"", ""period_key"": ""duration_2023-01-30_2024-01-28"", ""preferred_sign"": 1.0, ""statement_role"": ""http://www.nvidia.com/role/ConsolidatedStatementsofIncome"", ""statement_type"": ""IncomeStatement"", ""weight"": 1.0}",{},False,,edgar_xbrl
f-111,dcc6df7fb0b94983c7f530271483a5b72cbf5810cfe9d807e0a0cdbf2b855582,NVDA,edgar,income_statement,us-gaap:NetIncomeLoss,NetIncome,netincome,Net income,120067000000,120067000000.0,usd,USD,1.0,duration_2025-01-27_2026-01-25,reported,duration,2025-01-27,2026-01-25,,2026,FY,2026-02-25,10-K,0001045810-26-000021,edgar:0001045810-26-000021:f-111,c-1,http://www.nvidia.com/role/ConsolidatedStatementsofIncome,"{""balance"": ""credit"", ""cik"": ""0001045810"", ""context_ref"": ""c-1"", ""period_key"": ""duration_2025-01-27_2026-01-25"", ""preferred_sign"": 1.0, ""statement_role"": ""http://www.nvidia.com/role/ConsolidatedStatementsofIncome"", ""statement_type"": ""IncomeStatement"", ""weight"": 1.0}",{},False,,edgar_xbrl
f-112,0dedad8eae5d5938b73738f8a1a7caa58104b270a5347c6e9abfb9851d14147c,NVDA,edgar,income_statement,us-gaap:NetIncomeLoss,NetIncome,netincome,Net income,72880000000,72880000000.0,usd,USD,1.0,duration_2024-01-29_2025-01-26,reported,duration,2024-01-29,2025-01-26,,2026,FY,2026-02-25,10-K,0001045810-26-000021,edgar:0001045810-26-000021:f-112,c-9,http://www.nvidia.com/role/ConsolidatedStatementsofIncome,"{""balance"": ""credit"", ""cik"": ""0001045810"", ""context_ref"": ""c-9"", ""period_key"": ""duration_2024-01-29_2025-01-26"", ""preferred_sign"": 1.0, ""statement_role"": ""http://www.nvidia.com/role/ConsolidatedStatementsofIncome"", ""statement_type"": ""IncomeStatement"", ""weight"": 1.0}",{},False,,edgar_xbrl
f-113,17f09c0407dd9004863339de04ea965876c7c3104e7849c2b01e5d3023c1cb8f,NVDA,edgar,income_statement,us-gaap:NetIncomeLoss,NetIncome,netincome,Net income,29760000000,29760000000.0,usd,USD,1.0,duration_2023-01-30_2024-01-28,reported,duration,2023-01-30,2024-01-28,,2025,FY,2026-02-25,10-K,0001045810-26-000021,edgar:0001045810-26-000021:f-113,c-10,http://www.nvidia.com/role/ConsolidatedStatementsofIncome,"{""balance"": ""credit"", ""cik"": ""0001045810"", ""context_ref"": ""c-10"", ""period_key"": ""duration_2023-01-30_2024-01-28"", ""preferred_sign"": 1.0, ""statement_role"": ""http://www.nvidia.com/role/ConsolidatedStatementsofIncome"", ""statement_type"": ""IncomeStatement"", ""weight"": 1.0}",{},False,,edgar_xbrl
f-221,5dc0c87a45404e2eaf1693047132087bddc6d828353ddb65be5722b341223284,NVDA,edgar,income_statement,us-gaap:NetIncomeLoss,NetIncome,netincome,Net income,29760000000,29760000000.0,usd,USD,1.0,duration_2023-01-30_2024-01-28,reported,duration,2023-01-30,2024-01-28,,2025,FY,2026-02-25,10-K,0001045810-26-000021,edgar:0001045810-26-000021:f-221,c-18,http://www.nvidia.com/role/ConsolidatedStatementsofIncome,"{""balance"": ""credit"", ""cik"": ""0001045810"", ""context_ref"": ""c-18"", ""period_key"": ""duration_2023-01-30_2024-01-28"", ""preferred_sign"": 1.0, ""statement_role"": ""http://www.nvidia.com/role/ConsolidatedStatementsofIncome"", ""statement_type"": ""IncomeStatement"", ""weight"": 1.0}","{""us-gaap_StatementEquityComponentsAxis"": ""us-gaap:RetainedEarningsMember""}",False,,edgar_xbrl
f-246,194ce26b41e5800a564866bca1152303213b1899fbb182a73246c1f9d77e6b02,NVDA,edgar,income_statement,us-gaap:NetIncomeLoss,NetIncome,netincome,Net income,72880000000,72880000000.0,usd,USD,1.0,duration_2024-01-29_2025-01-26,reported,duration,2024-01-29,2025-01-26,,2026,FY,2026-02-25,10-K,0001045810-26-000021,edgar:0001045810-26-000021:f-246,c-27,http://www.nvidia.com/role/ConsolidatedStatementsofIncome,"{""balance"": ""credit"", ""cik"": ""0001045810"", ""context_ref"": ""c-27"", ""period_key"": ""duration_2024-01-29_2025-01-26"", ""preferred_sign"": 1.0, ""statement_role"": ""http://www.nvidia.com/role/ConsolidatedStatementsofIncome"", ""statement_type"": ""IncomeStatement"", ""weight"": 1.0}","{""us-gaap_StatementEquityComponentsAxis"": ""us-gaap:RetainedEarningsMember""}",False,,edgar_xbrl
f-272,448cdc492d70273b42026ccb51b571ffd12cbf2a8f046fe039afd5d287e2b474,NVDA,edgar,income_statement,us-gaap:NetIncomeLoss,NetIncome,netincome,Net income,120067000000,120067000000.0,usd,USD,1.0,duration_2025-01-27_2026-01-25,reported,duration,2025-01-27,2026-01-25,,2026,FY,2026-02-25,10-K,0001045810-26-000021,edgar:0001045810-26-000021:f-272,c-35,http://www.nvidia.com/role/ConsolidatedStatementsofIncome,"{""balance"": ""credit"", ""cik"": ""0001045810"", ""context_ref"": ""c-35"", ""period_key"": ""duration_2025-01-27_2026-01-25"", ""preferred_sign"": 1.0, ""statement_role"": ""http://www.nvidia.com/role/ConsolidatedStatementsofIncome"", ""statement_type"": ""IncomeStatement"", ""weight"": 1.0}","{""us-gaap_StatementEquityComponentsAxis"": ""us-gaap:RetainedEarningsMember""}",False,,edgar_xbrl
f-120,fd613f0e31ac1a1227da0338605b341acdf53275862016122b5db3b7ff98061e,NVDA,edgar,income_statement,us-gaap:WeightedAverageNumberOfSharesOutstandingBasic,SharesAverage,sharesaverage,Basic (in shares),24359000000,24359000000.0,shares,,1.0,duration_2025-01-27_2026-01-25,reported,duration,2025-01-27,2026-01-25,,2026,FY,2026-02-25,10-K,0001045810-26-000021,edgar:0001045810-26-000021:f-120,c-1,http://www.nvidia.com/role/ConsolidatedStatementsofIncome,"{""cik"": ""0001045810"", ""context_ref"": ""c-1"", ""period_key"": ""duration_2025-01-27_2026-01-25"", ""preferred_sign"": 1.0, ""statement_role"": ""http://www.nvidia.com/role/ConsolidatedStatementsofIncome"", ""statement_type"": ""IncomeStatement"", ""weight"": 1.0}",{},False,,edgar_xbrl
f-121,d4032c04d0fea2107e3352b2298b659cb0dd0bb83e9a9a41766783583663640e,NVDA,edgar,income_statement,us-gaap:WeightedAverageNumberOfSharesOutstandingBasic,SharesAverage,sharesaverage,Basic (in shares),24555000000,24555000000.0,shares,,1.0,duration_2024-01-29_2025-01-26,reported,duration,2024-01-29,2025-01-26,,2026,FY,2026-02-25,10-K,0001045810-26-000021,edgar:0001045810-26-000021:f-121,c-9,http://www.nvidia.com/role/ConsolidatedStatementsofIncome,"{""cik"": ""0001045810"", ""context_ref"": ""c-9"", ""period_key"": ""duration_2024-01-29_2025-01-26"", ""preferred_sign"": 1.0, ""statement_role"": ""http://www.nvidia.com/role/ConsolidatedStatementsofIncome"", ""statement_type"": ""IncomeStatement"", ""weight"": 1.0}",{},False,,edgar_xbrl
f-122,c1a51c1054d1d97b6341bdf749d0fa76cb8fa77942a166833d0185a003f9f850,NVDA,edgar,income_statement,us-gaap:WeightedAverageNumberOfSharesOutstandingBasic,SharesAverage,sharesaverage,Basic (in shares),24690000000,24690000000.0,shares,,1.0,duration_2023-01-30_2024-01-28,reported,duration,2023-01-30,2024-01-28,,2025,FY,2026-02-25,10-K,0001045810-26-000021,edgar:0001045810-26-000021:f-122,c-10,http://www.nvidia.com/role/ConsolidatedStatementsofIncome,"{""cik"": ""0001045810"", ""context_ref"": ""c-10"", ""period_key"": ""duration_2023-01-30_2024-01-28"", ""preferred_sign"": 1.0, ""statement_role"": ""http://www.nvidia.com/role/ConsolidatedStatementsofIncome"", ""statement_type"": ""IncomeStatement"", ""weight"": 1.0}",{},False,,edgar_xbrl
f-123,1c1a56ce1b0bb3ed38fa944cd6b3d4593bcef28beffbb129f73f16aaba89d904,NVDA,edgar,income_statement,us-gaap:WeightedAverageNumberOfDilutedSharesOutstanding,SharesFullyDilutedAverage,sharesfullydilutedaverage,Diluted (in shares),24514000000,24514000000.0,shares,,1.0,duration_2025-01-27_2026-01-25,reported,duration,2025-01-27,2026-01-25,,2026,FY,2026-02-25,10-K,0001045810-26-000021,edgar:0001045810-26-000021:f-123,c-1,http://www.nvidia.com/role/ConsolidatedStatementsofIncome,"{""cik"": ""0001045810"", ""context_ref"": ""c-1"", ""period_key"": ""duration_2025-01-27_2026-01-25"", ""preferred_sign"": 1.0, ""statement_role"": ""http://www.nvidia.com/role/ConsolidatedStatementsofIncome"", ""statement_type"": ""IncomeStatement"", ""weight"": 1.0}",{},False,,edgar_xbrl
f-124,115a0b6d5a881e9fc0112e7cba8c9eccc75fbed70c0ca1a14f9cef4d2fd25737,NVDA,edgar,income_statement,us-gaap:WeightedAverageNumberOfDilutedSharesOutstanding,SharesFullyDilutedAverage,sharesfullydilutedaverage,Diluted (in shares),24804000000,24804000000.0,shares,,1.0,duration_2024-01-29_2025-01-26,reported,duration,2024-01-29,2025-01-26,,2026,FY,2026-02-25,10-K,0001045810-26-000021,edgar:0001045810-26-000021:f-124,c-9,http://www.nvidia.com/role/ConsolidatedStatementsofIncome,"{""cik"": ""0001045810"", ""context_ref"": ""c-9"", ""period_key"": ""duration_2024-01-29_2025-01-26"", ""preferred_sign"": 1.0, ""statement_role"": ""http://www.nvidia.com/role/ConsolidatedStatementsofIncome"", ""statement_type"": ""IncomeStatement"", ""weight"": 1.0}",{},False,,edgar_xbrl
f-125,6744b3dc210b17196c43b33d45266dabf9c63d10f658957ac07070e33081180d,NVDA,edgar,income_statement,us-gaap:WeightedAverageNumberOfDilutedSharesOutstanding,SharesFullyDilutedAverage,sharesfullydilutedaverage,Diluted (in shares),24940000000,24940000000.0,shares,,1.0,duration_2023-01-30_2024-01-28,reported,duration,2023-01-30,2024-01-28,,2025,FY,2026-02-25,10-K,0001045810-26-000021,edgar:0001045810-26-000021:f-125,c-10,http://www.nvidia.com/role/ConsolidatedStatementsofIncome,"{""cik"": ""0001045810"", ""context_ref"": ""c-10"", ""period_key"": ""duration_2023-01-30_2024-01-28"", ""preferred_sign"": 1.0, ""statement_role"": ""http://www.nvidia.com/role/ConsolidatedStatementsofIncome"", ""statement_type"": ""IncomeStatement"", ""weight"": 1.0}",{},False,,edgar_xbrl
f-114,ccdd77a9855aaaea64f038fafed9151f99e115ab21871af2d900e3186d40a753,NVDA,edgar,income_statement,us-gaap:EarningsPerShareBasic,,earningspersharebasic,Basic (in USD per share),4.93,4.93,usdPerShare,USD,1.0,duration_2025-01-27_2026-01-25,reported,duration,2025-01-27,2026-01-25,,2026,FY,2026-02-25,10-K,0001045810-26-000021,edgar:0001045810-26-000021:f-114,c-1,http://www.nvidia.com/role/ConsolidatedStatementsofIncome,"{""cik"": ""0001045810"", ""context_ref"": ""c-1"", ""period_key"": ""duration_2025-01-27_2026-01-25"", ""preferred_sign"": 1.0, ""statement_role"": ""http://www.nvidia.com/role/ConsolidatedStatementsofIncome"", ""statement_type"": ""IncomeStatement""}",{},False,,edgar_xbrl
f-115,42dffd0a1b504d92a27abea2224fe53785a07026311ec57a3791c201a3b3845b,NVDA,edgar,income_statement,us-gaap:EarningsPerShareBasic,,earningspersharebasic,Basic (in USD per share),2.97,2.97,usdPerShare,USD,1.0,duration_2024-01-29_2025-01-26,reported,duration,2024-01-29,2025-01-26,,2026,FY,2026-02-25,10-K,0001045810-26-000021,edgar:0001045810-26-000021:f-115,c-9,http://www.nvidia.com/role/ConsolidatedStatementsofIncome,"{""cik"": ""0001045810"", ""context_ref"": ""c-9"", ""period_key"": ""duration_2024-01-29_2025-01-26"", ""preferred_sign"": 1.0, ""statement_role"": ""http://www.nvidia.com/role/ConsolidatedStatementsofIncome"", ""statement_type"": ""IncomeStatement""}",{},False,,edgar_xbrl
f-116,f36e0070a96a5caed1d708d4ed6f4b87d610ce10fe49e614c3064ee79f67481e,NVDA,edgar,income_statement,us-gaap:EarningsPerShareBasic,,earningspersharebasic,Basic (in USD per share),1.21,1.21,usdPerShare,USD,1.0,duration_2023-01-30_2024-01-28,reported,duration,2023-01-30,2024-01-28,,2025,FY,2026-02-25,10-K,0001045810-26-000021,edgar:0001045810-26-000021:f-116,c-10,http://www.nvidia.com/role/ConsolidatedStatementsofIncome,"{""cik"": ""0001045810"", ""context_ref"": ""c-10"", ""period_key"": ""duration_2023-01-30_2024-01-28"", ""preferred_sign"": 1.0, ""statement_role"": ""http://www.nvidia.com/role/ConsolidatedStatementsofIncome"", ""statement_type"": ""IncomeStatement""}",{},False,,edgar_xbrl
f-117,2ea30c856391a0ec2dd71e1963806fcebf697e461a1b3ec6bb07d14de2b2ac0b,NVDA,edgar,income_statement,us-gaap:EarningsPerShareDiluted,,earningspersharediluted,Diluted (in USD per share),4.90,4.9,usdPerShare,USD,1.0,duration_2025-01-27_2026-01-25,reported,duration,2025-01-27,2026-01-25,,2026,FY,2026-02-25,10-K,0001045810-26-000021,edgar:0001045810-26-000021:f-117,c-1,http://www.nvidia.com/role/ConsolidatedStatementsofIncome,"{""cik"": ""0001045810"", ""context_ref"": ""c-1"", ""period_key"": ""duration_2025-01-27_2026-01-25"", ""preferred_sign"": 1.0, ""statement_role"": ""http://www.nvidia.com/role/ConsolidatedStatementsofIncome"", ""statement_type"": ""IncomeStatement""}",{},False,,edgar_xbrl
f-118,9bb247a81deeeaf24aed319ba18910e823c24fb23284fd6535f482176f549744,NVDA,edgar,income_statement,us-gaap:EarningsPerShareDiluted,,earningspersharediluted,Diluted (in USD per share),2.94,2.94,usdPerShare,USD,1.0,duration_2024-01-29_2025-01-26,reported,duration,2024-01-29,2025-01-26,,2026,FY,2026-02-25,10-K,0001045810-26-000021,edgar:0001045810-26-000021:f-118,c-9,http://www.nvidia.com/role/ConsolidatedStatementsofIncome,"{""cik"": ""0001045810"", ""context_ref"": ""c-9"", ""period_key"": ""duration_2024-01-29_2025-01-26"", ""preferred_sign"": 1.0, ""statement_role"": ""http://www.nvidia.com/role/ConsolidatedStatementsofIncome"", ""statement_type"": ""IncomeStatement""}",{},False,,edgar_xbrl
f-119,b793b0f8c836161dd313fe4c932063361345ff958513892aab1aa3d8ee3c794a,NVDA,edgar,income_statement,us-gaap:EarningsPerShareDiluted,,earningspersharediluted,Diluted (in USD per share),1.19,1.19,usdPerShare,USD,1.0,duration_2023-01-30_2024-01-28,reported,duration,2023-01-30,2024-01-28,,2025,FY,2026-02-25,10-K,0001045810-26-000021,edgar:0001045810-26-000021:f-119,c-10,http://www.nvidia.com/role/ConsolidatedStatementsofIncome,"{""cik"": ""0001045810"", ""context_ref"": ""c-10"", ""period_key"": ""duration_2023-01-30_2024-01-28"", ""preferred_sign"": 1.0, ""statement_role"": ""http://www.nvidia.com/role/ConsolidatedStatementsofIncome"", ""statement_type"": ""IncomeStatement""}",{},False,,edgar_xbrl
f-797,8a252150c67fbc111d9ea85eb3a87e70a11b26dcbc47a4b86f546aa0d803f0a3,NVDA,edgar,income_statement,us-gaap:CostOfRevenue,,costofrevenue,Cost of revenue,3200000000,3200000000.0,usd,USD,1.0,duration_2025-01-27_2026-01-25,reported,duration,2025-01-27,2026-01-25,,2026,FY,2026-02-25,10-K,0001045810-26-000021,edgar:0001045810-26-000021:f-797,c-141,http://www.nvidia.com/role/ConsolidatedStatementsofIncome,"{""balance"": ""debit"", ""cik"": ""0001045810"", ""context_ref"": ""c-141"", ""period_key"": ""duration_2025-01-27_2026-01-25"", ""preferred_sign"": 1.0, ""statement_role"": ""http://www.nvidia.com/role/ConsolidatedStatementsofIncome"", ""statement_type"": ""IncomeStatement"", ""weight"": -1.0}","{""us-gaap_NatureOfExpenseAxis"": ""nvda:InventoryPurchaseObligationsInExcessOfProjectionsMember""}",False,,edgar_xbrl
f-798,f577bfc36dda1d646b5c194dbdf92b30a7f58fae4823cd44bf5c48daaa20ec30,NVDA,edgar,income_statement,us-gaap:CostOfRevenue,,costofrevenue,Cost of revenue,2000000000.0,2000000000.0,usd,USD,1.0,duration_2024-01-29_2025-01-26,reported,duration,2024-01-29,2025-01-26,,2026,FY,2026-02-25,10-K,0001045810-26-000021,edgar:0001045810-26-000021:f-798,c-142,http://www.nvidia.com/role/ConsolidatedStatementsofIncome,"{""balance"": ""debit"", ""cik"": ""0001045810"", ""context_ref"": ""c-142"", ""period_key"": ""duration_2024-01-29_2025-01-26"", ""preferred_sign"": 1.0, ""statement_role"": ""http://www.nvidia.com/role/ConsolidatedStatementsofIncome"", ""statement_type"": ""IncomeStatement"", ""weight"": -1.0}","{""us-gaap_NatureOfExpenseAxis"": ""nvda:InventoryPurchaseObligationsInExcessOfProjectionsMember""}",False,,edgar_xbrl
f-108,e6d62e976e0cbf417608e05f8c87269079ea51b7cd1d0090ca1841223ab727a3,NVDA,edgar,income_statement,us-gaap:IncomeTaxExpenseBenefit,IncomeTaxes,incometaxes,Income tax expense,21383000000,21383000000.0,usd,USD,1.0,duration_2025-01-27_2026-01-25,reported,duration,2025-01-27,2026-01-25,,2026,FY,2026-02-25,10-K,0001045810-26-000021,edgar:0001045810-26-000021:f-108,c-1,http://www.nvidia.com/role/ConsolidatedStatementsofIncome,"{""balance"": ""debit"", ""cik"": ""0001045810"", ""context_ref"": ""c-1"", ""period_key"": ""duration_2025-01-27_2026-01-25"", ""preferred_sign"": 1.0, ""statement_role"": ""http://www.nvidia.com/role/ConsolidatedStatementsofIncome"", ""statement_type"": ""IncomeStatement"", ""weight"": -1.0}",{},False,,edgar_xbrl
f-109,309f7214056e0933e80aff09dd74b6114c8904b792d9d7f522d40b1b02542e03,NVDA,edgar,income_statement,us-gaap:IncomeTaxExpenseBenefit,IncomeTaxes,incometaxes,Income tax expense,11146000000,11146000000.0,usd,USD,1.0,duration_2024-01-29_2025-01-26,reported,duration,2024-01-29,2025-01-26,,2026,FY,2026-02-25,10-K,0001045810-26-000021,edgar:0001045810-26-000021:f-109,c-9,http://www.nvidia.com/role/ConsolidatedStatementsofIncome,"{""balance"": ""debit"", ""cik"": ""0001045810"", ""context_ref"": ""c-9"", ""period_key"": ""duration_2024-01-29_2025-01-26"", ""preferred_sign"": 1.0, ""statement_role"": ""http://www.nvidia.com/role/ConsolidatedStatementsofIncome"", ""statement_type"": ""IncomeStatement"", ""weight"": -1.0}",{},False,,edgar_xbrl
f-110,6fa0f6f6b6d0fd8d57f10cced9e932d63404d36505b9c8ee25a0a6980eef830b,NVDA,edgar,income_statement,us-gaap:IncomeTaxExpenseBenefit,IncomeTaxes,incometaxes,Income tax expense,4058000000,4058000000.0,usd,USD,1.0,duration_2023-01-30_2024-01-28,reported,duration,2023-01-30,2024-01-28,,2025,FY,2026-02-25,10-K,0001045810-26-000021,edgar:0001045810-26-000021:f-110,c-10,http://www.nvidia.com/role/ConsolidatedStatementsofIncome,"{""balance"": ""debit"", ""cik"": ""0001045810"", ""context_ref"": ""c-10"", ""period_key"": ""duration_2023-01-30_2024-01-28"", ""preferred_sign"": 1.0, ""statement_role"": ""http://www.nvidia.com/role/ConsolidatedStatementsofIncome"", ""statement_type"": ""IncomeStatement"", ""weight"": -1.0}",{},False,,edgar_xbrl
f-105,811ede5bb34b2b48860d216d9a6e0cbcd167f09e6cacd2b11455428b80d2293f,NVDA,edgar,income_statement,us-gaap:IncomeLossFromContinuingOperationsBeforeIncomeTaxesExtraordinaryItemsNoncontrollingInterest,PretaxIncomeLoss,pretaxincomeloss,Income before income tax,141450000000,141450000000.0,usd,USD,1.0,duration_2025-01-27_2026-01-25,reported,duration,2025-01-27,2026-01-25,,2026,FY,2026-02-25,10-K,0001045810-26-000021,edgar:0001045810-26-000021:f-105,c-1,http://www.nvidia.com/role/ConsolidatedStatementsofIncome,"{""balance"": ""credit"", ""cik"": ""0001045810"", ""context_ref"": ""c-1"", ""period_key"": ""duration_2025-01-27_2026-01-25"", ""preferred_sign"": 1.0, ""statement_role"": ""http://www.nvidia.com/role/ConsolidatedStatementsofIncome"", ""statement_type"": ""IncomeStatement"", ""weight"": 1.0}",{},False,,edgar_xbrl
f-106,8eb6edd5edaed359babfd50f0d36d454fc680c9722ac05cfc8398521f03f65cf,NVDA,edgar,income_statement,us-gaap:IncomeLossFromContinuingOperationsBeforeIncomeTaxesExtraordinaryItemsNoncontrollingInterest,PretaxIncomeLoss,pretaxincomeloss,Income before income tax,84026000000,84026000000.0,usd,USD,1.0,duration_2024-01-29_2025-01-26,reported,duration,2024-01-29,2025-01-26,,2026,FY,2026-02-25,10-K,0001045810-26-000021,edgar:0001045810-26-000021:f-106,c-9,http://www.nvidia.com/role/ConsolidatedStatementsofIncome,"{""balance"": ""credit"", ""cik"": ""0001045810"", ""context_ref"": ""c-9"", ""period_key"": ""duration_2024-01-29_2025-01-26"", ""preferred_sign"": 1.0, ""statement_role"": ""http://www.nvidia.com/role/ConsolidatedStatementsofIncome"", ""statement_type"": ""IncomeStatement"", ""weight"": 1.0}",{},False,,edgar_xbrl
f-107,e048bb589cf2b26edc186727c7bb9591f73497cfd139dc394ca7f817fd2b03ee,NVDA,edgar,income_statement,us-gaap:IncomeLossFromContinuingOperationsBeforeIncomeTaxesExtraordinaryItemsNoncontrollingInterest,PretaxIncomeLoss,pretaxincomeloss,Income before income tax,33818000000,33818000000.0,usd,USD,1.0,duration_2023-01-30_2024-01-28,reported,duration,2023-01-30,2024-01-28,,2025,FY,2026-02-25,10-K,0001045810-26-000021,edgar:0001045810-26-000021:f-107,c-10,http://www.nvidia.com/role/ConsolidatedStatementsofIncome,"{""balance"": ""credit"", ""cik"": ""0001045810"", ""context_ref"": ""c-10"", ""period_key"": ""duration_2023-01-30_2024-01-28"", ""preferred_sign"": 1.0, ""statement_role"": ""http://www.nvidia.com/role/ConsolidatedStatementsofIncome"", ""statement_type"": ""IncomeStatement"", ""weight"": 1.0}",{},False,,edgar_xbrl
f-1119,d19367f13e849446fd65a761a49605e851e527c3bbac1c46c83abea95a213842,NVDA,edgar,income_statement,us-gaap:Revenues,,revenues,Revenue,193479000000,193479000000.0,usd,USD,1.0,duration_2025-01-27_2026-01-25,reported,duration,2025-01-27,2026-01-25,,2026,FY,2026-02-25,10-K,0001045810-26-000021,edgar:0001045810-26-000021:f-1119,c-193,http://www.nvidia.com/role/ConsolidatedStatementsofIncome,"{""balance"": ""credit"", ""cik"": ""0001045810"", ""context_ref"": ""c-193"", ""period_key"": ""duration_2025-01-27_2026-01-25"", ""preferred_sign"": 1.0, ""statement_role"": ""http://www.nvidia.com/role/ConsolidatedStatementsofIncome"", ""statement_type"": ""IncomeStatement"", ""weight"": 1.0}","{""srt_ConsolidationItemsAxis"": ""us-gaap:OperatingSegmentsMember"", ""us-gaap_StatementBusinessSegmentsAxis"": ""nvda:ComputeAndNetworkingSegmentMember""}",False,,edgar_xbrl
f-1120,cb5a30e1f09c007ad7931f98dc7989114fb1b5488c69af6652acfd4dd0b8a442,NVDA,edgar,income_statement,us-gaap:Revenues,,revenues,Revenue,22459000000,22459000000.0,usd,USD,1.0,duration_2025-01-27_2026-01-25,reported,duration,2025-01-27,2026-01-25,,2026,FY,2026-02-25,10-K,0001045810-26-000021,edgar:0001045810-26-000021:f-1120,c-194,http://www.nvidia.com/role/ConsolidatedStatementsofIncome,"{""balance"": ""credit"", ""cik"": ""0001045810"", ""context_ref"": ""c-194"", ""period_key"": ""duration_2025-01-27_2026-01-25"", ""preferred_sign"": 1.0, ""statement_role"": ""http://www.nvidia.com/role/ConsolidatedStatementsofIncome"", ""statement_type"": ""IncomeStatement"", ""weight"": 1.0}","{""srt_ConsolidationItemsAxis"": ""us-gaap:OperatingSegmentsMember"", ""us-gaap_StatementBusinessSegmentsAxis"": ""nvda:GraphicsSegmentMember""}",False,,edgar_xbrl
f-1121,d685d249ab3d1b1a0a0877e87f09aa759378a5cd4f7a4adcfa63440b7086b05e,NVDA,edgar,income_statement,us-gaap:Revenues,,revenues,Revenue,215938000000,215938000000.0,usd,USD,1.0,duration_2025-01-27_2026-01-25,reported,duration,2025-01-27,2026-01-25,,2026,FY,2026-02-25,10-K,0001045810-26-000021,edgar:0001045810-26-000021:f-1121,c-195,http://www.nvidia.com/role/ConsolidatedStatementsofIncome,"{""balance"": ""credit"", ""cik"": ""0001045810"", ""context_ref"": ""c-195"", ""period_key"": ""duration_2025-01-27_2026-01-25"", ""preferred_sign"": 1.0, ""statement_role"": ""http://www.nvidia.com/role/ConsolidatedStatementsofIncome"", ""statement_type"": ""IncomeStatement"", ""weight"": 1.0}","{""srt_ConsolidationItemsAxis"": ""us-gaap:OperatingSegmentsMember""}",False,,edgar_xbrl
f-1125,c88571009efaa5b8f1545f6dcdc6acaef0dff3cf80b8ca16e5936ecc95f6e1aa,NVDA,edgar,income_statement,us-gaap:OperatingIncomeLoss,OperatingIncomeLoss,operatingincomeloss,Operating income,130141000000,130141000000.0,usd,USD,1.0,duration_2025-01-27_2026-01-25,reported,duration,2025-01-27,2026-01-25,,2026,FY,2026-02-25,10-K,0001045810-26-000021,edgar:0001045810-26-000021:f-1125,c-193,http://www.nvidia.com/role/ConsolidatedStatementsofIncome,"{""balance"": ""credit"", ""cik"": ""0001045810"", ""context_ref"": ""c-193"", ""period_key"": ""duration_2025-01-27_2026-01-25"", ""preferred_sign"": 1.0, ""statement_role"": ""http://www.nvidia.com/role/ConsolidatedStatementsofIncome"", ""statement_type"": ""IncomeStatement"", ""weight"": 1.0}","{""srt_ConsolidationItemsAxis"": ""us-gaap:OperatingSegmentsMember"", ""us-gaap_StatementBusinessSegmentsAxis"": ""nvda:ComputeAndNetworkingSegmentMember""}",False,,edgar_xbrl
f-1126,9bf719698ed00512be105c098d3a3d8e50ae03eba23fce4dff7624a730298641,NVDA,edgar,income_statement,us-gaap:OperatingIncomeLoss,OperatingIncomeLoss,operatingincomeloss,Operating income,9156000000,9156000000.0,usd,USD,1.0,duration_2025-01-27_2026-01-25,reported,duration,2025-01-27,2026-01-25,,2026,FY,2026-02-25,10-K,0001045810-26-000021,edgar:0001045810-26-000021:f-1126,c-194,http://www.nvidia.com/role/ConsolidatedStatementsofIncome,"{""balance"": ""credit"", ""cik"": ""0001045810"", ""context_ref"": ""c-194"", ""period_key"": ""duration_2025-01-27_2026-01-25"", ""preferred_sign"": 1.0, ""statement_role"": ""http://www.nvidia.com/role/ConsolidatedStatementsofIncome"", ""statement_type"": ""IncomeStatement"", ""weight"": 1.0}","{""srt_ConsolidationItemsAxis"": ""us-gaap:OperatingSegmentsMember"", ""us-gaap_StatementBusinessSegmentsAxis"": ""nvda:GraphicsSegmentMember""}",False,,edgar_xbrl
f-1127,115dd93fd05e5198cbc26fc23e238871a6382c489c89eaa7348c5f97a4185e6d,NVDA,edgar,income_statement,us-gaap:OperatingIncomeLoss,OperatingIncomeLoss,operatingincomeloss,Operating income,139297000000,139297000000.0,usd,USD,1.0,duration_2025-01-27_2026-01-25,reported,duration,2025-01-27,2026-01-25,,2026,FY,2026-02-25,10-K,0001045810-26-000021,edgar:0001045810-26-000021:f-1127,c-195,http://www.nvidia.com/role/ConsolidatedStatementsofIncome,"{""balance"": ""credit"", ""cik"": ""0001045810"", ""context_ref"": ""c-195"", ""period_key"": ""duration_2025-01-27_2026-01-25"", ""preferred_sign"": 1.0, ""statement_role"": ""http://www.nvidia.com/role/ConsolidatedStatementsofIncome"", ""statement_type"": ""IncomeStatement"", ""weight"": 1.0}","{""srt_ConsolidationItemsAxis"": ""us-gaap:OperatingSegmentsMember""}",False,,edgar_xbrl
f-1128,532831b6853b93400b28e81621ad61882136125d3b8b292d097971c5431e3e52,NVDA,edgar,income_statement,us-gaap:Revenues,,revenues,Revenue,116193000000,116193000000.0,usd,USD,1.0,duration_2024-01-29_2025-01-26,reported,duration,2024-01-29,2025-01-26,,2026,FY,2026-02-25,10-K,0001045810-26-000021,edgar:0001045810-26-000021:f-1128,c-196,http://www.nvidia.com/role/ConsolidatedStatementsofIncome,"{""balance"": ""credit"", ""cik"": ""0001045810"", ""context_ref"": ""c-196"", ""period_key"": ""duration_2024-01-29_2025-01-26"", ""preferred_sign"": 1.0, ""statement_role"": ""http://www.nvidia.com/role/ConsolidatedStatementsofIncome"", ""statement_type"": ""IncomeStatement"", ""weight"": 1.0}","{""srt_ConsolidationItemsAxis"": ""us-gaap:OperatingSegmentsMember"", ""us-gaap_StatementBusinessSegmentsAxis"": ""nvda:ComputeAndNetworkingSegmentMember""}",False,,edgar_xbrl
f-1129,93ae2706559ef0aedafa73f6955fff9c7210764429a8561eb281e7d517c79bd4,NVDA,edgar,income_statement,us-gaap:Revenues,,revenues,Revenue,14304000000,14304000000.0,usd,USD,1.0,duration_2024-01-29_2025-01-26,reported,duration,2024-01-29,2025-01-26,,2026,FY,2026-02-25,10-K,0001045810-26-000021,edgar:0001045810-26-000021:f-1129,c-197,http://www.nvidia.com/role/ConsolidatedStatementsofIncome,"{""balance"": ""credit"", ""cik"": ""0001045810"", ""context_ref"": ""c-197"", ""period_key"": ""duration_2024-01-29_2025-01-26"", ""preferred_sign"": 1.0, ""statement_role"": ""http://www.nvidia.com/role/ConsolidatedStatementsofIncome"", ""statement_type"": ""IncomeStatement"", ""weight"": 1.0}","{""srt_ConsolidationItemsAxis"": ""us-gaap:OperatingSegmentsMember"", ""us-gaap_StatementBusinessSegmentsAxis"": ""nvda:GraphicsSegmentMember""}",False,,edgar_xbrl
f-1130,e7a2cc762f93b6fe18aa645d214aabc065397d9aec0dfa689162e2a3c3482371,NVDA,edgar,income_statement,us-gaap:Revenues,,revenues,Revenue,130497000000,130497000000.0,usd,USD,1.0,duration_2024-01-29_2025-01-26,reported,duration,2024-01-29,2025-01-26,,2026,FY,2026-02-25,10-K,0001045810-26-000021,edgar:0001045810-26-000021:f-1130,c-198,http://www.nvidia.com/role/ConsolidatedStatementsofIncome,"{""balance"": ""credit"", ""cik"": ""0001045810"", ""context_ref"": ""c-198"", ""period_key"": ""duration_2024-01-29_2025-01-26"", ""preferred_sign"": 1.0, ""statement_role"": ""http://www.nvidia.com/role/ConsolidatedStatementsofIncome"", ""statement_type"": ""IncomeStatement"", ""weight"": 1.0}","{""srt_ConsolidationItemsAxis"": ""us-gaap:OperatingSegmentsMember""}",False,,edgar_xbrl
f-1134,b38e20c6e4998c5ec2771ecd5945cc7007a176b8921ca9c28500831ac5669c8c,NVDA,edgar,income_statement,us-gaap:OperatingIncomeLoss,OperatingIncomeLoss,operatingincomeloss,Operating income,82875000000,82875000000.0,usd,USD,1.0,duration_2024-01-29_2025-01-26,reported,duration,2024-01-29,2025-01-26,,2026,FY,2026-02-25,10-K,0001045810-26-000021,edgar:0001045810-26-000021:f-1134,c-196,http://www.nvidia.com/role/ConsolidatedStatementsofIncome,"{""balance"": ""credit"", ""cik"": ""0001045810"", ""context_ref"": ""c-196"", ""period_key"": ""duration_2024-01-29_2025-01-26"", ""preferred_sign"": 1.0, ""statement_role"": ""http://www.nvidia.com/role/ConsolidatedStatementsofIncome"", ""statement_type"": ""IncomeStatement"", ""weight"": 1.0}","{""srt_ConsolidationItemsAxis"": ""us-gaap:OperatingSegmentsMember"", ""us-gaap_StatementBusinessSegmentsAxis"": ""nvda:ComputeAndNetworkingSegmentMember""}",False,,edgar_xbrl
f-1135,4ef4606372eee9c5ed5f7186b8e104b9d088d917c9965b1d055e869e9d93694e,NVDA,edgar,income_statement,us-gaap:OperatingIncomeLoss,OperatingIncomeLoss,operatingincomeloss,Operating income,5085000000,5085000000.0,usd,USD,1.0,duration_2024-01-29_2025-01-26,reported,duration,2024-01-29,2025-01-26,,2026,FY,2026-02-25,10-K,0001045810-26-000021,edgar:0001045810-26-000021:f-1135,c-197,http://www.nvidia.com/role/ConsolidatedStatementsofIncome,"{""balance"": ""credit"", ""cik"": ""0001045810"", ""context_ref"": ""c-197"", ""period_key"": ""duration_2024-01-29_2025-01-26"", ""preferred_sign"": 1.0, ""statement_role"": ""http://www.nvidia.com/role/ConsolidatedStatementsofIncome"", ""statement_type"": ""IncomeStatement"", ""weight"": 1.0}","{""srt_ConsolidationItemsAxis"": ""us-gaap:OperatingSegmentsMember"", ""us-gaap_StatementBusinessSegmentsAxis"": ""nvda:GraphicsSegmentMember""}",False,,edgar_xbrl
f-1136,9074084c75ef4f2e6e1e3192e47c50719bea72d9db5a68b9fa76d1c0498267e2,NVDA,edgar,income_statement,us-gaap:OperatingIncomeLoss,OperatingIncomeLoss,operatingincomeloss,Operating income,87960000000,87960000000.0,usd,USD,1.0,duration_2024-01-29_2025-01-26,reported,duration,2024-01-29,2025-01-26,,2026,FY,2026-02-25,10-K,0001045810-26-000021,edgar:0001045810-26-000021:f-1136,c-198,http://www.nvidia.com/role/ConsolidatedStatementsofIncome,"{""balance"": ""credit"", ""cik"": ""0001045810"", ""context_ref"": ""c-198"", ""period_key"": ""duration_2024-01-29_2025-01-26"", ""preferred_sign"": 1.0, ""statement_role"": ""http://www.nvidia.com/role/ConsolidatedStatementsofIncome"", ""statement_type"": ""IncomeStatement"", ""weight"": 1.0}","{""srt_ConsolidationItemsAxis"": ""us-gaap:OperatingSegmentsMember""}",False,,edgar_xbrl
f-1137,28817b8442e412a0acf66ffe1c0a55568760bb32ff3690523e902fdc1e2631c4,NVDA,edgar,income_statement,us-gaap:Revenues,,revenues,Revenue,47405000000,47405000000.0,usd,USD,1.0,duration_2023-01-30_2024-01-28,reported,duration,2023-01-30,2024-01-28,,2025,FY,2026-02-25,10-K,0001045810-26-000021,edgar:0001045810-26-000021:f-1137,c-199,http://www.nvidia.com/role/ConsolidatedStatementsofIncome,"{""balance"": ""credit"", ""cik"": ""0001045810"", ""context_ref"": ""c-199"", ""period_key"": ""duration_2023-01-30_2024-01-28"", ""preferred_sign"": 1.0, ""statement_role"": ""http://www.nvidia.com/role/ConsolidatedStatementsofIncome"", ""statement_type"": ""IncomeStatement"", ""weight"": 1.0}","{""srt_ConsolidationItemsAxis"": ""us-gaap:OperatingSegmentsMember"", ""us-gaap_StatementBusinessSegmentsAxis"": ""nvda:ComputeAndNetworkingSegmentMember""}",False,,edgar_xbrl
f-1138,ff4a068ef81e9f1b0bdcada14c10c24250343715acb94df3753a344c860b9217,NVDA,edgar,income_statement,us-gaap:Revenues,,revenues,Revenue,13517000000,13517000000.0,usd,USD,1.0,duration_2023-01-30_2024-01-28,reported,duration,2023-01-30,2024-01-28,,2025,FY,2026-02-25,10-K,0001045810-26-000021,edgar:0001045810-26-000021:f-1138,c-200,http://www.nvidia.com/role/ConsolidatedStatementsofIncome,"{""balance"": ""credit"", ""cik"": ""0001045810"", ""context_ref"": ""c-200"", ""period_key"": ""duration_2023-01-30_2024-01-28"", ""preferred_sign"": 1.0, ""statement_role"": ""http://www.nvidia.com/role/ConsolidatedStatementsofIncome"", ""statement_type"": ""IncomeStatement"", ""weight"": 1.0}","{""srt_ConsolidationItemsAxis"": ""us-gaap:OperatingSegmentsMember"", ""us-gaap_StatementBusinessSegmentsAxis"": ""nvda:GraphicsSegmentMember""}",False,,edgar_xbrl
f-1139,3eeafa6bf4fca550e07c86cd6fb6bd4e5031c1d4f9020e6d803b92e071ec841c,NVDA,edgar,income_statement,us-gaap:Revenues,,revenues,Revenue,60922000000,60922000000.0,usd,USD,1.0,duration_2023-01-30_2024-01-28,reported,duration,2023-01-30,2024-01-28,,2025,FY,2026-02-25,10-K,0001045810-26-000021,edgar:0001045810-26-000021:f-1139,c-201,http://www.nvidia.com/role/ConsolidatedStatementsofIncome,"{""balance"": ""credit"", ""cik"": ""0001045810"", ""context_ref"": ""c-201"", ""period_key"": ""duration_2023-01-30_2024-01-28"", ""preferred_sign"": 1.0, ""statement_role"": ""http://www.nvidia.com/role/ConsolidatedStatementsofIncome"", ""statement_type"": ""IncomeStatement"", ""weight"": 1.0}","{""srt_ConsolidationItemsAxis"": ""us-gaap:OperatingSegmentsMember""}",False,,edgar_xbrl
f-1143,b7e9ca59a4902d65489207fdf7d08604c7d9bf61f6eed83bf73ab210d0d3be98,NVDA,edgar,income_statement,us-gaap:OperatingIncomeLoss,OperatingIncomeLoss,operatingincomeloss,Operating income,32016000000,32016000000.0,usd,USD,1.0,duration_2023-01-30_2024-01-28,reported,duration,2023-01-30,2024-01-28,,2025,FY,2026-02-25,10-K,0001045810-26-000021,edgar:0001045810-26-000021:f-1143,c-199,http://www.nvidia.com/role/ConsolidatedStatementsofIncome,"{""balance"": ""credit"", ""cik"": ""0001045810"", ""context_ref"": ""c-199"", ""period_key"": ""duration_2023-01-30_2024-01-28"", ""preferred_sign"": 1.0, ""statement_role"": ""http://www.nvidia.com/role/ConsolidatedStatementsofIncome"", ""statement_type"": ""IncomeStatement"", ""weight"": 1.0}","{""srt_ConsolidationItemsAxis"": ""us-gaap:OperatingSegmentsMember"", ""us-gaap_StatementBusinessSegmentsAxis"": ""nvda:ComputeAndNetworkingSegmentMember""}",False,,edgar_xbrl
f-1144,ecff60e2a30059805c7d25c7e74311622a962cc36892ea9b12e69f300885a840,NVDA,edgar,income_statement,us-gaap:OperatingIncomeLoss,OperatingIncomeLoss,operatingincomeloss,Operating income,5846000000,5846000000.0,usd,USD,1.0,duration_2023-01-30_2024-01-28,reported,duration,2023-01-30,2024-01-28,,2025,FY,2026-02-25,10-K,0001045810-26-000021,edgar:0001045810-26-000021:f-1144,c-200,http://www.nvidia.com/role/ConsolidatedStatementsofIncome,"{""balance"": ""credit"", ""cik"": ""0001045810"", ""context_ref"": ""c-200"", ""period_key"": ""duration_2023-01-30_2024-01-28"", ""preferred_sign"": 1.0, ""statement_role"": ""http://www.nvidia.com/role/ConsolidatedStatementsofIncome"", ""statement_type"": ""IncomeStatement"", ""weight"": 1.0}","{""srt_ConsolidationItemsAxis"": ""us-gaap:OperatingSegmentsMember"", ""us-gaap_StatementBusinessSegmentsAxis"": ""nvda:GraphicsSegmentMember""}",False,,edgar_xbrl
f-1145,433421969f932a5cd6980b156c3f5169e7670fd1587f3c6bd9c60a4107555fec,NVDA,edgar,income_statement,us-gaap:OperatingIncomeLoss,OperatingIncomeLoss,operatingincomeloss,Operating income,37862000000,37862000000.0,usd,USD,1.0,duration_2023-01-30_2024-01-28,reported,duration,2023-01-30,2024-01-28,,2025,FY,2026-02-25,10-K,0001045810-26-000021,edgar:0001045810-26-000021:f-1145,c-201,http://www.nvidia.com/role/ConsolidatedStatementsofIncome,"{""balance"": ""credit"", ""cik"": ""0001045810"", ""context_ref"": ""c-201"", ""period_key"": ""duration_2023-01-30_2024-01-28"", ""preferred_sign"": 1.0, ""statement_role"": ""http://www.nvidia.com/role/ConsolidatedStatementsofIncome"", ""statement_type"": ""IncomeStatement"", ""weight"": 1.0}","{""srt_ConsolidationItemsAxis"": ""us-gaap:OperatingSegmentsMember""}",False,,edgar_xbrl
f-1152,a3b7df4b1a5988c64eaf02f6ac2d4a9aa20edd6395222bae3e62ef77dc248bd2,NVDA,edgar,income_statement,us-gaap:OperatingIncomeLoss,OperatingIncomeLoss,operatingincomeloss,Operating income,139297000000,139297000000.0,usd,USD,1.0,duration_2025-01-27_2026-01-25,reported,duration,2025-01-27,2026-01-25,,2026,FY,2026-02-25,10-K,0001045810-26-000021,edgar:0001045810-26-000021:f-1152,c-208,http://www.nvidia.com/role/ConsolidatedStatementsofIncome,"{""balance"": ""credit"", ""cik"": ""0001045810"", ""context_ref"": ""c-208"", ""period_key"": ""duration_2025-01-27_2026-01-25"", ""preferred_sign"": 1.0, ""statement_role"": ""http://www.nvidia.com/role/ConsolidatedStatementsofIncome"", ""statement_type"": ""IncomeStatement"", ""weight"": 1.0}","{""srt_ConsolidationItemsAxis"": ""us-gaap:CorporateNonSegmentMember""}",False,,edgar_xbrl
f-1153,aef5b6e0f48b6c151f8988284dc8f4e07fc249e33da96f917b24a8909c6d90ea,NVDA,edgar,income_statement,us-gaap:OperatingIncomeLoss,OperatingIncomeLoss,operatingincomeloss,Operating income,87960000000,87960000000.0,usd,USD,1.0,duration_2024-01-29_2025-01-26,reported,duration,2024-01-29,2025-01-26,,2026,FY,2026-02-25,10-K,0001045810-26-000021,edgar:0001045810-26-000021:f-1153,c-209,http://www.nvidia.com/role/ConsolidatedStatementsofIncome,"{""balance"": ""credit"", ""cik"": ""0001045810"", ""context_ref"": ""c-209"", ""period_key"": ""duration_2024-01-29_2025-01-26"", ""preferred_sign"": 1.0, ""statement_role"": ""http://www.nvidia.com/role/ConsolidatedStatementsofIncome"", ""statement_type"": ""IncomeStatement"", ""weight"": 1.0}","{""srt_ConsolidationItemsAxis"": ""us-gaap:CorporateNonSegmentMember""}",False,,edgar_xbrl
f-1154,5657b438aea578825a0f5d89f695f43f8efe41b82bdc467fb9f95352e7e64243,NVDA,edgar,income_statement,us-gaap:OperatingIncomeLoss,OperatingIncomeLoss,operatingincomeloss,Operating income,37862000000,37862000000.0,usd,USD,1.0,duration_2023-01-30_2024-01-28,reported,duration,2023-01-30,2024-01-28,,2025,FY,2026-02-25,10-K,0001045810-26-000021,edgar:0001045810-26-000021:f-1154,c-210,http://www.nvidia.com/role/ConsolidatedStatementsofIncome,"{""balance"": ""credit"", ""cik"": ""0001045810"", ""context_ref"": ""c-210"", ""period_key"": ""duration_2023-01-30_2024-01-28"", ""preferred_sign"": 1.0, ""statement_role"": ""http://www.nvidia.com/role/ConsolidatedStatementsofIncome"", ""statement_type"": ""IncomeStatement"", ""weight"": 1.0}","{""srt_ConsolidationItemsAxis"": ""us-gaap:CorporateNonSegmentMember""}",False,,edgar_xbrl
f-1164,8832d6024c42b07fd93832b2c86e783edc274d6ec2af7f8d5e8a76b6c1231fe8,NVDA,edgar,income_statement,us-gaap:InvestmentIncomeInterest,InterestAndDividendIncome,interestanddividendincome,Interest income,2300000000,2300000000.0,usd,USD,1.0,duration_2025-01-27_2026-01-25,reported,duration,2025-01-27,2026-01-25,,2026,FY,2026-02-25,10-K,0001045810-26-000021,edgar:0001045810-26-000021:f-1164,c-208,http://www.nvidia.com/role/ConsolidatedStatementsofIncome,"{""balance"": ""credit"", ""cik"": ""0001045810"", ""context_ref"": ""c-208"", ""period_key"": ""duration_2025-01-27_2026-01-25"", ""preferred_sign"": 1.0, ""statement_role"": ""http://www.nvidia.com/role/ConsolidatedStatementsofIncome"", ""statement_type"": ""IncomeStatement"", ""weight"": 1.0}","{""srt_ConsolidationItemsAxis"": ""us-gaap:CorporateNonSegmentMember""}",False,,edgar_xbrl
f-1165,d61997f64df83507ad8f2d71ab6954afabd627d9bcb45275116dae7e2a5581b8,NVDA,edgar,income_statement,us-gaap:InvestmentIncomeInterest,InterestAndDividendIncome,interestanddividendincome,Interest income,1786000000,1786000000.0,usd,USD,1.0,duration_2024-01-29_2025-01-26,reported,duration,2024-01-29,2025-01-26,,2026,FY,2026-02-25,10-K,0001045810-26-000021,edgar:0001045810-26-000021:f-1165,c-209,http://www.nvidia.com/role/ConsolidatedStatementsofIncome,"{""balance"": ""credit"", ""cik"": ""0001045810"", ""context_ref"": ""c-209"", ""period_key"": ""duration_2024-01-29_2025-01-26"", ""preferred_sign"": 1.0, ""statement_role"": ""http://www.nvidia.com/role/ConsolidatedStatementsofIncome"", ""statement_type"": ""IncomeStatement"", ""weight"": 1.0}","{""srt_ConsolidationItemsAxis"": ""us-gaap:CorporateNonSegmentMember""}",False,,edgar_xbrl
f-1166,ff9999f4ce89a6193bc2d38c3ac9eb41d5eeb42300d11ad325b3a3780f537451,NVDA,edgar,income_statement,us-gaap:InvestmentIncomeInterest,InterestAndDividendIncome,interestanddividendincome,Interest income,866000000,866000000.0,usd,USD,1.0,duration_2023-01-30_2024-01-28,reported,duration,2023-01-30,2024-01-28,,2025,FY,2026-02-25,10-K,0001045810-26-000021,edgar:0001045810-26-000021:f-1166,c-210,http://www.nvidia.com/role/ConsolidatedStatementsofIncome,"{""balance"": ""credit"", ""cik"": ""0001045810"", ""context_ref"": ""c-210"", ""period_key"": ""duration_2023-01-30_2024-01-28"", ""preferred_sign"": 1.0, ""statement_role"": ""http://www.nvidia.com/role/ConsolidatedStatementsofIncome"", ""statement_type"": ""IncomeStatement"", ""weight"": 1.0}","{""srt_ConsolidationItemsAxis"": ""us-gaap:CorporateNonSegmentMember""}",False,,edgar_xbrl
f-1167,2a7ba13db9c62acc9c3074dd038afc7e3fae94147ae42981637155551e19904a,NVDA,edgar,income_statement,us-gaap:InterestExpenseNonoperating,InterestExpense,interestexpense,Interest expense,259000000,259000000.0,usd,USD,1.0,duration_2025-01-27_2026-01-25,reported,duration,2025-01-27,2026-01-25,,2026,FY,2026-02-25,10-K,0001045810-26-000021,edgar:0001045810-26-000021:f-1167,c-208,http://www.nvidia.com/role/ConsolidatedStatementsofIncome,"{""cik"": ""0001045810"", ""context_ref"": ""c-208"", ""period_key"": ""duration_2025-01-27_2026-01-25"", ""preferred_sign"": 1.0, ""statement_role"": ""http://www.nvidia.com/role/ConsolidatedStatementsofIncome"", ""statement_type"": ""IncomeStatement"", ""weight"": -1.0}","{""srt_ConsolidationItemsAxis"": ""us-gaap:CorporateNonSegmentMember""}",False,,edgar_xbrl
f-1168,e16ea473b75c1bb5f51155989fe0ee3d93235a9f7cb8c5b3223666a22c0db91f,NVDA,edgar,income_statement,us-gaap:InterestExpenseNonoperating,InterestExpense,interestexpense,Interest expense,247000000,247000000.0,usd,USD,1.0,duration_2024-01-29_2025-01-26,reported,duration,2024-01-29,2025-01-26,,2026,FY,2026-02-25,10-K,0001045810-26-000021,edgar:0001045810-26-000021:f-1168,c-209,http://www.nvidia.com/role/ConsolidatedStatementsofIncome,"{""cik"": ""0001045810"", ""context_ref"": ""c-209"", ""period_key"": ""duration_2024-01-29_2025-01-26"", ""preferred_sign"": 1.0, ""statement_role"": ""http://www.nvidia.com/role/ConsolidatedStatementsofIncome"", ""statement_type"": ""IncomeStatement"", ""weight"": -1.0}","{""srt_ConsolidationItemsAxis"": ""us-gaap:CorporateNonSegmentMember""}",False,,edgar_xbrl
f-1169,ba5b5378f6fc36c9b9c7a6c3657dad07097d3354055ed3c49781ddbe35d4dac5,NVDA,edgar,income_statement,us-gaap:InterestExpenseNonoperating,InterestExpense,interestexpense,Interest expense,257000000,257000000.0,usd,USD,1.0,duration_2023-01-30_2024-01-28,reported,duration,2023-01-30,2024-01-28,,2025,FY,2026-02-25,10-K,0001045810-26-000021,edgar:0001045810-26-000021:f-1169,c-210,http://www.nvidia.com/role/ConsolidatedStatementsofIncome,"{""cik"": ""0001045810"", ""context_ref"": ""c-210"", ""period_key"": ""duration_2023-01-30_2024-01-28"", ""preferred_sign"": 1.0, ""statement_role"": ""http://www.nvidia.com/role/ConsolidatedStatementsofIncome"", ""statement_type"": ""IncomeStatement"", ""weight"": -1.0}","{""srt_ConsolidationItemsAxis"": ""us-gaap:CorporateNonSegmentMember""}",False,,edgar_xbrl
f-1170,bad07f462f1f90e26ae1ef1301acadcf16df51ef4397600e38cbe441e5072832,NVDA,edgar,income_statement,us-gaap:OtherNonoperatingIncomeExpense,NonoperatingIncomeExpense,nonoperatingincomeexpense,"Other income, net",9022000000,9022000000.0,usd,USD,1.0,duration_2025-01-27_2026-01-25,reported,duration,2025-01-27,2026-01-25,,2026,FY,2026-02-25,10-K,0001045810-26-000021,edgar:0001045810-26-000021:f-1170,c-208,http://www.nvidia.com/role/ConsolidatedStatementsofIncome,"{""balance"": ""credit"", ""cik"": ""0001045810"", ""context_ref"": ""c-208"", ""period_key"": ""duration_2025-01-27_2026-01-25"", ""preferred_sign"": 1.0, ""statement_role"": ""http://www.nvidia.com/role/ConsolidatedStatementsofIncome"", ""statement_type"": ""IncomeStatement"", ""weight"": 1.0}","{""srt_ConsolidationItemsAxis"": ""us-gaap:CorporateNonSegmentMember""}",False,,edgar_xbrl
f-1171,fdee0a72824639b053ddb0801ba535f7c761e9089a0882a6b0976d8da7e0e390,NVDA,edgar,income_statement,us-gaap:OtherNonoperatingIncomeExpense,NonoperatingIncomeExpense,nonoperatingincomeexpense,"Other income, net",1034000000,1034000000.0,usd,USD,1.0,duration_2024-01-29_2025-01-26,reported,duration,2024-01-29,2025-01-26,,2026,FY,2026-02-25,10-K,0001045810-26-000021,edgar:0001045810-26-000021:f-1171,c-209,http://www.nvidia.com/role/ConsolidatedStatementsofIncome,"{""balance"": ""credit"", ""cik"": ""0001045810"", ""context_ref"": ""c-209"", ""period_key"": ""duration_2024-01-29_2025-01-26"", ""preferred_sign"": 1.0, ""statement_role"": ""http://www.nvidia.com/role/ConsolidatedStatementsofIncome"", ""statement_type"": ""IncomeStatement"", ""weight"": 1.0}","{""srt_ConsolidationItemsAxis"": ""us-gaap:CorporateNonSegmentMember""}",False,,edgar_xbrl
f-1172,c32710af3a040e69c0c5617f3288aa7876b8183372fa3b2e11ad96a319a72feb,NVDA,edgar,income_statement,us-gaap:OtherNonoperatingIncomeExpense,NonoperatingIncomeExpense,nonoperatingincomeexpense,"Other income, net",237000000,237000000.0,usd,USD,1.0,duration_2023-01-30_2024-01-28,reported,duration,2023-01-30,2024-01-28,,2025,FY,2026-02-25,10-K,0001045810-26-000021,edgar:0001045810-26-000021:f-1172,c-210,http://www.nvidia.com/role/ConsolidatedStatementsofIncome,"{""balance"": ""credit"", ""cik"": ""0001045810"", ""context_ref"": ""c-210"", ""period_key"": ""duration_2023-01-30_2024-01-28"", ""preferred_sign"": 1.0, ""statement_role"": ""http://www.nvidia.com/role/ConsolidatedStatementsofIncome"", ""statement_type"": ""IncomeStatement"", ""weight"": 1.0}","{""srt_ConsolidationItemsAxis"": ""us-gaap:CorporateNonSegmentMember""}",False,,edgar_xbrl
f-1173,67828033007e623bb3c80959cfc81f40e1f99f5c541cd878d5c4cf6b4925683a,NVDA,edgar,income_statement,us-gaap:IncomeLossFromContinuingOperationsBeforeIncomeTaxesExtraordinaryItemsNoncontrollingInterest,PretaxIncomeLoss,pretaxincomeloss,Income before income tax,141450000000,141450000000.0,usd,USD,1.0,duration_2025-01-27_2026-01-25,reported,duration,2025-01-27,2026-01-25,,2026,FY,2026-02-25,10-K,0001045810-26-000021,edgar:0001045810-26-000021:f-1173,c-208,http://www.nvidia.com/role/ConsolidatedStatementsofIncome,"{""balance"": ""credit"", ""cik"": ""0001045810"", ""context_ref"": ""c-208"", ""period_key"": ""duration_2025-01-27_2026-01-25"", ""preferred_sign"": 1.0, ""statement_role"": ""http://www.nvidia.com/role/ConsolidatedStatementsofIncome"", ""statement_type"": ""IncomeStatement"", ""weight"": 1.0}","{""srt_ConsolidationItemsAxis"": ""us-gaap:CorporateNonSegmentMember""}",False,,edgar_xbrl
f-1174,fb6dffb7bd06f12fcc1173cf91e692017e7d43faf86e4cdca72f71f0accf1050,NVDA,edgar,income_statement,us-gaap:IncomeLossFromContinuingOperationsBeforeIncomeTaxesExtraordinaryItemsNoncontrollingInterest,PretaxIncomeLoss,pretaxincomeloss,Income before income tax,84026000000,84026000000.0,usd,USD,1.0,duration_2024-01-29_2025-01-26,reported,duration,2024-01-29,2025-01-26,,2026,FY,2026-02-25,10-K,0001045810-26-000021,edgar:0001045810-26-000021:f-1174,c-209,http://www.nvidia.com/role/ConsolidatedStatementsofIncome,"{""balance"": ""credit"", ""cik"": ""0001045810"", ""context_ref"": ""c-209"", ""period_key"": ""duration_2024-01-29_2025-01-26"", ""preferred_sign"": 1.0, ""statement_role"": ""http://www.nvidia.com/role/ConsolidatedStatementsofIncome"", ""statement_type"": ""IncomeStatement"", ""weight"": 1.0}","{""srt_ConsolidationItemsAxis"": ""us-gaap:CorporateNonSegmentMember""}",False,,edgar_xbrl
f-1175,023495d2d29fa2de6b5a3e49d975ae03e8889ad8ca380100a1ee8444b70aad5b,NVDA,edgar,income_statement,us-gaap:IncomeLossFromContinuingOperationsBeforeIncomeTaxesExtraordinaryItemsNoncontrollingInterest,PretaxIncomeLoss,pretaxincomeloss,Income before income tax,33818000000,33818000000.0,usd,USD,1.0,duration_2023-01-30_2024-01-28,reported,duration,2023-01-30,2024-01-28,,2025,FY,2026-02-25,10-K,0001045810-26-000021,edgar:0001045810-26-000021:f-1175,c-210,http://www.nvidia.com/role/ConsolidatedStatementsofIncome,"{""balance"": ""credit"", ""cik"": ""0001045810"", ""context_ref"": ""c-210"", ""period_key"": ""duration_2023-01-30_2024-01-28"", ""preferred_sign"": 1.0, ""statement_role"": ""http://www.nvidia.com/role/ConsolidatedStatementsofIncome"", ""statement_type"": ""IncomeStatement"", ""weight"": 1.0}","{""srt_ConsolidationItemsAxis"": ""us-gaap:CorporateNonSegmentMember""}",False,,edgar_xbrl
f-1177,6d9269427793e1acdd6d1dabcc9180159068de05ea3612fc07a1ad7f4de80439,NVDA,edgar,income_statement,us-gaap:Revenues,,revenues,Revenue,149617000000,149617000000.0,usd,USD,1.0,duration_2025-01-27_2026-01-25,reported,duration,2025-01-27,2026-01-25,,2026,FY,2026-02-25,10-K,0001045810-26-000021,edgar:0001045810-26-000021:f-1177,c-211,http://www.nvidia.com/role/ConsolidatedStatementsofIncome,"{""balance"": ""credit"", ""cik"": ""0001045810"", ""context_ref"": ""c-211"", ""period_key"": ""duration_2025-01-27_2026-01-25"", ""preferred_sign"": 1.0, ""statement_role"": ""http://www.nvidia.com/role/ConsolidatedStatementsofIncome"", ""statement_type"": ""IncomeStatement"", ""weight"": 1.0}","{""srt_StatementGeographicalAxis"": ""country:US""}",False,,edgar_xbrl
f-1178,af52f6d13ca781717fbe424e5e7f499787db06e292d62426258e1f0d48fbd45c,NVDA,edgar,income_statement,us-gaap:Revenues,,revenues,Revenue,77482000000,77482000000.0,usd,USD,1.0,duration_2024-01-29_2025-01-26,reported,duration,2024-01-29,2025-01-26,,2026,FY,2026-02-25,10-K,0001045810-26-000021,edgar:0001045810-26-000021:f-1178,c-212,http://www.nvidia.com/role/ConsolidatedStatementsofIncome,"{""balance"": ""credit"", ""cik"": ""0001045810"", ""context_ref"": ""c-212"", ""period_key"": ""duration_2024-01-29_2025-01-26"", ""preferred_sign"": 1.0, ""statement_role"": ""http://www.nvidia.com/role/ConsolidatedStatementsofIncome"", ""statement_type"": ""IncomeStatement"", ""weight"": 1.0}","{""srt_StatementGeographicalAxis"": ""country:US""}",False,,edgar_xbrl
f-1179,ea0b2d07272c77c8364f934be817452893b06102d5e0a1ed6ec60793fc08a903,NVDA,edgar,income_statement,us-gaap:Revenues,,revenues,Revenue,31533000000,31533000000.0,usd,USD,1.0,duration_2023-01-30_2024-01-28,reported,duration,2023-01-30,2024-01-28,,2025,FY,2026-02-25,10-K,0001045810-26-000021,edgar:0001045810-26-000021:f-1179,c-213,http://www.nvidia.com/role/ConsolidatedStatementsofIncome,"{""balance"": ""credit"", ""cik"": ""0001045810"", ""context_ref"": ""c-213"", ""period_key"": ""duration_2023-01-30_2024-01-28"", ""preferred_sign"": 1.0, ""statement_role"": ""http://www.nvidia.com/role/ConsolidatedStatementsofIncome"", ""statement_type"": ""IncomeStatement"", ""weight"": 1.0}","{""srt_StatementGeographicalAxis"": ""country:US""}",False,,edgar_xbrl
f-1180,d71c9fcbc2acdfdd93931970ab085f332fb8b316a856265b3ead7ae4e4a46a8b,NVDA,edgar,income_statement,us-gaap:Revenues,,revenues,Revenue,42345000000,42345000000.0,usd,USD,1.0,duration_2025-01-27_2026-01-25,reported,duration,2025-01-27,2026-01-25,,2026,FY,2026-02-25,10-K,0001045810-26-000021,edgar:0001045810-26-000021:f-1180,c-214,http://www.nvidia.com/role/ConsolidatedStatementsofIncome,"{""balance"": ""credit"", ""cik"": ""0001045810"", ""context_ref"": ""c-214"", ""period_key"": ""duration_2025-01-27_2026-01-25"", ""preferred_sign"": 1.0, ""statement_role"": ""http://www.nvidia.com/role/ConsolidatedStatementsofIncome"", ""statement_type"": ""IncomeStatement"", ""weight"": 1.0}","{""srt_StatementGeographicalAxis"": ""country:TW""}",False,,edgar_xbrl
f-1181,9ea5c7a7d90f17279bc5971cb0a2630abbf0894dc3f30dcdb7444f1edb67ea0c,NVDA,edgar,income_statement,us-gaap:Revenues,,revenues,Revenue,23600000000,23600000000.0,usd,USD,1.0,duration_2024-01-29_2025-01-26,reported,duration,2024-01-29,2025-01-26,,2026,FY,2026-02-25,10-K,0001045810-26-000021,edgar:0001045810-26-000021:f-1181,c-215,http://www.nvidia.com/role/ConsolidatedStatementsofIncome,"{""balance"": ""credit"", ""cik"": ""0001045810"", ""context_ref"": ""c-215"", ""period_key"": ""duration_2024-01-29_2025-01-26"", ""preferred_sign"": 1.0, ""statement_role"": ""http://www.nvidia.com/role/ConsolidatedStatementsofIncome"", ""statement_type"": ""IncomeStatement"", ""weight"": 1.0}","{""srt_StatementGeographicalAxis"": ""country:TW""}",False,,edgar_xbrl
f-1182,b13a7d871280435fc77fa6088a4005ec974a8540da006169242e53fee93df795,NVDA,edgar,income_statement,us-gaap:Revenues,,revenues,Revenue,14912000000,14912000000.0,usd,USD,1.0,duration_2023-01-30_2024-01-28,reported,duration,2023-01-30,2024-01-28,,2025,FY,2026-02-25,10-K,0001045810-26-000021,edgar:0001045810-26-000021:f-1182,c-216,http://www.nvidia.com/role/ConsolidatedStatementsofIncome,"{""balance"": ""credit"", ""cik"": ""0001045810"", ""context_ref"": ""c-216"", ""period_key"": ""duration_2023-01-30_2024-01-28"", ""preferred_sign"": 1.0, ""statement_role"": ""http://www.nvidia.com/role/ConsolidatedStatementsofIncome"", ""statement_type"": ""IncomeStatement"", ""weight"": 1.0}","{""srt_StatementGeographicalAxis"": ""country:TW""}",False,,edgar_xbrl
f-1183,668b88f9bbfbe6a67da3c975d0583b814a20ca55c01e8b2f2f5dc43eb4e27875,NVDA,edgar,income_statement,us-gaap:Revenues,,revenues,Revenue,19677000000,19677000000.0,usd,USD,1.0,duration_2025-01-27_2026-01-25,reported,duration,2025-01-27,2026-01-25,,2026,FY,2026-02-25,10-K,0001045810-26-000021,edgar:0001045810-26-000021:f-1183,c-217,http://www.nvidia.com/role/ConsolidatedStatementsofIncome,"{""balance"": ""credit"", ""cik"": ""0001045810"", ""context_ref"": ""c-217"", ""period_key"": ""duration_2025-01-27_2026-01-25"", ""preferred_sign"": 1.0, ""statement_role"": ""http://www.nvidia.com/role/ConsolidatedStatementsofIncome"", ""statement_type"": ""IncomeStatement"", ""weight"": 1.0}","{""srt_StatementGeographicalAxis"": ""nvda:ChinaIncludingHongKongMember""}",False,,edgar_xbrl
f-1184,b36b08c416de07bd1dbcf19c95ba3f856b24e7a9d0806807d3323254d2c2432e,NVDA,edgar,income_statement,us-gaap:Revenues,,revenues,Revenue,25048000000,25048000000.0,usd,USD,1.0,duration_2024-01-29_2025-01-26,reported,duration,2024-01-29,2025-01-26,,2026,FY,2026-02-25,10-K,0001045810-26-000021,edgar:0001045810-26-000021:f-1184,c-218,http://www.nvidia.com/role/ConsolidatedStatementsofIncome,"{""balance"": ""credit"", ""cik"": ""0001045810"", ""context_ref"": ""c-218"", ""period_key"": ""duration_2024-01-29_2025-01-26"", ""preferred_sign"": 1.0, ""statement_role"": ""http://www.nvidia.com/role/ConsolidatedStatementsofIncome"", ""statement_type"": ""IncomeStatement"", ""weight"": 1.0}","{""srt_StatementGeographicalAxis"": ""nvda:ChinaIncludingHongKongMember""}",False,,edgar_xbrl
f-1185,1a6eaad8fcb04c7c7c4f7970331e444944bca4117872d187a2cabfca5f1c382d,NVDA,edgar,income_statement,us-gaap:Revenues,,revenues,Revenue,12330000000,12330000000.0,usd,USD,1.0,duration_2023-01-30_2024-01-28,reported,duration,2023-01-30,2024-01-28,,2025,FY,2026-02-25,10-K,0001045810-26-000021,edgar:0001045810-26-000021:f-1185,c-219,http://www.nvidia.com/role/ConsolidatedStatementsofIncome,"{""balance"": ""credit"", ""cik"": ""0001045810"", ""context_ref"": ""c-219"", ""period_key"": ""duration_2023-01-30_2024-01-28"", ""preferred_sign"": 1.0, ""statement_role"": ""http://www.nvidia.com/role/ConsolidatedStatementsofIncome"", ""statement_type"": ""IncomeStatement"", ""weight"": 1.0}","{""srt_StatementGeographicalAxis"": ""nvda:ChinaIncludingHongKongMember""}",False,,edgar_xbrl
f-1186,e5d926e4094a143113118fc7ac755a7741e066d7daedb4b4c7e0066139128379,NVDA,edgar,income_statement,us-gaap:Revenues,,revenues,Revenue,4299000000,4299000000.0,usd,USD,1.0,duration_2025-01-27_2026-01-25,reported,duration,2025-01-27,2026-01-25,,2026,FY,2026-02-25,10-K,0001045810-26-000021,edgar:0001045810-26-000021:f-1186,c-220,http://www.nvidia.com/role/ConsolidatedStatementsofIncome,"{""balance"": ""credit"", ""cik"": ""0001045810"", ""context_ref"": ""c-220"", ""period_key"": ""duration_2025-01-27_2026-01-25"", ""preferred_sign"": 1.0, ""statement_role"": ""http://www.nvidia.com/role/ConsolidatedStatementsofIncome"", ""statement_type"": ""IncomeStatement"", ""weight"": 1.0}","{""srt_StatementGeographicalAxis"": ""nvda:OtherCountriesMember""}",False,,edgar_xbrl
f-1187,33d7245a8d17cc26df47c3edd3871a1d031de540fe7995c223ee284ba99a7052,NVDA,edgar,income_statement,us-gaap:Revenues,,revenues,Revenue,4367000000,4367000000.0,usd,USD,1.0,duration_2024-01-29_2025-01-26,reported,duration,2024-01-29,2025-01-26,,2026,FY,2026-02-25,10-K,0001045810-26-000021,edgar:0001045810-26-000021:f-1187,c-221,http://www.nvidia.com/role/ConsolidatedStatementsofIncome,"{""balance"": ""credit"", ""cik"": ""0001045810"", ""context_ref"": ""c-221"", ""period_key"": ""duration_2024-01-29_2025-01-26"", ""preferred_sign"": 1.0, ""statement_role"": ""http://www.nvidia.com/role/ConsolidatedStatementsofIncome"", ""statement_type"": ""IncomeStatement"", ""weight"": 1.0}","{""srt_StatementGeographicalAxis"": ""nvda:OtherCountriesMember""}",False,,edgar_xbrl
f-1188,9ab40ca12a0478f91457f9df8f4894f7761bbe64995dbe5e5240862d93cfce31,NVDA,edgar,income_statement,us-gaap:Revenues,,revenues,Revenue,2147000000,2147000000.0,usd,USD,1.0,duration_2023-01-30_2024-01-28,reported,duration,2023-01-30,2024-01-28,,2025,FY,2026-02-25,10-K,0001045810-26-000021,edgar:0001045810-26-000021:f-1188,c-222,http://www.nvidia.com/role/ConsolidatedStatementsofIncome,"{""balance"": ""credit"", ""cik"": ""0001045810"", ""context_ref"": ""c-222"", ""period_key"": ""duration_2023-01-30_2024-01-28"", ""preferred_sign"": 1.0, ""statement_role"": ""http://www.nvidia.com/role/ConsolidatedStatementsofIncome"", ""statement_type"": ""IncomeStatement"", ""weight"": 1.0}","{""srt_StatementGeographicalAxis"": ""nvda:OtherCountriesMember""}",False,,edgar_xbrl
f-72,7f6b68c9eff1599dc807e573322fd3776f2ad02969c73fc80241e651a4b3b2a0,NVDA,edgar,income_statement,us-gaap:Revenues,,revenues,Revenue,215938000000,215938000000.0,usd,USD,1.0,duration_2025-01-27_2026-01-25,reported,duration,2025-01-27,2026-01-25,,2026,FY,2026-02-25,10-K,0001045810-26-000021,edgar:0001045810-26-000021:f-72,c-1,http://www.nvidia.com/role/ConsolidatedStatementsofIncome,"{""balance"": ""credit"", ""cik"": ""0001045810"", ""context_ref"": ""c-1"", ""period_key"": ""duration_2025-01-27_2026-01-25"", ""preferred_sign"": 1.0, ""statement_role"": ""http://www.nvidia.com/role/ConsolidatedStatementsofIncome"", ""statement_type"": ""IncomeStatement"", ""weight"": 1.0}",{},False,,edgar_xbrl
f-73,e450a3697da2191d5e558f27cb24fa60720bdbfacdced7073aa228b1c0b61f81,NVDA,edgar,income_statement,us-gaap:Revenues,,revenues,Revenue,130497000000,130497000000.0,usd,USD,1.0,duration_2024-01-29_2025-01-26,reported,duration,2024-01-29,2025-01-26,,2026,FY,2026-02-25,10-K,0001045810-26-000021,edgar:0001045810-26-000021:f-73,c-9,http://www.nvidia.com/role/ConsolidatedStatementsofIncome,"{""balance"": ""credit"", ""cik"": ""0001045810"", ""context_ref"": ""c-9"", ""period_key"": ""duration_2024-01-29_2025-01-26"", ""preferred_sign"": 1.0, ""statement_role"": ""http://www.nvidia.com/role/ConsolidatedStatementsofIncome"", ""statement_type"": ""IncomeStatement"", ""weight"": 1.0}",{},False,,edgar_xbrl
f-74,bfc90b8c10a5acd7e25be0c0b3bd04f0b184961ed57717b7d6f7cda85adbee91,NVDA,edgar,income_statement,us-gaap:Revenues,,revenues,Revenue,60922000000,60922000000.0,usd,USD,1.0,duration_2023-01-30_2024-01-28,reported,duration,2023-01-30,2024-01-28,,2025,FY,2026-02-25,10-K,0001045810-26-000021,edgar:0001045810-26-000021:f-74,c-10,http://www.nvidia.com/role/ConsolidatedStatementsofIncome,"{""balance"": ""credit"", ""cik"": ""0001045810"", ""context_ref"": ""c-10"", ""period_key"": ""duration_2023-01-30_2024-01-28"", ""preferred_sign"": 1.0, ""statement_role"": ""http://www.nvidia.com/role/ConsolidatedStatementsofIncome"", ""statement_type"": ""IncomeStatement"", ""weight"": 1.0}",{},False,,edgar_xbrl
f-1202,d0055ebab9a18cbbeacd4d63faf392a7aeaa290563549f1ac6779acdb1ca9fba,NVDA,edgar,income_statement,us-gaap:Revenues,,revenues,Revenue,193737000000,193737000000.0,usd,USD,1.0,duration_2025-01-27_2026-01-25,reported,duration,2025-01-27,2026-01-25,,2026,FY,2026-02-25,10-K,0001045810-26-000021,edgar:0001045810-26-000021:f-1202,c-232,http://www.nvidia.com/role/ConsolidatedStatementsofIncome,"{""balance"": ""credit"", ""cik"": ""0001045810"", ""context_ref"": ""c-232"", ""period_key"": ""duration_2025-01-27_2026-01-25"", ""preferred_sign"": 1.0, ""statement_role"": ""http://www.nvidia.com/role/ConsolidatedStatementsofIncome"", ""statement_type"": ""IncomeStatement"", ""weight"": 1.0}","{""srt_ProductOrServiceAxis"": ""nvda:DataCenterMember""}",False,,edgar_xbrl
f-1203,8de812d51b4349528dc86b2e3d2163daebce8e7e532814998d0ebc1bf0cfab4b,NVDA,edgar,income_statement,us-gaap:Revenues,,revenues,Revenue,115186000000,115186000000.0,usd,USD,1.0,duration_2024-01-29_2025-01-26,reported,duration,2024-01-29,2025-01-26,,2026,FY,2026-02-25,10-K,0001045810-26-000021,edgar:0001045810-26-000021:f-1203,c-233,http://www.nvidia.com/role/ConsolidatedStatementsofIncome,"{""balance"": ""credit"", ""cik"": ""0001045810"", ""context_ref"": ""c-233"", ""period_key"": ""duration_2024-01-29_2025-01-26"", ""preferred_sign"": 1.0, ""statement_role"": ""http://www.nvidia.com/role/ConsolidatedStatementsofIncome"", ""statement_type"": ""IncomeStatement"", ""weight"": 1.0}","{""srt_ProductOrServiceAxis"": ""nvda:DataCenterMember""}",False,,edgar_xbrl
f-1204,2ff7dcd7cf6632e16d3505eeefb70b50d08ed2f59ad1dc16b70527aebe70cba3,NVDA,edgar,income_statement,us-gaap:Revenues,,revenues,Revenue,47525000000,47525000000.0,usd,USD,1.0,duration_2023-01-30_2024-01-28,reported,duration,2023-01-30,2024-01-28,,2025,FY,2026-02-25,10-K,0001045810-26-000021,edgar:0001045810-26-000021:f-1204,c-234,http://www.nvidia.com/role/ConsolidatedStatementsofIncome,"{""balance"": ""credit"", ""cik"": ""0001045810"", ""context_ref"": ""c-234"", ""period_key"": ""duration_2023-01-30_2024-01-28"", ""preferred_sign"": 1.0, ""statement_role"": ""http://www.nvidia.com/role/ConsolidatedStatementsofIncome"", ""statement_type"": ""IncomeStatement"", ""weight"": 1.0}","{""srt_ProductOrServiceAxis"": ""nvda:DataCenterMember""}",False,,edgar_xbrl
f-1205,9a28568b7af4004e5475207b77039b5d78b23e33bdd6967c0a0f81180f184b17,NVDA,edgar,income_statement,us-gaap:Revenues,,revenues,Revenue,162361000000,162361000000.0,usd,USD,1.0,duration_2025-01-27_2026-01-25,reported,duration,2025-01-27,2026-01-25,,2026,FY,2026-02-25,10-K,0001045810-26-000021,edgar:0001045810-26-000021:f-1205,c-235,http://www.nvidia.com/role/ConsolidatedStatementsofIncome,"{""balance"": ""credit"", ""cik"": ""0001045810"", ""context_ref"": ""c-235"", ""period_key"": ""duration_2025-01-27_2026-01-25"", ""preferred_sign"": 1.0, ""statement_role"": ""http://www.nvidia.com/role/ConsolidatedStatementsofIncome"", ""statement_type"": ""IncomeStatement"", ""weight"": 1.0}","{""srt_ProductOrServiceAxis"": ""nvda:ComputeMember""}",False,,edgar_xbrl
f-1206,5c7fc18f7cd8cde03dad472087dae895258c8b25ecbc019724ac9a5c40cc14a6,NVDA,edgar,income_statement,us-gaap:Revenues,,revenues,Revenue,102196000000,102196000000.0,usd,USD,1.0,duration_2024-01-29_2025-01-26,reported,duration,2024-01-29,2025-01-26,,2026,FY,2026-02-25,10-K,0001045810-26-000021,edgar:0001045810-26-000021:f-1206,c-236,http://www.nvidia.com/role/ConsolidatedStatementsofIncome,"{""balance"": ""credit"", ""cik"": ""0001045810"", ""context_ref"": ""c-236"", ""period_key"": ""duration_2024-01-29_2025-01-26"", ""preferred_sign"": 1.0, ""statement_role"": ""http://www.nvidia.com/role/ConsolidatedStatementsofIncome"", ""statement_type"": ""IncomeStatement"", ""weight"": 1.0}","{""srt_ProductOrServiceAxis"": ""nvda:ComputeMember""}",False,,edgar_xbrl
f-1207,20d6759dd34ccd4ee12765ffec186d8fdd03d8c55c1e8ecd38d05ecd85d5d58c,NVDA,edgar,income_statement,us-gaap:Revenues,,revenues,Revenue,38950000000,38950000000.0,usd,USD,1.0,duration_2023-01-30_2024-01-28,reported,duration,2023-01-30,2024-01-28,,2025,FY,2026-02-25,10-K,0001045810-26-000021,edgar:0001045810-26-000021:f-1207,c-237,http://www.nvidia.com/role/ConsolidatedStatementsofIncome,"{""balance"": ""credit"", ""cik"": ""0001045810"", ""context_ref"": ""c-237"", ""period_key"": ""duration_2023-01-30_2024-01-28"", ""preferred_sign"": 1.0, ""statement_role"": ""http://www.nvidia.com/role/ConsolidatedStatementsofIncome"", ""statement_type"": ""IncomeStatement"", ""weight"": 1.0}","{""srt_ProductOrServiceAxis"": ""nvda:ComputeMember""}",False,,edgar_xbrl
f-1208,5273ae69b7cbdf3bb0e8b4559d0eda61e0a6bad68577fc2639665d78e0b44319,NVDA,edgar,income_statement,us-gaap:Revenues,,revenues,Revenue,31376000000,31376000000.0,usd,USD,1.0,duration_2025-01-27_2026-01-25,reported,duration,2025-01-27,2026-01-25,,2026,FY,2026-02-25,10-K,0001045810-26-000021,edgar:0001045810-26-000021:f-1208,c-238,http://www.nvidia.com/role/ConsolidatedStatementsofIncome,"{""balance"": ""credit"", ""cik"": ""0001045810"", ""context_ref"": ""c-238"", ""period_key"": ""duration_2025-01-27_2026-01-25"", ""preferred_sign"": 1.0, ""statement_role"": ""http://www.nvidia.com/role/ConsolidatedStatementsofIncome"", ""statement_type"": ""IncomeStatement"", ""weight"": 1.0}","{""srt_ProductOrServiceAxis"": ""nvda:NetworkingMember""}",False,,edgar_xbrl
f-1209,ae68f88b21313a5cfee3968ba7e3c9b88dacde1aa0d504f7f995f3c9b6c2214b,NVDA,edgar,income_statement,us-gaap:Revenues,,revenues,Revenue,12990000000,12990000000.0,usd,USD,1.0,duration_2024-01-29_2025-01-26,reported,duration,2024-01-29,2025-01-26,,2026,FY,2026-02-25,10-K,0001045810-26-000021,edgar:0001045810-26-000021:f-1209,c-239,http://www.nvidia.com/role/ConsolidatedStatementsofIncome,"{""balance"": ""credit"", ""cik"": ""0001045810"", ""context_ref"": ""c-239"", ""period_key"": ""duration_2024-01-29_2025-01-26"", ""preferred_sign"": 1.0, ""statement_role"": ""http://www.nvidia.com/role/ConsolidatedStatementsofIncome"", ""statement_type"": ""IncomeStatement"", ""weight"": 1.0}","{""srt_ProductOrServiceAxis"": ""nvda:NetworkingMember""}",False,,edgar_xbrl
f-1210,94afe1852f599e964ce9b333e73dd9ac5c935dae545b3d8c14f9659f1887d234,NVDA,edgar,income_statement,us-gaap:Revenues,,revenues,Revenue,8575000000,8575000000.0,usd,USD,1.0,duration_2023-01-30_2024-01-28,reported,duration,2023-01-30,2024-01-28,,2025,FY,2026-02-25,10-K,0001045810-26-000021,edgar:0001045810-26-000021:f-1210,c-240,http://www.nvidia.com/role/ConsolidatedStatementsofIncome,"{""balance"": ""credit"", ""cik"": ""0001045810"", ""context_ref"": ""c-240"", ""period_key"": ""duration_2023-01-30_2024-01-28"", ""preferred_sign"": 1.0, ""statement_role"": ""http://www.nvidia.com/role/ConsolidatedStatementsofIncome"", ""statement_type"": ""IncomeStatement"", ""weight"": 1.0}","{""srt_ProductOrServiceAxis"": ""nvda:NetworkingMember""}",False,,edgar_xbrl
f-1211,25cf777963c8a5fc67e3dcd5e14b362b69b103d97e0d25adbbf9e73e0b531a93,NVDA,edgar,income_statement,us-gaap:Revenues,,revenues,Revenue,16042000000,16042000000.0,usd,USD,1.0,duration_2025-01-27_2026-01-25,reported,duration,2025-01-27,2026-01-25,,2026,FY,2026-02-25,10-K,0001045810-26-000021,edgar:0001045810-26-000021:f-1211,c-241,http://www.nvidia.com/role/ConsolidatedStatementsofIncome,"{""balance"": ""credit"", ""cik"": ""0001045810"", ""context_ref"": ""c-241"", ""period_key"": ""duration_2025-01-27_2026-01-25"", ""preferred_sign"": 1.0, ""statement_role"": ""http://www.nvidia.com/role/ConsolidatedStatementsofIncome"", ""statement_type"": ""IncomeStatement"", ""weight"": 1.0}","{""srt_ProductOrServiceAxis"": ""nvda:GamingMember""}",False,,edgar_xbrl
f-1212,8a81137d071b8e019b762ffec9e3366fbd6df3a0d5135e907d9d3d76da29ffd1,NVDA,edgar,income_statement,us-gaap:Revenues,,revenues,Revenue,11350000000,11350000000.0,usd,USD,1.0,duration_2024-01-29_2025-01-26,reported,duration,2024-01-29,2025-01-26,,2026,FY,2026-02-25,10-K,0001045810-26-000021,edgar:0001045810-26-000021:f-1212,c-242,http://www.nvidia.com/role/ConsolidatedStatementsofIncome,"{""balance"": ""credit"", ""cik"": ""0001045810"", ""context_ref"": ""c-242"", ""period_key"": ""duration_2024-01-29_2025-01-26"", ""preferred_sign"": 1.0, ""statement_role"": ""http://www.nvidia.com/role/ConsolidatedStatementsofIncome"", ""statement_type"": ""IncomeStatement"", ""weight"": 1.0}","{""srt_ProductOrServiceAxis"": ""nvda:GamingMember""}",False,,edgar_xbrl
f-1213,aff6bc8ae6d9ea2a4094edbfab27bb0e3e9b507472f1ed950e6e80ae06884eb0,NVDA,edgar,income_statement,us-gaap:Revenues,,revenues,Revenue,10447000000,10447000000.0,usd,USD,1.0,duration_2023-01-30_2024-01-28,reported,duration,2023-01-30,2024-01-28,,2025,FY,2026-02-25,10-K,0001045810-26-000021,edgar:0001045810-26-000021:f-1213,c-243,http://www.nvidia.com/role/ConsolidatedStatementsofIncome,"{""balance"": ""credit"", ""cik"": ""0001045810"", ""context_ref"": ""c-243"", ""period_key"": ""duration_2023-01-30_2024-01-28"", ""preferred_sign"": 1.0, ""statement_role"": ""http://www.nvidia.com/role/ConsolidatedStatementsofIncome"", ""statement_type"": ""IncomeStatement"", ""weight"": 1.0}","{""srt_ProductOrServiceAxis"": ""nvda:GamingMember""}",False,,edgar_xbrl
f-1214,96840e54c14727a7bee2021bcf7941ca51f14a7490c8a6bca7f15c7b16a15851,NVDA,edgar,income_statement,us-gaap:Revenues,,revenues,Revenue,3191000000,3191000000.0,usd,USD,1.0,duration_2025-01-27_2026-01-25,reported,duration,2025-01-27,2026-01-25,,2026,FY,2026-02-25,10-K,0001045810-26-000021,edgar:0001045810-26-000021:f-1214,c-244,http://www.nvidia.com/role/ConsolidatedStatementsofIncome,"{""balance"": ""credit"", ""cik"": ""0001045810"", ""context_ref"": ""c-244"", ""period_key"": ""duration_2025-01-27_2026-01-25"", ""preferred_sign"": 1.0, ""statement_role"": ""http://www.nvidia.com/role/ConsolidatedStatementsofIncome"", ""statement_type"": ""IncomeStatement"", ""weight"": 1.0}","{""srt_ProductOrServiceAxis"": ""nvda:ProfessionalVisualizationMember""}",False,,edgar_xbrl
f-1215,155913cadc26b5959541ddfde8f29fd5e92d124c5053a4171bd6f1ea754c3a27,NVDA,edgar,income_statement,us-gaap:Revenues,,revenues,Revenue,1878000000,1878000000.0,usd,USD,1.0,duration_2024-01-29_2025-01-26,reported,duration,2024-01-29,2025-01-26,,2026,FY,2026-02-25,10-K,0001045810-26-000021,edgar:0001045810-26-000021:f-1215,c-245,http://www.nvidia.com/role/ConsolidatedStatementsofIncome,"{""balance"": ""credit"", ""cik"": ""0001045810"", ""context_ref"": ""c-245"", ""period_key"": ""duration_2024-01-29_2025-01-26"", ""preferred_sign"": 1.0, ""statement_role"": ""http://www.nvidia.com/role/ConsolidatedStatementsofIncome"", ""statement_type"": ""IncomeStatement"", ""weight"": 1.0}","{""srt_ProductOrServiceAxis"": ""nvda:ProfessionalVisualizationMember""}",False,,edgar_xbrl
f-1216,eb550db4f111d707baecc15f0b25f141e1b990ccf40f844d10241b39ae8e749b,NVDA,edgar,income_statement,us-gaap:Revenues,,revenues,Revenue,1553000000,1553000000.0,usd,USD,1.0,duration_2023-01-30_2024-01-28,reported,duration,2023-01-30,2024-01-28,,2025,FY,2026-02-25,10-K,0001045810-26-000021,edgar:0001045810-26-000021:f-1216,c-246,http://www.nvidia.com/role/ConsolidatedStatementsofIncome,"{""balance"": ""credit"", ""cik"": ""0001045810"", ""context_ref"": ""c-246"", ""period_key"": ""duration_2023-01-30_2024-01-28"", ""preferred_sign"": 1.0, ""statement_role"": ""http://www.nvidia.com/role/ConsolidatedStatementsofIncome"", ""statement_type"": ""IncomeStatement"", ""weight"": 1.0}","{""srt_ProductOrServiceAxis"": ""nvda:ProfessionalVisualizationMember""}",False,,edgar_xbrl
f-1217,0dfb856aad6bd2dd55793d937d9d21f3c382de879e2519b751a5a256731cdc51,NVDA,edgar,income_statement,us-gaap:Revenues,,revenues,Revenue,2349000000,2349000000.0,usd,USD,1.0,duration_2025-01-27_2026-01-25,reported,duration,2025-01-27,2026-01-25,,2026,FY,2026-02-25,10-K,0001045810-26-000021,edgar:0001045810-26-000021:f-1217,c-247,http://www.nvidia.com/role/ConsolidatedStatementsofIncome,"{""balance"": ""credit"", ""cik"": ""0001045810"", ""context_ref"": ""c-247"", ""period_key"": ""duration_2025-01-27_2026-01-25"", ""preferred_sign"": 1.0, ""statement_role"": ""http://www.nvidia.com/role/ConsolidatedStatementsofIncome"", ""statement_type"": ""IncomeStatement"", ""weight"": 1.0}","{""srt_ProductOrServiceAxis"": ""nvda:AutomotiveMember""}",False,,edgar_xbrl
f-1218,fbbaa2e472602dee41d81257c4459ce5b0f8b3c8fbbcdf9c8dc5eedcbb013604,NVDA,edgar,income_statement,us-gaap:Revenues,,revenues,Revenue,1694000000,1694000000.0,usd,USD,1.0,duration_2024-01-29_2025-01-26,reported,duration,2024-01-29,2025-01-26,,2026,FY,2026-02-25,10-K,0001045810-26-000021,edgar:0001045810-26-000021:f-1218,c-248,http://www.nvidia.com/role/ConsolidatedStatementsofIncome,"{""balance"": ""credit"", ""cik"": ""0001045810"", ""context_ref"": ""c-248"", ""period_key"": ""duration_2024-01-29_2025-01-26"", ""preferred_sign"": 1.0, ""statement_role"": ""http://www.nvidia.com/role/ConsolidatedStatementsofIncome"", ""statement_type"": ""IncomeStatement"", ""weight"": 1.0}","{""srt_ProductOrServiceAxis"": ""nvda:AutomotiveMember""}",False,,edgar_xbrl
f-1219,099db6486be62e8edd18696f84a1bcda1cd22201eb4556ae2863d2057ece6132,NVDA,edgar,income_statement,us-gaap:Revenues,,revenues,Revenue,1091000000,1091000000.0,usd,USD,1.0,duration_2023-01-30_2024-01-28,reported,duration,2023-01-30,2024-01-28,,2025,FY,2026-02-25,10-K,0001045810-26-000021,edgar:0001045810-26-000021:f-1219,c-249,http://www.nvidia.com/role/ConsolidatedStatementsofIncome,"{""balance"": ""credit"", ""cik"": ""0001045810"", ""context_ref"": ""c-249"", ""period_key"": ""duration_2023-01-30_2024-01-28"", ""preferred_sign"": 1.0, ""statement_role"": ""http://www.nvidia.com/role/ConsolidatedStatementsofIncome"", ""statement_type"": ""IncomeStatement"", ""weight"": 1.0}","{""srt_ProductOrServiceAxis"": ""nvda:AutomotiveMember""}",False,,edgar_xbrl
f-1220,30cae8c88b218fca4c26daeeebd4869c85b8ef656e158ad7cf25d4e30a8d9428,NVDA,edgar,income_statement,us-gaap:Revenues,,revenues,Revenue,619000000,619000000.0,usd,USD,1.0,duration_2025-01-27_2026-01-25,reported,duration,2025-01-27,2026-01-25,,2026,FY,2026-02-25,10-K,0001045810-26-000021,edgar:0001045810-26-000021:f-1220,c-250,http://www.nvidia.com/role/ConsolidatedStatementsofIncome,"{""balance"": ""credit"", ""cik"": ""0001045810"", ""context_ref"": ""c-250"", ""period_key"": ""duration_2025-01-27_2026-01-25"", ""preferred_sign"": 1.0, ""statement_role"": ""http://www.nvidia.com/role/ConsolidatedStatementsofIncome"", ""statement_type"": ""IncomeStatement"", ""weight"": 1.0}","{""srt_ProductOrServiceAxis"": ""nvda:OEMAndOtherMember""}",False,,edgar_xbrl
f-1221,f7b56353ed8f9a006c75e529c4f0f770fdd198a7ddcac07399d1c2b0cd4b47cd,NVDA,edgar,income_statement,us-gaap:Revenues,,revenues,Revenue,389000000,389000000.0,usd,USD,1.0,duration_2024-01-29_2025-01-26,reported,duration,2024-01-29,2025-01-26,,2026,FY,2026-02-25,10-K,0001045810-26-000021,edgar:0001045810-26-000021:f-1221,c-251,http://www.nvidia.com/role/ConsolidatedStatementsofIncome,"{""balance"": ""credit"", ""cik"": ""0001045810"", ""context_ref"": ""c-251"", ""period_key"": ""duration_2024-01-29_2025-01-26"", ""preferred_sign"": 1.0, ""statement_role"": ""http://www.nvidia.com/role/ConsolidatedStatementsofIncome"", ""statement_type"": ""IncomeStatement"", ""weight"": 1.0}","{""srt_ProductOrServiceAxis"": ""nvda:OEMAndOtherMember""}",False,,edgar_xbrl
f-1222,10192f4d658aa497962ac168f76f7a6e5eef678a931f874e7769ed1b15636744,NVDA,edgar,income_statement,us-gaap:Revenues,,revenues,Revenue,306000000,306000000.0,usd,USD,1.0,duration_2023-01-30_2024-01-28,reported,duration,2023-01-30,2024-01-28,,2025,FY,2026-02-25,10-K,0001045810-26-000021,edgar:0001045810-26-000021:f-1222,c-252,http://www.nvidia.com/role/ConsolidatedStatementsofIncome,"{""balance"": ""credit"", ""cik"": ""0001045810"", ""context_ref"": ""c-252"", ""period_key"": ""duration_2023-01-30_2024-01-28"", ""preferred_sign"": 1.0, ""statement_role"": ""http://www.nvidia.com/role/ConsolidatedStatementsofIncome"", ""statement_type"": ""IncomeStatement"", ""weight"": 1.0}","{""srt_ProductOrServiceAxis"": ""nvda:OEMAndOtherMember""}",False,,edgar_xbrl
f-141,c2c4e1ed399bd3cc28ddbbc5c32b57bc951ac94ec8672e0f4dfa95673976230f,NVDA,edgar,balance_sheet,us-gaap:CashAndCashEquivalentsAtCarryingValue,CashAndMarketableSecurities,cashandmarketablesecurities,Cash and cash equivalents,10605000000,10605000000.0,usd,USD,1.0,instant_2026-01-25,reported,instant,,2026-01-25,2026-01-25,2026,,2026-02-25,10-K,0001045810-26-000021,edgar:0001045810-26-000021:f-141,c-11,http://www.nvidia.com/role/ConsolidatedBalanceSheets,"{""balance"": ""debit"", ""cik"": ""0001045810"", ""context_ref"": ""c-11"", ""period_instant"": ""2026-01-25"", ""period_key"": ""instant_2026-01-25"", ""preferred_sign"": 1.0, ""statement_role"": ""http://www.nvidia.com/role/ConsolidatedBalanceSheets"", ""statement_type"": ""BalanceSheet"", ""weight"": 1.0}",{},False,,edgar_xbrl
f-142,e2cdc3c987d5f58dc6551765b0e292e2071f9f8ee93bf7d2633123cde0b12168,NVDA,edgar,balance_sheet,us-gaap:CashAndCashEquivalentsAtCarryingValue,CashAndMarketableSecurities,cashandmarketablesecurities,Cash and cash equivalents,8589000000,8589000000.0,usd,USD,1.0,instant_2025-01-26,reported,instant,,2025-01-26,2025-01-26,2026,,2026-02-25,10-K,0001045810-26-000021,edgar:0001045810-26-000021:f-142,c-12,http://www.nvidia.com/role/ConsolidatedBalanceSheets,"{""balance"": ""debit"", ""cik"": ""0001045810"", ""context_ref"": ""c-12"", ""period_instant"": ""2025-01-26"", ""period_key"": ""instant_2025-01-26"", ""preferred_sign"": 1.0, ""statement_role"": ""http://www.nvidia.com/role/ConsolidatedBalanceSheets"", ""statement_type"": ""BalanceSheet"", ""weight"": 1.0}",{},False,,edgar_xbrl
f-143,64cf4ba3fb09bad94452170b5a8e4b8318dbb1db125db8400c60cc7e0077f8b0,NVDA,edgar,balance_sheet,nvda:MarketableSecuritiesAndEquitySecuritiesFVNI,,marketablesecuritiesandequitysecuritiesfvni,Marketable securities,51951000000,51951000000.0,usd,USD,1.0,instant_2026-01-25,reported,instant,,2026-01-25,2026-01-25,2026,,2026-02-25,10-K,0001045810-26-000021,edgar:0001045810-26-000021:f-143,c-11,http://www.nvidia.com/role/ConsolidatedBalanceSheets,"{""balance"": ""debit"", ""cik"": ""0001045810"", ""context_ref"": ""c-11"", ""period_instant"": ""2026-01-25"", ""period_key"": ""instant_2026-01-25"", ""preferred_sign"": 1.0, ""statement_role"": ""http://www.nvidia.com/role/ConsolidatedBalanceSheets"", ""statement_type"": ""BalanceSheet"", ""weight"": 1.0}",{},False,,edgar_xbrl
f-145,62364aacc9ad47a0747057e998df7aa7c4d6b27ed8a8031fe6ffa6b3c4d76aaf,NVDA,edgar,balance_sheet,us-gaap:AccountsReceivableNetCurrent,TradeReceivables,tradereceivables,"Accounts receivable, net",38466000000,38466000000.0,usd,USD,1.0,instant_2026-01-25,reported,instant,,2026-01-25,2026-01-25,2026,,2026-02-25,10-K,0001045810-26-000021,edgar:0001045810-26-000021:f-145,c-11,http://www.nvidia.com/role/ConsolidatedBalanceSheets,"{""balance"": ""debit"", ""cik"": ""0001045810"", ""context_ref"": ""c-11"", ""period_instant"": ""2026-01-25"", ""period_key"": ""instant_2026-01-25"", ""preferred_sign"": 1.0, ""statement_role"": ""http://www.nvidia.com/role/ConsolidatedBalanceSheets"", ""statement_type"": ""BalanceSheet"", ""weight"": 1.0}",{},False,,edgar_xbrl
f-146,5eec4cdf99953d0733846d9da7fc399609c6c4b5f137e624a2c3118699b9cd91,NVDA,edgar,balance_sheet,us-gaap:AccountsReceivableNetCurrent,TradeReceivables,tradereceivables,"Accounts receivable, net",23065000000,23065000000.0,usd,USD,1.0,instant_2025-01-26,reported,instant,,2025-01-26,2025-01-26,2026,,2026-02-25,10-K,0001045810-26-000021,edgar:0001045810-26-000021:f-146,c-12,http://www.nvidia.com/role/ConsolidatedBalanceSheets,"{""balance"": ""debit"", ""cik"": ""0001045810"", ""context_ref"": ""c-12"", ""period_instant"": ""2025-01-26"", ""period_key"": ""instant_2025-01-26"", ""preferred_sign"": 1.0, ""statement_role"": ""http://www.nvidia.com/role/ConsolidatedBalanceSheets"", ""statement_type"": ""BalanceSheet"", ""weight"": 1.0}",{},False,,edgar_xbrl
f-149,60eab1441455a13ad593422cf1f0385be18771a655094a6b24bc68b93e591cf9,NVDA,edgar,balance_sheet,us-gaap:PrepaidExpenseAndOtherAssetsCurrent,OtherNonOperatingCurrentAssets,othernonoperatingcurrentassets,Prepaid expenses and other current assets,3180000000,3180000000.0,usd,USD,1.0,instant_2026-01-25,reported,instant,,2026-01-25,2026-01-25,2026,,2026-02-25,10-K,0001045810-26-000021,edgar:0001045810-26-000021:f-149,c-11,http://www.nvidia.com/role/ConsolidatedBalanceSheets,"{""balance"": ""debit"", ""cik"": ""0001045810"", ""context_ref"": ""c-11"", ""period_instant"": ""2026-01-25"", ""period_key"": ""instant_2026-01-25"", ""preferred_sign"": 1.0, ""statement_role"": ""http://www.nvidia.com/role/ConsolidatedBalanceSheets"", ""statement_type"": ""BalanceSheet"", ""weight"": 1.0}",{},False,,edgar_xbrl
f-150,eb15a49c8765f80f9e869eebda373eb7376126617f110998c8363b12c27d9dab,NVDA,edgar,balance_sheet,us-gaap:PrepaidExpenseAndOtherAssetsCurrent,OtherNonOperatingCurrentAssets,othernonoperatingcurrentassets,Prepaid expenses and other current assets,3771000000,3771000000.0,usd,USD,1.0,instant_2025-01-26,reported,instant,,2025-01-26,2025-01-26,2026,,2026-02-25,10-K,0001045810-26-000021,edgar:0001045810-26-000021:f-150,c-12,http://www.nvidia.com/role/ConsolidatedBalanceSheets,"{""balance"": ""debit"", ""cik"": ""0001045810"", ""context_ref"": ""c-12"", ""period_instant"": ""2025-01-26"", ""period_key"": ""instant_2025-01-26"", ""preferred_sign"": 1.0, ""statement_role"": ""http://www.nvidia.com/role/ConsolidatedBalanceSheets"", ""statement_type"": ""BalanceSheet"", ""weight"": 1.0}",{},False,,edgar_xbrl
f-151,7bab545a4d84a1030d50886ac1af2a1dfe9c72af21c7c9fd0a0367cf6d2cbfa1,NVDA,edgar,balance_sheet,us-gaap:AssetsCurrent,CurrentAssetsTotal,currentassetstotal,Total current assets,125605000000,125605000000.0,usd,USD,1.0,instant_2026-01-25,reported,instant,,2026-01-25,2026-01-25,2026,,2026-02-25,10-K,0001045810-26-000021,edgar:0001045810-26-000021:f-151,c-11,http://www.nvidia.com/role/ConsolidatedBalanceSheets,"{""balance"": ""debit"", ""cik"": ""0001045810"", ""context_ref"": ""c-11"", ""period_instant"": ""2026-01-25"", ""period_key"": ""instant_2026-01-25"", ""preferred_sign"": 1.0, ""statement_role"": ""http://www.nvidia.com/role/ConsolidatedBalanceSheets"", ""statement_type"": ""BalanceSheet"", ""weight"": 1.0}",{},False,,edgar_xbrl
f-152,92dd47785363917563488a52c6f4b113fc6b2be5acb8baae2e51ec417b27b447,NVDA,edgar,balance_sheet,us-gaap:AssetsCurrent,CurrentAssetsTotal,currentassetstotal,Total current assets,80126000000,80126000000.0,usd,USD,1.0,instant_2025-01-26,reported,instant,,2025-01-26,2025-01-26,2026,,2026-02-25,10-K,0001045810-26-000021,edgar:0001045810-26-000021:f-152,c-12,http://www.nvidia.com/role/ConsolidatedBalanceSheets,"{""balance"": ""debit"", ""cik"": ""0001045810"", ""context_ref"": ""c-12"", ""period_instant"": ""2025-01-26"", ""period_key"": ""instant_2025-01-26"", ""preferred_sign"": 1.0, ""statement_role"": ""http://www.nvidia.com/role/ConsolidatedBalanceSheets"", ""statement_type"": ""BalanceSheet"", ""weight"": 1.0}",{},False,,edgar_xbrl
f-155,602229221762dc3bc11e07e8a90ff22f726ac889ee92469bd2029142c387fdaf,NVDA,edgar,balance_sheet,us-gaap:OperatingLeaseRightOfUseAsset,OperatingLeaseRightOfUseAsset,operatingleaserightofuseasset,Operating lease assets,2867000000,2867000000.0,usd,USD,1.0,instant_2026-01-25,reported,instant,,2026-01-25,2026-01-25,2026,,2026-02-25,10-K,0001045810-26-000021,edgar:0001045810-26-000021:f-155,c-11,http://www.nvidia.com/role/ConsolidatedBalanceSheets,"{""cik"": ""0001045810"", ""context_ref"": ""c-11"", ""period_instant"": ""2026-01-25"", ""period_key"": ""instant_2026-01-25"", ""preferred_sign"": 1.0, ""statement_role"": ""http://www.nvidia.com/role/ConsolidatedBalanceSheets"", ""statement_type"": ""BalanceSheet"", ""weight"": 1.0}",{},False,,edgar_xbrl
f-156,4d1ad37546c8a6b5b28294045136cbfaedea4a2b62fe0a5457441f74923d9684,NVDA,edgar,balance_sheet,us-gaap:OperatingLeaseRightOfUseAsset,OperatingLeaseRightOfUseAsset,operatingleaserightofuseasset,Operating lease assets,1793000000,1793000000.0,usd,USD,1.0,instant_2025-01-26,reported,instant,,2025-01-26,2025-01-26,2026,,2026-02-25,10-K,0001045810-26-000021,edgar:0001045810-26-000021:f-156,c-12,http://www.nvidia.com/role/ConsolidatedBalanceSheets,"{""cik"": ""0001045810"", ""context_ref"": ""c-12"", ""period_instant"": ""2025-01-26"", ""period_key"": ""instant_2025-01-26"", ""preferred_sign"": 1.0, ""statement_role"": ""http://www.nvidia.com/role/ConsolidatedBalanceSheets"", ""statement_type"": ""BalanceSheet"", ""weight"": 1.0}",{},False,,edgar_xbrl
f-159,683d00385f85316685ad64e232d2819a95d5ead4a273ace43f01f6876298d8b2,NVDA,edgar,balance_sheet,us-gaap:IntangibleAssetsNetExcludingGoodwill,IntangibleAssets,intangibleassets,"Intangible assets, net",3306000000,3306000000.0,usd,USD,1.0,instant_2026-01-25,reported,instant,,2026-01-25,2026-01-25,2026,,2026-02-25,10-K,0001045810-26-000021,edgar:0001045810-26-000021:f-159,c-11,http://www.nvidia.com/role/ConsolidatedBalanceSheets,"{""balance"": ""debit"", ""cik"": ""0001045810"", ""context_ref"": ""c-11"", ""period_instant"": ""2026-01-25"", ""period_key"": ""instant_2026-01-25"", ""preferred_sign"": 1.0, ""statement_role"": ""http://www.nvidia.com/role/ConsolidatedBalanceSheets"", ""statement_type"": ""BalanceSheet"", ""weight"": 1.0}",{},False,,edgar_xbrl
f-160,8223945c229018c43936370046b8b66617747b01c4ea67e9266d5dc4d45443b3,NVDA,edgar,balance_sheet,us-gaap:IntangibleAssetsNetExcludingGoodwill,IntangibleAssets,intangibleassets,"Intangible assets, net",807000000,807000000.0,usd,USD,1.0,instant_2025-01-26,reported,instant,,2025-01-26,2025-01-26,2026,,2026-02-25,10-K,0001045810-26-000021,edgar:0001045810-26-000021:f-160,c-12,http://www.nvidia.com/role/ConsolidatedBalanceSheets,"{""balance"": ""debit"", ""cik"": ""0001045810"", ""context_ref"": ""c-12"", ""period_instant"": ""2025-01-26"", ""period_key"": ""instant_2025-01-26"", ""preferred_sign"": 1.0, ""statement_role"": ""http://www.nvidia.com/role/ConsolidatedBalanceSheets"", ""statement_type"": ""BalanceSheet"", ""weight"": 1.0}",{},False,,edgar_xbrl
f-163,fb149e989bdd19e6ce483288ca416bec938434509c8782d223dbcea6009f04f8,NVDA,edgar,balance_sheet,us-gaap:EquitySecuritiesFVNINoncurrent,LongtermInvestments,longterminvestments,Non-marketable equity securities,22251000000,22251000000.0,usd,USD,1.0,instant_2026-01-25,reported,instant,,2026-01-25,2026-01-25,2026,,2026-02-25,10-K,0001045810-26-000021,edgar:0001045810-26-000021:f-163,c-11,http://www.nvidia.com/role/ConsolidatedBalanceSheets,"{""cik"": ""0001045810"", ""context_ref"": ""c-11"", ""period_instant"": ""2026-01-25"", ""period_key"": ""instant_2026-01-25"", ""preferred_sign"": 1.0, ""statement_role"": ""http://www.nvidia.com/role/ConsolidatedBalanceSheets"", ""statement_type"": ""BalanceSheet"", ""weight"": 1.0}",{},False,,edgar_xbrl
f-164,fb7b59ffc439b62996cda7fdfe560a04f33c49e2a546228e983b0f9cc0fd039e,NVDA,edgar,balance_sheet,us-gaap:EquitySecuritiesFVNINoncurrent,LongtermInvestments,longterminvestments,Non-marketable equity securities,3387000000,3387000000.0,usd,USD,1.0,instant_2025-01-26,reported,instant,,2025-01-26,2025-01-26,2026,,2026-02-25,10-K,0001045810-26-000021,edgar:0001045810-26-000021:f-164,c-12,http://www.nvidia.com/role/ConsolidatedBalanceSheets,"{""cik"": ""0001045810"", ""context_ref"": ""c-12"", ""period_instant"": ""2025-01-26"", ""period_key"": ""instant_2025-01-26"", ""preferred_sign"": 1.0, ""statement_role"": ""http://www.nvidia.com/role/ConsolidatedBalanceSheets"", ""statement_type"": ""BalanceSheet"", ""weight"": 1.0}",{},False,,edgar_xbrl
f-165,8005c92c7e7abebf4907ae227ea7b217a0dd8dc4b9aa9d2784c1669cf611ab8e,NVDA,edgar,balance_sheet,us-gaap:OtherAssetsNoncurrent,OtherNonOperatingNonCurrentAssets,othernonoperatingnoncurrentassets,Other assets,8301000000,8301000000.0,usd,USD,1.0,instant_2026-01-25,reported,instant,,2026-01-25,2026-01-25,2026,,2026-02-25,10-K,0001045810-26-000021,edgar:0001045810-26-000021:f-165,c-11,http://www.nvidia.com/role/ConsolidatedBalanceSheets,"{""balance"": ""debit"", ""cik"": ""0001045810"", ""context_ref"": ""c-11"", ""period_instant"": ""2026-01-25"", ""period_key"": ""instant_2026-01-25"", ""preferred_sign"": 1.0, ""statement_role"": ""http://www.nvidia.com/role/ConsolidatedBalanceSheets"", ""statement_type"": ""BalanceSheet"", ""weight"": 1.0}",{},False,,edgar_xbrl
f-166,737a290c7d9fb705a153b97e65ac5f191c4f11cb11e528d2390630c95f52633f,NVDA,edgar,balance_sheet,us-gaap:OtherAssetsNoncurrent,OtherNonOperatingNonCurrentAssets,othernonoperatingnoncurrentassets,Other assets,3038000000,3038000000.0,usd,USD,1.0,instant_2025-01-26,reported,instant,,2025-01-26,2025-01-26,2026,,2026-02-25,10-K,0001045810-26-000021,edgar:0001045810-26-000021:f-166,c-12,http://www.nvidia.com/role/ConsolidatedBalanceSheets,"{""balance"": ""debit"", ""cik"": ""0001045810"", ""context_ref"": ""c-12"", ""period_instant"": ""2025-01-26"", ""period_key"": ""instant_2025-01-26"", ""preferred_sign"": 1.0, ""statement_role"": ""http://www.nvidia.com/role/ConsolidatedBalanceSheets"", ""statement_type"": ""BalanceSheet"", ""weight"": 1.0}",{},False,,edgar_xbrl
f-167,826e5cdcd14a88e077d025bc01b183fea50bb406d378fea23b7fcab466f1ce5a,NVDA,edgar,balance_sheet,us-gaap:Assets,Assets,assets,Total assets,206803000000,206803000000.0,usd,USD,1.0,instant_2026-01-25,reported,instant,,2026-01-25,2026-01-25,2026,,2026-02-25,10-K,0001045810-26-000021,edgar:0001045810-26-000021:f-167,c-11,http://www.nvidia.com/role/ConsolidatedBalanceSheets,"{""balance"": ""debit"", ""cik"": ""0001045810"", ""context_ref"": ""c-11"", ""period_instant"": ""2026-01-25"", ""period_key"": ""instant_2026-01-25"", ""preferred_sign"": 1.0, ""statement_role"": ""http://www.nvidia.com/role/ConsolidatedBalanceSheets"", ""statement_type"": ""BalanceSheet"", ""weight"": 1.0}",{},False,,edgar_xbrl
f-168,278e3b2bb9fc0488ff02488b1d576d7bf0a636f31dbfb8b9b2341cb85ebe2c46,NVDA,edgar,balance_sheet,us-gaap:Assets,Assets,assets,Total assets,111601000000,111601000000.0,usd,USD,1.0,instant_2025-01-26,reported,instant,,2025-01-26,2025-01-26,2026,,2026-02-25,10-K,0001045810-26-000021,edgar:0001045810-26-000021:f-168,c-12,http://www.nvidia.com/role/ConsolidatedBalanceSheets,"{""balance"": ""debit"", ""cik"": ""0001045810"", ""context_ref"": ""c-12"", ""period_instant"": ""2025-01-26"", ""period_key"": ""instant_2025-01-26"", ""preferred_sign"": 1.0, ""statement_role"": ""http://www.nvidia.com/role/ConsolidatedBalanceSheets"", ""statement_type"": ""BalanceSheet"", ""weight"": 1.0}",{},False,,edgar_xbrl
f-169,6546646489dce73ded6a9e07c8b9ed07adeecbd43698b837b326c47163e64e91,NVDA,edgar,balance_sheet,us-gaap:AccountsPayableCurrent,TradePayables,tradepayables,Accounts payable,9812000000,9812000000.0,usd,USD,1.0,instant_2026-01-25,reported,instant,,2026-01-25,2026-01-25,2026,,2026-02-25,10-K,0001045810-26-000021,edgar:0001045810-26-000021:f-169,c-11,http://www.nvidia.com/role/ConsolidatedBalanceSheets,"{""balance"": ""credit"", ""cik"": ""0001045810"", ""context_ref"": ""c-11"", ""period_instant"": ""2026-01-25"", ""period_key"": ""instant_2026-01-25"", ""preferred_sign"": 1.0, ""statement_role"": ""http://www.nvidia.com/role/ConsolidatedBalanceSheets"", ""statement_type"": ""BalanceSheet"", ""weight"": 1.0}",{},False,,edgar_xbrl
f-170,ec242be9a550fb0518a71b563bb44dd796ba9e1191278ecd18903658955b6bb8,NVDA,edgar,balance_sheet,us-gaap:AccountsPayableCurrent,TradePayables,tradepayables,Accounts payable,6310000000,6310000000.0,usd,USD,1.0,instant_2025-01-26,reported,instant,,2025-01-26,2025-01-26,2026,,2026-02-25,10-K,0001045810-26-000021,edgar:0001045810-26-000021:f-170,c-12,http://www.nvidia.com/role/ConsolidatedBalanceSheets,"{""balance"": ""credit"", ""cik"": ""0001045810"", ""context_ref"": ""c-12"", ""period_instant"": ""2025-01-26"", ""period_key"": ""instant_2025-01-26"", ""preferred_sign"": 1.0, ""statement_role"": ""http://www.nvidia.com/role/ConsolidatedBalanceSheets"", ""statement_type"": ""BalanceSheet"", ""weight"": 1.0}",{},False,,edgar_xbrl
f-173,acf12b440036633004af9bccf637ad118dd626bbe127fc8561f52dc05f831955,NVDA,edgar,balance_sheet,us-gaap:DebtCurrent,ShortTermDebt,shorttermdebt,Short-term debt,999000000,999000000.0,usd,USD,1.0,instant_2026-01-25,reported,instant,,2026-01-25,2026-01-25,2026,,2026-02-25,10-K,0001045810-26-000021,edgar:0001045810-26-000021:f-173,c-11,http://www.nvidia.com/role/ConsolidatedBalanceSheets,"{""cik"": ""0001045810"", ""context_ref"": ""c-11"", ""period_instant"": ""2026-01-25"", ""period_key"": ""instant_2026-01-25"", ""preferred_sign"": 1.0, ""statement_role"": ""http://www.nvidia.com/role/ConsolidatedBalanceSheets"", ""statement_type"": ""BalanceSheet"", ""weight"": 1.0}",{},False,,edgar_xbrl
f-174,032ce22b200607c9e9517594746d890554468493a65fc649736ae05e3b6bc7ff,NVDA,edgar,balance_sheet,us-gaap:DebtCurrent,ShortTermDebt,shorttermdebt,Short-term debt,0,0.0,usd,USD,1.0,instant_2025-01-26,reported,instant,,2025-01-26,2025-01-26,2026,,2026-02-25,10-K,0001045810-26-000021,edgar:0001045810-26-000021:f-174,c-12,http://www.nvidia.com/role/ConsolidatedBalanceSheets,"{""cik"": ""0001045810"", ""context_ref"": ""c-12"", ""period_instant"": ""2025-01-26"", ""period_key"": ""instant_2025-01-26"", ""preferred_sign"": 1.0, ""statement_role"": ""http://www.nvidia.com/role/ConsolidatedBalanceSheets"", ""statement_type"": ""BalanceSheet"", ""weight"": 1.0}",{},False,,edgar_xbrl
f-175,99c19c1998d8ab4432c7e71bd55c30b24ce4b8591977df6cd9baed11d44710e9,NVDA,edgar,balance_sheet,us-gaap:LiabilitiesCurrent,CurrentLiabilitiesTotal,currentliabilitiestotal,Total current liabilities,32163000000,32163000000.0,usd,USD,1.0,instant_2026-01-25,reported,instant,,2026-01-25,2026-01-25,2026,,2026-02-25,10-K,0001045810-26-000021,edgar:0001045810-26-000021:f-175,c-11,http://www.nvidia.com/role/ConsolidatedBalanceSheets,"{""balance"": ""credit"", ""cik"": ""0001045810"", ""context_ref"": ""c-11"", ""period_instant"": ""2026-01-25"", ""period_key"": ""instant_2026-01-25"", ""preferred_sign"": 1.0, ""statement_role"": ""http://www.nvidia.com/role/ConsolidatedBalanceSheets"", ""statement_type"": ""BalanceSheet"", ""weight"": 1.0}",{},False,,edgar_xbrl
f-176,a9255e9bf6c2eaa63f7ea5153e84ff944020eed1f8d0764d8751fcfcc44fd5b7,NVDA,edgar,balance_sheet,us-gaap:LiabilitiesCurrent,CurrentLiabilitiesTotal,currentliabilitiestotal,Total current liabilities,18047000000,18047000000.0,usd,USD,1.0,instant_2025-01-26,reported,instant,,2025-01-26,2025-01-26,2026,,2026-02-25,10-K,0001045810-26-000021,edgar:0001045810-26-000021:f-176,c-12,http://www.nvidia.com/role/ConsolidatedBalanceSheets,"{""balance"": ""credit"", ""cik"": ""0001045810"", ""context_ref"": ""c-12"", ""period_instant"": ""2025-01-26"", ""period_key"": ""instant_2025-01-26"", ""preferred_sign"": 1.0, ""statement_role"": ""http://www.nvidia.com/role/ConsolidatedBalanceSheets"", ""statement_type"": ""BalanceSheet"", ""weight"": 1.0}",{},False,,edgar_xbrl
f-180,f6f075fcb43c1e344bd987a2b79be33f509ebb1f140bcb0b492cfc1d078607bd,NVDA,edgar,balance_sheet,us-gaap:OperatingLeaseLiabilityNoncurrent,OperatingLeaseNonCurrentDebtEquivalent,operatingleasenoncurrentdebtequivalent,Long-term operating lease liabilities,1519000000,1519000000.0,usd,USD,1.0,instant_2025-01-26,reported,instant,,2025-01-26,2025-01-26,2026,,2026-02-25,10-K,0001045810-26-000021,edgar:0001045810-26-000021:f-180,c-12,http://www.nvidia.com/role/ConsolidatedBalanceSheets,"{""cik"": ""0001045810"", ""context_ref"": ""c-12"", ""period_instant"": ""2025-01-26"", ""period_key"": ""instant_2025-01-26"", ""preferred_sign"": 1.0, ""statement_role"": ""http://www.nvidia.com/role/ConsolidatedBalanceSheets"", ""statement_type"": ""BalanceSheet"", ""weight"": 1.0}",{},False,,edgar_xbrl
f-183,2da234fa310452e47b04e3a87df544e83b8526f52e0fab2ed753d456599d03f8,NVDA,edgar,balance_sheet,us-gaap:Liabilities,Liabilities,liabilities,Total liabilities,49510000000,49510000000.0,usd,USD,1.0,instant_2026-01-25,reported,instant,,2026-01-25,2026-01-25,2026,,2026-02-25,10-K,0001045810-26-000021,edgar:0001045810-26-000021:f-183,c-11,http://www.nvidia.com/role/ConsolidatedBalanceSheets,"{""balance"": ""credit"", ""cik"": ""0001045810"", ""context_ref"": ""c-11"", ""period_instant"": ""2026-01-25"", ""period_key"": ""instant_2026-01-25"", ""preferred_sign"": 1.0, ""statement_role"": ""http://www.nvidia.com/role/ConsolidatedBalanceSheets"", ""statement_type"": ""BalanceSheet"", ""weight"": 1.0}",{},False,,edgar_xbrl
f-184,e3d8da1cba6b3c06bf1126c79cb0c2ed57c8e5394063e025241fcdf5384ace92,NVDA,edgar,balance_sheet,us-gaap:Liabilities,Liabilities,liabilities,Total liabilities,32274000000,32274000000.0,usd,USD,1.0,instant_2025-01-26,reported,instant,,2025-01-26,2025-01-26,2026,,2026-02-25,10-K,0001045810-26-000021,edgar:0001045810-26-000021:f-184,c-12,http://www.nvidia.com/role/ConsolidatedBalanceSheets,"{""balance"": ""credit"", ""cik"": ""0001045810"", ""context_ref"": ""c-12"", ""period_instant"": ""2025-01-26"", ""period_key"": ""instant_2025-01-26"", ""preferred_sign"": 1.0, ""statement_role"": ""http://www.nvidia.com/role/ConsolidatedBalanceSheets"", ""statement_type"": ""BalanceSheet"", ""weight"": 1.0}",{},False,,edgar_xbrl
f-185,5ef60bd40709f4be4c5c53e048e0ffdab5daa08331d26ff0f3d5c23ed49b2b29,NVDA,edgar,balance_sheet,us-gaap:CommitmentsAndContingencies,,commitmentsandcontingencies,Commitments and contingencies - see Note 12,0,0.0,usd,USD,1.0,instant_2026-01-25,reported,instant,,2026-01-25,2026-01-25,2026,,2026-02-25,10-K,0001045810-26-000021,edgar:0001045810-26-000021:f-185,c-11,http://www.nvidia.com/role/ConsolidatedBalanceSheets,"{""cik"": ""0001045810"", ""context_ref"": ""c-11"", ""period_instant"": ""2026-01-25"", ""period_key"": ""instant_2026-01-25"", ""preferred_sign"": 1.0, ""statement_role"": ""http://www.nvidia.com/role/ConsolidatedBalanceSheets"", ""statement_type"": ""BalanceSheet"", ""weight"": 1.0}",{},False,,edgar_xbrl
f-186,4791bb156bf25cf3a32886f4cb9d1de7ef90528077073416e0a65ecff7765cf1,NVDA,edgar,balance_sheet,us-gaap:CommitmentsAndContingencies,,commitmentsandcontingencies,Commitments and contingencies - see Note 12,0,0.0,usd,USD,1.0,instant_2025-01-26,reported,instant,,2025-01-26,2025-01-26,2026,,2026-02-25,10-K,0001045810-26-000021,edgar:0001045810-26-000021:f-186,c-12,http://www.nvidia.com/role/ConsolidatedBalanceSheets,"{""cik"": ""0001045810"", ""context_ref"": ""c-12"", ""period_instant"": ""2025-01-26"", ""period_key"": ""instant_2025-01-26"", ""preferred_sign"": 1.0, ""statement_role"": ""http://www.nvidia.com/role/ConsolidatedBalanceSheets"", ""statement_type"": ""BalanceSheet"", ""weight"": 1.0}",{},False,,edgar_xbrl
f-193,3b8da09c41c336d73de6be9f74f372bd835b843971da5c7429ce684b47740345,NVDA,edgar,balance_sheet,us-gaap:PreferredStockValueOutstanding,PreferredStock,preferredstock,"Preferred stock, $0.001 par value; 2 shares authorized; none issued",0,0.0,usd,USD,1.0,instant_2026-01-25,reported,instant,,2026-01-25,2026-01-25,2026,,2026-02-25,10-K,0001045810-26-000021,edgar:0001045810-26-000021:f-193,c-11,http://www.nvidia.com/role/ConsolidatedBalanceSheets,"{""cik"": ""0001045810"", ""context_ref"": ""c-11"", ""period_instant"": ""2026-01-25"", ""period_key"": ""instant_2026-01-25"", ""preferred_sign"": 1.0, ""statement_role"": ""http://www.nvidia.com/role/ConsolidatedBalanceSheets"", ""statement_type"": ""BalanceSheet"", ""weight"": 1.0}",{},False,,edgar_xbrl
f-194,e972ecd7fd9d27c614bf2afc0f1351dc40ec163e389a44bc6405d6f127765dc8,NVDA,edgar,balance_sheet,us-gaap:PreferredStockValueOutstanding,PreferredStock,preferredstock,"Preferred stock, $0.001 par value; 2 shares authorized; none issued",0,0.0,usd,USD,1.0,instant_2025-01-26,reported,instant,,2025-01-26,2025-01-26,2026,,2026-02-25,10-K,0001045810-26-000021,edgar:0001045810-26-000021:f-194,c-12,http://www.nvidia.com/role/ConsolidatedBalanceSheets,"{""cik"": ""0001045810"", ""context_ref"": ""c-12"", ""period_instant"": ""2025-01-26"", ""period_key"": ""instant_2025-01-26"", ""preferred_sign"": 1.0, ""statement_role"": ""http://www.nvidia.com/role/ConsolidatedBalanceSheets"", ""statement_type"": ""BalanceSheet"", ""weight"": 1.0}",{},False,,edgar_xbrl
f-203,f1dfcac526dd3592bd74812ca232ac66eabf26b08a99fdf85e3453001b2fa3a4,NVDA,edgar,balance_sheet,us-gaap:CommonStockValue,CommonEquity,commonequity,"Common stock, $0.001 par value; 80,000 shares authorized; 24,304 shares issued and outstanding as of January 25, 2026; 24,477 shares issued and outstanding as of January 26, 2025",24000000,24000000.0,usd,USD,1.0,instant_2026-01-25,reported,instant,,2026-01-25,2026-01-25,2026,,2026-02-25,10-K,0001045810-26-000021,edgar:0001045810-26-000021:f-203,c-11,http://www.nvidia.com/role/ConsolidatedBalanceSheets,"{""balance"": ""credit"", ""cik"": ""0001045810"", ""context_ref"": ""c-11"", ""period_instant"": ""2026-01-25"", ""period_key"": ""instant_2026-01-25"", ""preferred_sign"": 1.0, ""statement_role"": ""http://www.nvidia.com/role/ConsolidatedBalanceSheets"", ""statement_type"": ""BalanceSheet"", ""weight"": 1.0}",{},False,,edgar_xbrl
f-204,485fa42d534fe89974c4e2b1550a5d3f22a8a00e966c77159111733322f1dad4,NVDA,edgar,balance_sheet,us-gaap:CommonStockValue,CommonEquity,commonequity,"Common stock, $0.001 par value; 80,000 shares authorized; 24,304 shares issued and outstanding as of January 25, 2026; 24,477 shares issued and outstanding as of January 26, 2025",24000000,24000000.0,usd,USD,1.0,instant_2025-01-26,reported,instant,,2025-01-26,2025-01-26,2026,,2026-02-25,10-K,0001045810-26-000021,edgar:0001045810-26-000021:f-204,c-12,http://www.nvidia.com/role/ConsolidatedBalanceSheets,"{""balance"": ""credit"", ""cik"": ""0001045810"", ""context_ref"": ""c-12"", ""period_instant"": ""2025-01-26"", ""period_key"": ""instant_2025-01-26"", ""preferred_sign"": 1.0, ""statement_role"": ""http://www.nvidia.com/role/ConsolidatedBalanceSheets"", ""statement_type"": ""BalanceSheet"", ""weight"": 1.0}",{},False,,edgar_xbrl
f-205,8af8536ca7c31c035f315b894ae3fc8bd95f9ddc5a432fa76aebc98408f40b2b,NVDA,edgar,balance_sheet,us-gaap:AdditionalPaidInCapital,AdditionalPaidInCapital,additionalpaidincapital,Additional paid-in capital,10118000000,10118000000.0,usd,USD,1.0,instant_2026-01-25,reported,instant,,2026-01-25,2026-01-25,2026,,2026-02-25,10-K,0001045810-26-000021,edgar:0001045810-26-000021:f-205,c-11,http://www.nvidia.com/role/ConsolidatedBalanceSheets,"{""balance"": ""credit"", ""cik"": ""0001045810"", ""context_ref"": ""c-11"", ""period_instant"": ""2026-01-25"", ""period_key"": ""instant_2026-01-25"", ""preferred_sign"": 1.0, ""statement_role"": ""http://www.nvidia.com/role/ConsolidatedBalanceSheets"", ""statement_type"": ""BalanceSheet"", ""weight"": 1.0}",{},False,,edgar_xbrl
f-206,6e4d1675575f4e16e07333bad56c0533dae0ab27d63f69dad9f92c6a8d7b8788,NVDA,edgar,balance_sheet,us-gaap:AdditionalPaidInCapital,AdditionalPaidInCapital,additionalpaidincapital,Additional paid-in capital,11237000000,11237000000.0,usd,USD,1.0,instant_2025-01-26,reported,instant,,2025-01-26,2025-01-26,2026,,2026-02-25,10-K,0001045810-26-000021,edgar:0001045810-26-000021:f-206,c-12,http://www.nvidia.com/role/ConsolidatedBalanceSheets,"{""balance"": ""credit"", ""cik"": ""0001045810"", ""context_ref"": ""c-12"", ""period_instant"": ""2025-01-26"", ""period_key"": ""instant_2025-01-26"", ""preferred_sign"": 1.0, ""statement_role"": ""http://www.nvidia.com/role/ConsolidatedBalanceSheets"", ""statement_type"": ""BalanceSheet"", ""weight"": 1.0}",{},False,,edgar_xbrl
f-207,9a01342d6f1a324839f1eb67ffce49feb965b46539f18316d17bab588b4816fe,NVDA,edgar,balance_sheet,us-gaap:AccumulatedOtherComprehensiveIncomeLossNetOfTax,AccumulatedOtherComprehensiveIncome,accumulatedothercomprehensiveincome,Accumulated other comprehensive income,178000000,178000000.0,usd,USD,1.0,instant_2026-01-25,reported,instant,,2026-01-25,2026-01-25,2026,,2026-02-25,10-K,0001045810-26-000021,edgar:0001045810-26-000021:f-207,c-11,http://www.nvidia.com/role/ConsolidatedBalanceSheets,"{""balance"": ""credit"", ""cik"": ""0001045810"", ""context_ref"": ""c-11"", ""period_instant"": ""2026-01-25"", ""period_key"": ""instant_2026-01-25"", ""preferred_sign"": 1.0, ""statement_role"": ""http://www.nvidia.com/role/ConsolidatedBalanceSheets"", ""statement_type"": ""BalanceSheet"", ""weight"": 1.0}",{},False,,edgar_xbrl
f-208,179a296e00c1c68dfb112d70dbff47e689825bb46a8e7496e77f30a2f7ac2b9b,NVDA,edgar,balance_sheet,us-gaap:AccumulatedOtherComprehensiveIncomeLossNetOfTax,AccumulatedOtherComprehensiveIncome,accumulatedothercomprehensiveincome,Accumulated other comprehensive income,28000000,28000000.0,usd,USD,1.0,instant_2025-01-26,reported,instant,,2025-01-26,2025-01-26,2026,,2026-02-25,10-K,0001045810-26-000021,edgar:0001045810-26-000021:f-208,c-12,http://www.nvidia.com/role/ConsolidatedBalanceSheets,"{""balance"": ""credit"", ""cik"": ""0001045810"", ""context_ref"": ""c-12"", ""period_instant"": ""2025-01-26"", ""period_key"": ""instant_2025-01-26"", ""preferred_sign"": 1.0, ""statement_role"": ""http://www.nvidia.com/role/ConsolidatedBalanceSheets"", ""statement_type"": ""BalanceSheet"", ""weight"": 1.0}",{},False,,edgar_xbrl
f-209,0e77dd04f9b8f875477b87b9517c1d71bc1a1e3ae4fecb72f616e5fd21c8d84d,NVDA,edgar,balance_sheet,us-gaap:RetainedEarningsAccumulatedDeficit,RetainedEarnings,retainedearnings,Retained earnings,146973000000,146973000000.0,usd,USD,1.0,instant_2026-01-25,reported,instant,,2026-01-25,2026-01-25,2026,,2026-02-25,10-K,0001045810-26-000021,edgar:0001045810-26-000021:f-209,c-11,http://www.nvidia.com/role/ConsolidatedBalanceSheets,"{""balance"": ""credit"", ""cik"": ""0001045810"", ""context_ref"": ""c-11"", ""period_instant"": ""2026-01-25"", ""period_key"": ""instant_2026-01-25"", ""preferred_sign"": 1.0, ""statement_role"": ""http://www.nvidia.com/role/ConsolidatedBalanceSheets"", ""statement_type"": ""BalanceSheet"", ""weight"": 1.0}",{},False,,edgar_xbrl
f-210,957d643f54be92768ad3dd1a8b48744e8110e04ac5caaeb040d3b06339a800e4,NVDA,edgar,balance_sheet,us-gaap:RetainedEarningsAccumulatedDeficit,RetainedEarnings,retainedearnings,Retained earnings,68038000000,68038000000.0,usd,USD,1.0,instant_2025-01-26,reported,instant,,2025-01-26,2025-01-26,2026,,2026-02-25,10-K,0001045810-26-000021,edgar:0001045810-26-000021:f-210,c-12,http://www.nvidia.com/role/ConsolidatedBalanceSheets,"{""balance"": ""credit"", ""cik"": ""0001045810"", ""context_ref"": ""c-12"", ""period_instant"": ""2025-01-26"", ""period_key"": ""instant_2025-01-26"", ""preferred_sign"": 1.0, ""statement_role"": ""http://www.nvidia.com/role/ConsolidatedBalanceSheets"", ""statement_type"": ""BalanceSheet"", ""weight"": 1.0}",{},False,,edgar_xbrl
f-213,812a15745db4d459df7638e1cb7cd52eeef9b3e1669fd2ae43b35971c1d6f6e7,NVDA,edgar,balance_sheet,us-gaap:LiabilitiesAndStockholdersEquity,LiabilitiesAndEquity,liabilitiesandequity,Total liabilities and shareholders' equity,206803000000,206803000000.0,usd,USD,1.0,instant_2026-01-25,reported,instant,,2026-01-25,2026-01-25,2026,,2026-02-25,10-K,0001045810-26-000021,edgar:0001045810-26-000021:f-213,c-11,http://www.nvidia.com/role/ConsolidatedBalanceSheets,"{""balance"": ""credit"", ""cik"": ""0001045810"", ""context_ref"": ""c-11"", ""period_instant"": ""2026-01-25"", ""period_key"": ""instant_2026-01-25"", ""preferred_sign"": 1.0, ""statement_role"": ""http://www.nvidia.com/role/ConsolidatedBalanceSheets"", ""statement_type"": ""BalanceSheet"", ""weight"": 1.0}",{},False,,edgar_xbrl
f-214,92eaa3d584704796cbc028abfb17594b12de07ddab711564a13fb01d439185fb,NVDA,edgar,balance_sheet,us-gaap:LiabilitiesAndStockholdersEquity,LiabilitiesAndEquity,liabilitiesandequity,Total liabilities and shareholders' equity,111601000000,111601000000.0,usd,USD,1.0,instant_2025-01-26,reported,instant,,2025-01-26,2025-01-26,2026,,2026-02-25,10-K,0001045810-26-000021,edgar:0001045810-26-000021:f-214,c-12,http://www.nvidia.com/role/ConsolidatedBalanceSheets,"{""balance"": ""credit"", ""cik"": ""0001045810"", ""context_ref"": ""c-12"", ""period_instant"": ""2025-01-26"", ""period_key"": ""instant_2025-01-26"", ""preferred_sign"": 1.0, ""statement_role"": ""http://www.nvidia.com/role/ConsolidatedBalanceSheets"", ""statement_type"": ""BalanceSheet"", ""weight"": 1.0}",{},False,,edgar_xbrl
f-216,3399f8f9f676b061750d1cc8ed66115a89f76b93b20371523be80a4ebc35e8f4,NVDA,edgar,balance_sheet,us-gaap:StockholdersEquity,AllEquityBalance,allequitybalance,Total shareholders' equity,25000000,25000000.0,usd,USD,1.0,instant_2023-01-29,reported,instant,,2023-01-29,2023-01-29,2024,,2026-02-25,10-K,0001045810-26-000021,edgar:0001045810-26-000021:f-216,c-13,http://www.nvidia.com/role/ConsolidatedBalanceSheets,"{""balance"": ""credit"", ""cik"": ""0001045810"", ""context_ref"": ""c-13"", ""period_instant"": ""2023-01-29"", ""period_key"": ""instant_2023-01-29"", ""preferred_sign"": 1.0, ""statement_role"": ""http://www.nvidia.com/role/ConsolidatedBalanceSheets"", ""statement_type"": ""BalanceSheet"", ""weight"": 1.0}","{""us-gaap_StatementEquityComponentsAxis"": ""us-gaap:CommonStockMember""}",False,,edgar_xbrl
f-217,c68a3cdc417a4801c064367438a2e88bce3afe8eb94a90555c57c7ac1dbb6dd9,NVDA,edgar,balance_sheet,us-gaap:StockholdersEquity,AllEquityBalance,allequitybalance,Total shareholders' equity,11948000000,11948000000.0,usd,USD,1.0,instant_2023-01-29,reported,instant,,2023-01-29,2023-01-29,2024,,2026-02-25,10-K,0001045810-26-000021,edgar:0001045810-26-000021:f-217,c-14,http://www.nvidia.com/role/ConsolidatedBalanceSheets,"{""balance"": ""credit"", ""cik"": ""0001045810"", ""context_ref"": ""c-14"", ""period_instant"": ""2023-01-29"", ""period_key"": ""instant_2023-01-29"", ""preferred_sign"": 1.0, ""statement_role"": ""http://www.nvidia.com/role/ConsolidatedBalanceSheets"", ""statement_type"": ""BalanceSheet"", ""weight"": 1.0}","{""us-gaap_StatementEquityComponentsAxis"": ""us-gaap:AdditionalPaidInCapitalMember""}",False,,edgar_xbrl
f-218,3872d7f398975b56b3f8a4cee73d2833802837d8afb240c82c487b7bcb723e6c,NVDA,edgar,balance_sheet,us-gaap:StockholdersEquity,AllEquityBalance,allequitybalance,Total shareholders' equity,-43000000,-43000000.0,usd,USD,1.0,instant_2023-01-29,reported,instant,,2023-01-29,2023-01-29,2024,,2026-02-25,10-K,0001045810-26-000021,edgar:0001045810-26-000021:f-218,c-15,http://www.nvidia.com/role/ConsolidatedBalanceSheets,"{""balance"": ""credit"", ""cik"": ""0001045810"", ""context_ref"": ""c-15"", ""period_instant"": ""2023-01-29"", ""period_key"": ""instant_2023-01-29"", ""preferred_sign"": 1.0, ""statement_role"": ""http://www.nvidia.com/role/ConsolidatedBalanceSheets"", ""statement_type"": ""BalanceSheet"", ""weight"": 1.0}","{""us-gaap_StatementEquityComponentsAxis"": ""us-gaap:AccumulatedOtherComprehensiveIncomeMember""}",False,,edgar_xbrl
f-219,5e63d02713b0869b91b1b6a1cf2e9de1feeb6dcecdc9e9ecf1218e6376dd44c8,NVDA,edgar,balance_sheet,us-gaap:StockholdersEquity,AllEquityBalance,allequitybalance,Total shareholders' equity,10171000000,10171000000.0,usd,USD,1.0,instant_2023-01-29,reported,instant,,2023-01-29,2023-01-29,2024,,2026-02-25,10-K,0001045810-26-000021,edgar:0001045810-26-000021:f-219,c-16,http://www.nvidia.com/role/ConsolidatedBalanceSheets,"{""balance"": ""credit"", ""cik"": ""0001045810"", ""context_ref"": ""c-16"", ""period_instant"": ""2023-01-29"", ""period_key"": ""instant_2023-01-29"", ""preferred_sign"": 1.0, ""statement_role"": ""http://www.nvidia.com/role/ConsolidatedBalanceSheets"", ""statement_type"": ""BalanceSheet"", ""weight"": 1.0}","{""us-gaap_StatementEquityComponentsAxis"": ""us-gaap:RetainedEarningsMember""}",False,,edgar_xbrl
f-220,933e4505e8ce0efdad17b0c82dab14abbfc3c2ca662174cab7e0d7ca3a2e7056,NVDA,edgar,balance_sheet,us-gaap:StockholdersEquity,AllEquityBalance,allequitybalance,Total shareholders' equity,22101000000,22101000000.0,usd,USD,1.0,instant_2023-01-29,reported,instant,,2023-01-29,2023-01-29,2024,,2026-02-25,10-K,0001045810-26-000021,edgar:0001045810-26-000021:f-220,c-17,http://www.nvidia.com/role/ConsolidatedBalanceSheets,"{""balance"": ""credit"", ""cik"": ""0001045810"", ""context_ref"": ""c-17"", ""period_instant"": ""2023-01-29"", ""period_key"": ""instant_2023-01-29"", ""preferred_sign"": 1.0, ""statement_role"": ""http://www.nvidia.com/role/ConsolidatedBalanceSheets"", ""statement_type"": ""BalanceSheet"", ""weight"": 1.0}",{},False,,edgar_xbrl
f-241,1530984c8dbee8f2b7505a0809146bc475740c28a2034b60c6c3f78741e99039,NVDA,edgar,balance_sheet,us-gaap:StockholdersEquity,AllEquityBalance,allequitybalance,Total shareholders' equity,25000000,25000000.0,usd,USD,1.0,instant_2024-01-28,reported,instant,,2024-01-28,2024-01-28,2025,,2026-02-25,10-K,0001045810-26-000021,edgar:0001045810-26-000021:f-241,c-22,http://www.nvidia.com/role/ConsolidatedBalanceSheets,"{""balance"": ""credit"", ""cik"": ""0001045810"", ""context_ref"": ""c-22"", ""period_instant"": ""2024-01-28"", ""period_key"": ""instant_2024-01-28"", ""preferred_sign"": 1.0, ""statement_role"": ""http://www.nvidia.com/role/ConsolidatedBalanceSheets"", ""statement_type"": ""BalanceSheet"", ""weight"": 1.0}","{""us-gaap_StatementEquityComponentsAxis"": ""us-gaap:CommonStockMember""}",False,,edgar_xbrl
f-242,9b262de7ae1747ce72768f15d7bd074bd4f325661fb09b2ce591d5437c100ea0,NVDA,edgar,balance_sheet,us-gaap:StockholdersEquity,AllEquityBalance,allequitybalance,Total shareholders' equity,13109000000,13109000000.0,usd,USD,1.0,instant_2024-01-28,reported,instant,,2024-01-28,2024-01-28,2025,,2026-02-25,10-K,0001045810-26-000021,edgar:0001045810-26-000021:f-242,c-23,http://www.nvidia.com/role/ConsolidatedBalanceSheets,"{""balance"": ""credit"", ""cik"": ""0001045810"", ""context_ref"": ""c-23"", ""period_instant"": ""2024-01-28"", ""period_key"": ""instant_2024-01-28"", ""preferred_sign"": 1.0, ""statement_role"": ""http://www.nvidia.com/role/ConsolidatedBalanceSheets"", ""statement_type"": ""BalanceSheet"", ""weight"": 1.0}","{""us-gaap_StatementEquityComponentsAxis"": ""us-gaap:AdditionalPaidInCapitalMember""}",False,,edgar_xbrl
f-243,84416be28ea0df1ff20b3e911e4cc8e3c9dec5fa640762bf17951d86445eafc9,NVDA,edgar,balance_sheet,us-gaap:StockholdersEquity,AllEquityBalance,allequitybalance,Total shareholders' equity,27000000,27000000.0,usd,USD,1.0,instant_2024-01-28,reported,instant,,2024-01-28,2024-01-28,2025,,2026-02-25,10-K,0001045810-26-000021,edgar:0001045810-26-000021:f-243,c-24,http://www.nvidia.com/role/ConsolidatedBalanceSheets,"{""balance"": ""credit"", ""cik"": ""0001045810"", ""context_ref"": ""c-24"", ""period_instant"": ""2024-01-28"", ""period_key"": ""instant_2024-01-28"", ""preferred_sign"": 1.0, ""statement_role"": ""http://www.nvidia.com/role/ConsolidatedBalanceSheets"", ""statement_type"": ""BalanceSheet"", ""weight"": 1.0}","{""us-gaap_StatementEquityComponentsAxis"": ""us-gaap:AccumulatedOtherComprehensiveIncomeMember""}",False,,edgar_xbrl
f-244,a8b2325668403d0752b76515e743d3ea56e543947cd974c3cc911df2e3f9a442,NVDA,edgar,balance_sheet,us-gaap:StockholdersEquity,AllEquityBalance,allequitybalance,Total shareholders' equity,29817000000,29817000000.0,usd,USD,1.0,instant_2024-01-28,reported,instant,,2024-01-28,2024-01-28,2025,,2026-02-25,10-K,0001045810-26-000021,edgar:0001045810-26-000021:f-244,c-25,http://www.nvidia.com/role/ConsolidatedBalanceSheets,"{""balance"": ""credit"", ""cik"": ""0001045810"", ""context_ref"": ""c-25"", ""period_instant"": ""2024-01-28"", ""period_key"": ""instant_2024-01-28"", ""preferred_sign"": 1.0, ""statement_role"": ""http://www.nvidia.com/role/ConsolidatedBalanceSheets"", ""statement_type"": ""BalanceSheet"", ""weight"": 1.0}","{""us-gaap_StatementEquityComponentsAxis"": ""us-gaap:RetainedEarningsMember""}",False,,edgar_xbrl
f-245,aab1dfe3c6d4bad1452d54cb2b5d895c88bda34aef6a2fe867a1bd7ac24f3a0a,NVDA,edgar,balance_sheet,us-gaap:StockholdersEquity,AllEquityBalance,allequitybalance,Total shareholders' equity,42978000000,42978000000.0,usd,USD,1.0,instant_2024-01-28,reported,instant,,2024-01-28,2024-01-28,2025,,2026-02-25,10-K,0001045810-26-000021,edgar:0001045810-26-000021:f-245,c-26,http://www.nvidia.com/role/ConsolidatedBalanceSheets,"{""balance"": ""credit"", ""cik"": ""0001045810"", ""context_ref"": ""c-26"", ""period_instant"": ""2024-01-28"", ""period_key"": ""instant_2024-01-28"", ""preferred_sign"": 1.0, ""statement_role"": ""http://www.nvidia.com/role/ConsolidatedBalanceSheets"", ""statement_type"": ""BalanceSheet"", ""weight"": 1.0}",{},False,,edgar_xbrl
f-267,2897f28be94a3e1b52f79de605f0a424731e004790604bb6f3792490b05aa520,NVDA,edgar,balance_sheet,us-gaap:StockholdersEquity,AllEquityBalance,allequitybalance,Total shareholders' equity,24000000,24000000.0,usd,USD,1.0,instant_2025-01-26,reported,instant,,2025-01-26,2025-01-26,2026,,2026-02-25,10-K,0001045810-26-000021,edgar:0001045810-26-000021:f-267,c-31,http://www.nvidia.com/role/ConsolidatedBalanceSheets,"{""balance"": ""credit"", ""cik"": ""0001045810"", ""context_ref"": ""c-31"", ""period_instant"": ""2025-01-26"", ""period_key"": ""instant_2025-01-26"", ""preferred_sign"": 1.0, ""statement_role"": ""http://www.nvidia.com/role/ConsolidatedBalanceSheets"", ""statement_type"": ""BalanceSheet"", ""weight"": 1.0}","{""us-gaap_StatementEquityComponentsAxis"": ""us-gaap:CommonStockMember""}",False,,edgar_xbrl
f-268,83299506a0e1e4881317a4b22991e5e8ac6b5f3c8d0478c28848e5b254d117be,NVDA,edgar,balance_sheet,us-gaap:StockholdersEquity,AllEquityBalance,allequitybalance,Total shareholders' equity,11237000000,11237000000.0,usd,USD,1.0,instant_2025-01-26,reported,instant,,2025-01-26,2025-01-26,2026,,2026-02-25,10-K,0001045810-26-000021,edgar:0001045810-26-000021:f-268,c-32,http://www.nvidia.com/role/ConsolidatedBalanceSheets,"{""balance"": ""credit"", ""cik"": ""0001045810"", ""context_ref"": ""c-32"", ""period_instant"": ""2025-01-26"", ""period_key"": ""instant_2025-01-26"", ""preferred_sign"": 1.0, ""statement_role"": ""http://www.nvidia.com/role/ConsolidatedBalanceSheets"", ""statement_type"": ""BalanceSheet"", ""weight"": 1.0}","{""us-gaap_StatementEquityComponentsAxis"": ""us-gaap:AdditionalPaidInCapitalMember""}",False,,edgar_xbrl
f-269,138f77ae8d887a2618beffe9cd2a1dbf58c53b50490433d3046fa56d91e7f124,NVDA,edgar,balance_sheet,us-gaap:StockholdersEquity,AllEquityBalance,allequitybalance,Total shareholders' equity,28000000,28000000.0,usd,USD,1.0,instant_2025-01-26,reported,instant,,2025-01-26,2025-01-26,2026,,2026-02-25,10-K,0001045810-26-000021,edgar:0001045810-26-000021:f-269,c-33,http://www.nvidia.com/role/ConsolidatedBalanceSheets,"{""balance"": ""credit"", ""cik"": ""0001045810"", ""context_ref"": ""c-33"", ""period_instant"": ""2025-01-26"", ""period_key"": ""instant_2025-01-26"", ""preferred_sign"": 1.0, ""statement_role"": ""http://www.nvidia.com/role/ConsolidatedBalanceSheets"", ""statement_type"": ""BalanceSheet"", ""weight"": 1.0}","{""us-gaap_StatementEquityComponentsAxis"": ""us-gaap:AccumulatedOtherComprehensiveIncomeMember""}",False,,edgar_xbrl
f-270,1b0107cd1b962a015094dee68e8e57fc4f24008d69519d9768a7dc935a29a1e8,NVDA,edgar,balance_sheet,us-gaap:StockholdersEquity,AllEquityBalance,allequitybalance,Total shareholders' equity,68038000000,68038000000.0,usd,USD,1.0,instant_2025-01-26,reported,instant,,2025-01-26,2025-01-26,2026,,2026-02-25,10-K,0001045810-26-000021,edgar:0001045810-26-000021:f-270,c-34,http://www.nvidia.com/role/ConsolidatedBalanceSheets,"{""balance"": ""credit"", ""cik"": ""0001045810"", ""context_ref"": ""c-34"", ""period_instant"": ""2025-01-26"", ""period_key"": ""instant_2025-01-26"", ""preferred_sign"": 1.0, ""statement_role"": ""http://www.nvidia.com/role/ConsolidatedBalanceSheets"", ""statement_type"": ""BalanceSheet"", ""weight"": 1.0}","{""us-gaap_StatementEquityComponentsAxis"": ""us-gaap:RetainedEarningsMember""}",False,,edgar_xbrl
f-212,ae174e10c2975f1d0d0fb80c73ef046737fe47574410b9765969491fea4d6e3a,NVDA,edgar,balance_sheet,us-gaap:StockholdersEquity,AllEquityBalance,allequitybalance,Total shareholders' equity,79327000000,79327000000.0,usd,USD,1.0,instant_2025-01-26,reported,instant,,2025-01-26,2025-01-26,2026,,2026-02-25,10-K,0001045810-26-000021,edgar:0001045810-26-000021:f-212,c-12,http://www.nvidia.com/role/ConsolidatedBalanceSheets,"{""balance"": ""credit"", ""cik"": ""0001045810"", ""context_ref"": ""c-12"", ""period_instant"": ""2025-01-26"", ""period_key"": ""instant_2025-01-26"", ""preferred_sign"": 1.0, ""statement_role"": ""http://www.nvidia.com/role/ConsolidatedBalanceSheets"", ""statement_type"": ""BalanceSheet"", ""weight"": 1.0}",{},False,,edgar_xbrl
f-294,dc29288a8145751d1df09bbeaf60f21c2dbac9382c1a6826dcd46c724d22c99d,NVDA,edgar,balance_sheet,us-gaap:StockholdersEquity,AllEquityBalance,allequitybalance,Total shareholders' equity,24000000,24000000.0,usd,USD,1.0,instant_2026-01-25,reported,instant,,2026-01-25,2026-01-25,2026,,2026-02-25,10-K,0001045810-26-000021,edgar:0001045810-26-000021:f-294,c-39,http://www.nvidia.com/role/ConsolidatedBalanceSheets,"{""balance"": ""credit"", ""cik"": ""0001045810"", ""context_ref"": ""c-39"", ""period_instant"": ""2026-01-25"", ""period_key"": ""instant_2026-01-25"", ""preferred_sign"": 1.0, ""statement_role"": ""http://www.nvidia.com/role/ConsolidatedBalanceSheets"", ""statement_type"": ""BalanceSheet"", ""weight"": 1.0}","{""us-gaap_StatementEquityComponentsAxis"": ""us-gaap:CommonStockMember""}",False,,edgar_xbrl
f-295,afcecbccaabed10b1ba65fbd63301be370413f634a2e02a1bd9ef5cdf404e83d,NVDA,edgar,balance_sheet,us-gaap:StockholdersEquity,AllEquityBalance,allequitybalance,Total shareholders' equity,10118000000,10118000000.0,usd,USD,1.0,instant_2026-01-25,reported,instant,,2026-01-25,2026-01-25,2026,,2026-02-25,10-K,0001045810-26-000021,edgar:0001045810-26-000021:f-295,c-40,http://www.nvidia.com/role/ConsolidatedBalanceSheets,"{""balance"": ""credit"", ""cik"": ""0001045810"", ""context_ref"": ""c-40"", ""period_instant"": ""2026-01-25"", ""period_key"": ""instant_2026-01-25"", ""preferred_sign"": 1.0, ""statement_role"": ""http://www.nvidia.com/role/ConsolidatedBalanceSheets"", ""statement_type"": ""BalanceSheet"", ""weight"": 1.0}","{""us-gaap_StatementEquityComponentsAxis"": ""us-gaap:AdditionalPaidInCapitalMember""}",False,,edgar_xbrl
f-296,5546f302f7dec67bee490e018d5803ce95f01556d4f8dc7fddc282cf1fc19366,NVDA,edgar,balance_sheet,us-gaap:StockholdersEquity,AllEquityBalance,allequitybalance,Total shareholders' equity,178000000,178000000.0,usd,USD,1.0,instant_2026-01-25,reported,instant,,2026-01-25,2026-01-25,2026,,2026-02-25,10-K,0001045810-26-000021,edgar:0001045810-26-000021:f-296,c-41,http://www.nvidia.com/role/ConsolidatedBalanceSheets,"{""balance"": ""credit"", ""cik"": ""0001045810"", ""context_ref"": ""c-41"", ""period_instant"": ""2026-01-25"", ""period_key"": ""instant_2026-01-25"", ""preferred_sign"": 1.0, ""statement_role"": ""http://www.nvidia.com/role/ConsolidatedBalanceSheets"", ""statement_type"": ""BalanceSheet"", ""weight"": 1.0}","{""us-gaap_StatementEquityComponentsAxis"": ""us-gaap:AccumulatedOtherComprehensiveIncomeMember""}",False,,edgar_xbrl
f-297,a265453292dce95a2f90df9464a43d0b352b684f1464375c7a2060d57a66d82c,NVDA,edgar,balance_sheet,us-gaap:StockholdersEquity,AllEquityBalance,allequitybalance,Total shareholders' equity,146973000000,146973000000.0,usd,USD,1.0,instant_2026-01-25,reported,instant,,2026-01-25,2026-01-25,2026,,2026-02-25,10-K,0001045810-26-000021,edgar:0001045810-26-000021:f-297,c-42,http://www.nvidia.com/role/ConsolidatedBalanceSheets,"{""balance"": ""credit"", ""cik"": ""0001045810"", ""context_ref"": ""c-42"", ""period_instant"": ""2026-01-25"", ""period_key"": ""instant_2026-01-25"", ""preferred_sign"": 1.0, ""statement_role"": ""http://www.nvidia.com/role/ConsolidatedBalanceSheets"", ""statement_type"": ""BalanceSheet"", ""weight"": 1.0}","{""us-gaap_StatementEquityComponentsAxis"": ""us-gaap:RetainedEarningsMember""}",False,,edgar_xbrl
f-211,3d506237cc4ba1dd31a1c4610ccca1c9e17e3a25bb3507518a6edeb0b76e605f,NVDA,edgar,balance_sheet,us-gaap:StockholdersEquity,AllEquityBalance,allequitybalance,Total shareholders' equity,157293000000,157293000000.0,usd,USD,1.0,instant_2026-01-25,reported,instant,,2026-01-25,2026-01-25,2026,,2026-02-25,10-K,0001045810-26-000021,edgar:0001045810-26-000021:f-211,c-11,http://www.nvidia.com/role/ConsolidatedBalanceSheets,"{""balance"": ""credit"", ""cik"": ""0001045810"", ""context_ref"": ""c-11"", ""period_instant"": ""2026-01-25"", ""period_key"": ""instant_2026-01-25"", ""preferred_sign"": 1.0, ""statement_role"": ""http://www.nvidia.com/role/ConsolidatedBalanceSheets"", ""statement_type"": ""BalanceSheet"", ""weight"": 1.0}",{},False,,edgar_xbrl
f-437,97c2794e83cfb2c7ad908cffc9f8d96901d6da2247af51422a25b61b15a89856,NVDA,edgar,balance_sheet,us-gaap:Goodwill,Goodwill,goodwill,Goodwill,14400000000,14400000000.0,usd,USD,1.0,instant_2025-12-31,reported,instant,,2025-12-31,2025-12-31,2026,,2026-02-25,10-K,0001045810-26-000021,edgar:0001045810-26-000021:f-437,c-48,http://www.nvidia.com/role/ConsolidatedBalanceSheets,"{""balance"": ""debit"", ""cik"": ""0001045810"", ""context_ref"": ""c-48"", ""period_instant"": ""2025-12-31"", ""period_key"": ""instant_2025-12-31"", ""preferred_sign"": 1.0, ""statement_role"": ""http://www.nvidia.com/role/ConsolidatedBalanceSheets"", ""statement_type"": ""BalanceSheet"", ""weight"": 1.0}","{""us-gaap_BusinessAcquisitionAxis"": ""nvda:GroqInc.NonExclusiveLicenseAgreementMember""}",False,,edgar_xbrl
f-157,13068459efde1df482f395fe6afb96b93220e835d494897d3207dcd4cb1ab338,NVDA,edgar,balance_sheet,us-gaap:Goodwill,Goodwill,goodwill,Goodwill,20832000000,20832000000.0,usd,USD,1.0,instant_2026-01-25,reported,instant,,2026-01-25,2026-01-25,2026,,2026-02-25,10-K,0001045810-26-000021,edgar:0001045810-26-000021:f-157,c-11,http://www.nvidia.com/role/ConsolidatedBalanceSheets,"{""balance"": ""debit"", ""cik"": ""0001045810"", ""context_ref"": ""c-11"", ""period_instant"": ""2026-01-25"", ""period_key"": ""instant_2026-01-25"", ""preferred_sign"": 1.0, ""statement_role"": ""http://www.nvidia.com/role/ConsolidatedBalanceSheets"", ""statement_type"": ""BalanceSheet"", ""weight"": 1.0}",{},False,,edgar_xbrl
f-554,6b6b2fe8121dca07b2596e3c3f2338106b3aa6a6730324a6ef4150a77e7c1271,NVDA,edgar,balance_sheet,us-gaap:Goodwill,Goodwill,goodwill,Goodwill,20800000000,20800000000.0,usd,USD,1.0,instant_2026-01-25,reported,instant,,2026-01-25,2026-01-25,2026,,2026-02-25,10-K,0001045810-26-000021,edgar:0001045810-26-000021:f-554,c-11,http://www.nvidia.com/role/ConsolidatedBalanceSheets,"{""balance"": ""debit"", ""cik"": ""0001045810"", ""context_ref"": ""c-11"", ""period_instant"": ""2026-01-25"", ""period_key"": ""instant_2026-01-25"", ""preferred_sign"": 1.0, ""statement_role"": ""http://www.nvidia.com/role/ConsolidatedBalanceSheets"", ""statement_type"": ""BalanceSheet"", ""weight"": 1.0}",{},False,,edgar_xbrl
f-555,af505431a6b6c5375a8c69fba554db193b72891503141642fa5805a094fad044,NVDA,edgar,balance_sheet,us-gaap:Goodwill,Goodwill,goodwill,Goodwill,20500000000,20500000000.0,usd,USD,1.0,instant_2026-01-25,reported,instant,,2026-01-25,2026-01-25,2026,,2026-02-25,10-K,0001045810-26-000021,edgar:0001045810-26-000021:f-555,c-79,http://www.nvidia.com/role/ConsolidatedBalanceSheets,"{""balance"": ""debit"", ""cik"": ""0001045810"", ""context_ref"": ""c-79"", ""period_instant"": ""2026-01-25"", ""period_key"": ""instant_2026-01-25"", ""preferred_sign"": 1.0, ""statement_role"": ""http://www.nvidia.com/role/ConsolidatedBalanceSheets"", ""statement_type"": ""BalanceSheet"", ""weight"": 1.0}","{""us-gaap_StatementBusinessSegmentsAxis"": ""nvda:ComputeAndNetworkingSegmentMember""}",False,,edgar_xbrl
f-556,53ddd1e68c376bdb8a6b35e7987fe5d6fa5a547046539e134819376ca77b3087,NVDA,edgar,balance_sheet,us-gaap:Goodwill,Goodwill,goodwill,Goodwill,370000000,370000000.0,usd,USD,1.0,instant_2026-01-25,reported,instant,,2026-01-25,2026-01-25,2026,,2026-02-25,10-K,0001045810-26-000021,edgar:0001045810-26-000021:f-556,c-80,http://www.nvidia.com/role/ConsolidatedBalanceSheets,"{""balance"": ""debit"", ""cik"": ""0001045810"", ""context_ref"": ""c-80"", ""period_instant"": ""2026-01-25"", ""period_key"": ""instant_2026-01-25"", ""preferred_sign"": 1.0, ""statement_role"": ""http://www.nvidia.com/role/ConsolidatedBalanceSheets"", ""statement_type"": ""BalanceSheet"", ""weight"": 1.0}","{""us-gaap_StatementBusinessSegmentsAxis"": ""nvda:GraphicsSegmentMember""}",False,,edgar_xbrl
f-158,91b597c7c0b834460be685f77a9e5f3f5469d048846c2ca0494584fcbcc861f8,NVDA,edgar,balance_sheet,us-gaap:Goodwill,Goodwill,goodwill,Goodwill,5188000000,5188000000.0,usd,USD,1.0,instant_2025-01-26,reported,instant,,2025-01-26,2025-01-26,2026,,2026-02-25,10-K,0001045810-26-000021,edgar:0001045810-26-000021:f-158,c-12,http://www.nvidia.com/role/ConsolidatedBalanceSheets,"{""balance"": ""debit"", ""cik"": ""0001045810"", ""context_ref"": ""c-12"", ""period_instant"": ""2025-01-26"", ""period_key"": ""instant_2025-01-26"", ""preferred_sign"": 1.0, ""statement_role"": ""http://www.nvidia.com/role/ConsolidatedBalanceSheets"", ""statement_type"": ""BalanceSheet"", ""weight"": 1.0}",{},False,,edgar_xbrl
f-557,92b924034e5bb6de258cc0b70fcc9245643e589e5eec8213cb0dad26703432ad,NVDA,edgar,balance_sheet,us-gaap:Goodwill,Goodwill,goodwill,Goodwill,5200000000,5200000000.0,usd,USD,1.0,instant_2025-01-26,reported,instant,,2025-01-26,2025-01-26,2026,,2026-02-25,10-K,0001045810-26-000021,edgar:0001045810-26-000021:f-557,c-12,http://www.nvidia.com/role/ConsolidatedBalanceSheets,"{""balance"": ""debit"", ""cik"": ""0001045810"", ""context_ref"": ""c-12"", ""period_instant"": ""2025-01-26"", ""period_key"": ""instant_2025-01-26"", ""preferred_sign"": 1.0, ""statement_role"": ""http://www.nvidia.com/role/ConsolidatedBalanceSheets"", ""statement_type"": ""BalanceSheet"", ""weight"": 1.0}",{},False,,edgar_xbrl
f-558,97712f62fec4a1853fe0bd4fee4cfcba04ff52b12d0a776dcb54b4725600f304,NVDA,edgar,balance_sheet,us-gaap:Goodwill,Goodwill,goodwill,Goodwill,4800000000,4800000000.0,usd,USD,1.0,instant_2025-01-26,reported,instant,,2025-01-26,2025-01-26,2026,,2026-02-25,10-K,0001045810-26-000021,edgar:0001045810-26-000021:f-558,c-81,http://www.nvidia.com/role/ConsolidatedBalanceSheets,"{""balance"": ""debit"", ""cik"": ""0001045810"", ""context_ref"": ""c-81"", ""period_instant"": ""2025-01-26"", ""period_key"": ""instant_2025-01-26"", ""preferred_sign"": 1.0, ""statement_role"": ""http://www.nvidia.com/role/ConsolidatedBalanceSheets"", ""statement_type"": ""BalanceSheet"", ""weight"": 1.0}","{""us-gaap_StatementBusinessSegmentsAxis"": ""nvda:ComputeAndNetworkingSegmentMember""}",False,,edgar_xbrl
f-559,840eb04d863faffef54e1c679370898d18f47c3741f5144fc2591ce665fefff3,NVDA,edgar,balance_sheet,us-gaap:Goodwill,Goodwill,goodwill,Goodwill,370000000,370000000.0,usd,USD,1.0,instant_2025-01-26,reported,instant,,2025-01-26,2025-01-26,2026,,2026-02-25,10-K,0001045810-26-000021,edgar:0001045810-26-000021:f-559,c-82,http://www.nvidia.com/role/ConsolidatedBalanceSheets,"{""balance"": ""debit"", ""cik"": ""0001045810"", ""context_ref"": ""c-82"", ""period_instant"": ""2025-01-26"", ""period_key"": ""instant_2025-01-26"", ""preferred_sign"": 1.0, ""statement_role"": ""http://www.nvidia.com/role/ConsolidatedBalanceSheets"", ""statement_type"": ""BalanceSheet"", ""weight"": 1.0}","{""us-gaap_StatementBusinessSegmentsAxis"": ""nvda:GraphicsSegmentMember""}",False,,edgar_xbrl
f-647,6b3d568aeeac1fcda4dcba5b94d47757eca4fceb8c3a5efad9d0a9eea64b02a2,NVDA,edgar,balance_sheet,nvda:MarketableSecuritiesAndEquitySecuritiesFVNI,,marketablesecuritiesandequitysecuritiesfvni,Marketable securities,51951000000,51951000000.0,usd,USD,1.0,instant_2026-01-25,reported,instant,,2026-01-25,2026-01-25,2026,,2026-02-25,10-K,0001045810-26-000021,edgar:0001045810-26-000021:f-647,c-108,http://www.nvidia.com/role/ConsolidatedBalanceSheets,"{""balance"": ""debit"", ""cik"": ""0001045810"", ""context_ref"": ""c-108"", ""period_instant"": ""2026-01-25"", ""period_key"": ""instant_2026-01-25"", ""preferred_sign"": 1.0, ""statement_role"": ""http://www.nvidia.com/role/ConsolidatedBalanceSheets"", ""statement_type"": ""BalanceSheet"", ""weight"": 1.0}","{""us-gaap_BalanceSheetLocationAxis"": ""nvda:MarketableSecuritiesMember""}",False,,edgar_xbrl
f-144,710a38298d8c8c8a672c44478c18b803ae6f639d1eab6ae94a4cc20f66a75b49,NVDA,edgar,balance_sheet,nvda:MarketableSecuritiesAndEquitySecuritiesFVNI,,marketablesecuritiesandequitysecuritiesfvni,Marketable securities,34621000000,34621000000.0,usd,USD,1.0,instant_2025-01-26,reported,instant,,2025-01-26,2025-01-26,2026,,2026-02-25,10-K,0001045810-26-000021,edgar:0001045810-26-000021:f-144,c-12,http://www.nvidia.com/role/ConsolidatedBalanceSheets,"{""balance"": ""debit"", ""cik"": ""0001045810"", ""context_ref"": ""c-12"", ""period_instant"": ""2025-01-26"", ""period_key"": ""instant_2025-01-26"", ""preferred_sign"": 1.0, ""statement_role"": ""http://www.nvidia.com/role/ConsolidatedBalanceSheets"", ""statement_type"": ""BalanceSheet"", ""weight"": 1.0}",{},False,,edgar_xbrl
f-147,1005d6b734344e338b9c3efddd10f16f097c4f7758527ff254d9db0efdf07dc5,NVDA,edgar,balance_sheet,us-gaap:InventoryNet,Inventories,inventories,Inventories,21403000000,21403000000.0,usd,USD,1.0,instant_2026-01-25,reported,instant,,2026-01-25,2026-01-25,2026,,2026-02-25,10-K,0001045810-26-000021,edgar:0001045810-26-000021:f-147,c-11,http://www.nvidia.com/role/ConsolidatedBalanceSheets,"{""balance"": ""debit"", ""cik"": ""0001045810"", ""context_ref"": ""c-11"", ""period_instant"": ""2026-01-25"", ""period_key"": ""instant_2026-01-25"", ""preferred_sign"": 1.0, ""statement_role"": ""http://www.nvidia.com/role/ConsolidatedBalanceSheets"", ""statement_type"": ""BalanceSheet"", ""weight"": 1.0}",{},False,,edgar_xbrl
f-148,00b267aca288aeffbed01aa0d20e5bae335f32eba123cf655254529e7fcbfad1,NVDA,edgar,balance_sheet,us-gaap:InventoryNet,Inventories,inventories,Inventories,10080000000,10080000000.0,usd,USD,1.0,instant_2025-01-26,reported,instant,,2025-01-26,2025-01-26,2026,,2026-02-25,10-K,0001045810-26-000021,edgar:0001045810-26-000021:f-148,c-12,http://www.nvidia.com/role/ConsolidatedBalanceSheets,"{""balance"": ""debit"", ""cik"": ""0001045810"", ""context_ref"": ""c-12"", ""period_instant"": ""2025-01-26"", ""period_key"": ""instant_2025-01-26"", ""preferred_sign"": 1.0, ""statement_role"": ""http://www.nvidia.com/role/ConsolidatedBalanceSheets"", ""statement_type"": ""BalanceSheet"", ""weight"": 1.0}",{},False,,edgar_xbrl
f-153,594b3cacdc96438b64bca5572f9b5ac46a0390523e59bf17492b0d50136a556a,NVDA,edgar,balance_sheet,us-gaap:PropertyPlantAndEquipmentNet,PlantPropertyEquipmentNet,plantpropertyequipmentnet,"Property and equipment, net",10383000000,10383000000.0,usd,USD,1.0,instant_2026-01-25,reported,instant,,2026-01-25,2026-01-25,2026,,2026-02-25,10-K,0001045810-26-000021,edgar:0001045810-26-000021:f-153,c-11,http://www.nvidia.com/role/ConsolidatedBalanceSheets,"{""balance"": ""debit"", ""cik"": ""0001045810"", ""context_ref"": ""c-11"", ""period_instant"": ""2026-01-25"", ""period_key"": ""instant_2026-01-25"", ""preferred_sign"": 1.0, ""statement_role"": ""http://www.nvidia.com/role/ConsolidatedBalanceSheets"", ""statement_type"": ""BalanceSheet"", ""weight"": 1.0}",{},False,,edgar_xbrl
f-154,5b5a4a387d796941069d32f0a60dbd085a99203dba46c7a4ec6841b0bb849e1c,NVDA,edgar,balance_sheet,us-gaap:PropertyPlantAndEquipmentNet,PlantPropertyEquipmentNet,plantpropertyequipmentnet,"Property and equipment, net",6283000000,6283000000.0,usd,USD,1.0,instant_2025-01-26,reported,instant,,2025-01-26,2025-01-26,2026,,2026-02-25,10-K,0001045810-26-000021,edgar:0001045810-26-000021:f-154,c-12,http://www.nvidia.com/role/ConsolidatedBalanceSheets,"{""balance"": ""debit"", ""cik"": ""0001045810"", ""context_ref"": ""c-12"", ""period_instant"": ""2025-01-26"", ""period_key"": ""instant_2025-01-26"", ""preferred_sign"": 1.0, ""statement_role"": ""http://www.nvidia.com/role/ConsolidatedBalanceSheets"", ""statement_type"": ""BalanceSheet"", ""weight"": 1.0}",{},False,,edgar_xbrl
f-171,cb39e21f7a3ca2bdc2870b7fb01e5abf23ba969e02fa273e1096c518c734de9b,NVDA,edgar,balance_sheet,us-gaap:AccruedLiabilitiesCurrent,OtherOperatingCurrentLiabilities,otheroperatingcurrentliabilities,Accrued and other current liabilities,21352000000,21352000000.0,usd,USD,1.0,instant_2026-01-25,reported,instant,,2026-01-25,2026-01-25,2026,,2026-02-25,10-K,0001045810-26-000021,edgar:0001045810-26-000021:f-171,c-11,http://www.nvidia.com/role/ConsolidatedBalanceSheets,"{""balance"": ""credit"", ""cik"": ""0001045810"", ""context_ref"": ""c-11"", ""period_instant"": ""2026-01-25"", ""period_key"": ""instant_2026-01-25"", ""preferred_sign"": 1.0, ""statement_role"": ""http://www.nvidia.com/role/ConsolidatedBalanceSheets"", ""statement_type"": ""BalanceSheet"", ""weight"": 1.0}",{},False,,edgar_xbrl
f-172,1fe73e1b4dac432f23712175b3579d26e90ab82721eeff9dab36a2833481dc55,NVDA,edgar,balance_sheet,us-gaap:AccruedLiabilitiesCurrent,OtherOperatingCurrentLiabilities,otheroperatingcurrentliabilities,Accrued and other current liabilities,11737000000,11737000000.0,usd,USD,1.0,instant_2025-01-26,reported,instant,,2025-01-26,2025-01-26,2026,,2026-02-25,10-K,0001045810-26-000021,edgar:0001045810-26-000021:f-172,c-12,http://www.nvidia.com/role/ConsolidatedBalanceSheets,"{""balance"": ""credit"", ""cik"": ""0001045810"", ""context_ref"": ""c-12"", ""period_instant"": ""2025-01-26"", ""period_key"": ""instant_2025-01-26"", ""preferred_sign"": 1.0, ""statement_role"": ""http://www.nvidia.com/role/ConsolidatedBalanceSheets"", ""statement_type"": ""BalanceSheet"", ""weight"": 1.0}",{},False,,edgar_xbrl
f-181,caa05ea6b1f8b766f791ab669416add089e315979864102a4d90ee7956c75591,NVDA,edgar,balance_sheet,us-gaap:OtherLiabilitiesNoncurrent,OtherNonOperatingNonCurrentLiabilities,othernonoperatingnoncurrentliabilities,Other long-term liabilities,7306000000,7306000000.0,usd,USD,1.0,instant_2026-01-25,reported,instant,,2026-01-25,2026-01-25,2026,,2026-02-25,10-K,0001045810-26-000021,edgar:0001045810-26-000021:f-181,c-11,http://www.nvidia.com/role/ConsolidatedBalanceSheets,"{""balance"": ""credit"", ""cik"": ""0001045810"", ""context_ref"": ""c-11"", ""period_instant"": ""2026-01-25"", ""period_key"": ""instant_2026-01-25"", ""preferred_sign"": 1.0, ""statement_role"": ""http://www.nvidia.com/role/ConsolidatedBalanceSheets"", ""statement_type"": ""BalanceSheet"", ""weight"": 1.0}",{},False,,edgar_xbrl
f-182,cfcf82a6b2d694e6cc9862d02956d94572d6bc4ab3282a092976138d505b71f2,NVDA,edgar,balance_sheet,us-gaap:OtherLiabilitiesNoncurrent,OtherNonOperatingNonCurrentLiabilities,othernonoperatingnoncurrentliabilities,Other long-term liabilities,4245000000,4245000000.0,usd,USD,1.0,instant_2025-01-26,reported,instant,,2025-01-26,2025-01-26,2026,,2026-02-25,10-K,0001045810-26-000021,edgar:0001045810-26-000021:f-182,c-12,http://www.nvidia.com/role/ConsolidatedBalanceSheets,"{""balance"": ""credit"", ""cik"": ""0001045810"", ""context_ref"": ""c-12"", ""period_instant"": ""2025-01-26"", ""period_key"": ""instant_2025-01-26"", ""preferred_sign"": 1.0, ""statement_role"": ""http://www.nvidia.com/role/ConsolidatedBalanceSheets"", ""statement_type"": ""BalanceSheet"", ""weight"": 1.0}",{},False,,edgar_xbrl
f-177,586be93283aba79c1b9c69fddbb21279ee1bc7d762e05a2eb0c84cf245a065ee,NVDA,edgar,balance_sheet,us-gaap:LongTermDebtNoncurrent,LongTermDebt,longtermdebt,Long-term debt,7469000000,7469000000.0,usd,USD,1.0,instant_2026-01-25,reported,instant,,2026-01-25,2026-01-25,2026,,2026-02-25,10-K,0001045810-26-000021,edgar:0001045810-26-000021:f-177,c-11,http://www.nvidia.com/role/ConsolidatedBalanceSheets,"{""balance"": ""credit"", ""cik"": ""0001045810"", ""context_ref"": ""c-11"", ""period_instant"": ""2026-01-25"", ""period_key"": ""instant_2026-01-25"", ""preferred_sign"": 1.0, ""statement_role"": ""http://www.nvidia.com/role/ConsolidatedBalanceSheets"", ""statement_type"": ""BalanceSheet"", ""weight"": 1.0}",{},False,,edgar_xbrl
f-178,e64ec2959f13542efc1f51ef7ac1ae208a7703dff57f846ea4fd575876d726b0,NVDA,edgar,balance_sheet,us-gaap:LongTermDebtNoncurrent,LongTermDebt,longtermdebt,Long-term debt,8463000000,8463000000.0,usd,USD,1.0,instant_2025-01-26,reported,instant,,2025-01-26,2025-01-26,2026,,2026-02-25,10-K,0001045810-26-000021,edgar:0001045810-26-000021:f-178,c-12,http://www.nvidia.com/role/ConsolidatedBalanceSheets,"{""balance"": ""credit"", ""cik"": ""0001045810"", ""context_ref"": ""c-12"", ""period_instant"": ""2025-01-26"", ""period_key"": ""instant_2025-01-26"", ""preferred_sign"": 1.0, ""statement_role"": ""http://www.nvidia.com/role/ConsolidatedBalanceSheets"", ""statement_type"": ""BalanceSheet"", ""weight"": 1.0}",{},False,,edgar_xbrl
f-161,a3a2b9140bf13019d393082bc0e79f4f43dfc0da578e9b397c98b6cfbf5464c0,NVDA,edgar,balance_sheet,us-gaap:DeferredIncomeTaxAssetsNet,DeferredTaxNoncurrentAssets,deferredtaxnoncurrentassets,Deferred income tax assets,13258000000,13258000000.0,usd,USD,1.0,instant_2026-01-25,reported,instant,,2026-01-25,2026-01-25,2026,,2026-02-25,10-K,0001045810-26-000021,edgar:0001045810-26-000021:f-161,c-11,http://www.nvidia.com/role/ConsolidatedBalanceSheets,"{""cik"": ""0001045810"", ""context_ref"": ""c-11"", ""period_instant"": ""2026-01-25"", ""period_key"": ""instant_2026-01-25"", ""preferred_sign"": 1.0, ""statement_role"": ""http://www.nvidia.com/role/ConsolidatedBalanceSheets"", ""statement_type"": ""BalanceSheet"", ""weight"": 1.0}",{},False,,edgar_xbrl
f-1056,cf91a0f46e08c1081091bb3533dfd16ff7c886db969d6b5a21ea0c8592189089,NVDA,edgar,balance_sheet,us-gaap:DeferredIncomeTaxAssetsNet,DeferredTaxNoncurrentAssets,deferredtaxnoncurrentassets,Deferred income tax assets,13300000000,13300000000.0,usd,USD,1.0,instant_2026-01-25,reported,instant,,2026-01-25,2026-01-25,2026,,2026-02-25,10-K,0001045810-26-000021,edgar:0001045810-26-000021:f-1056,c-11,http://www.nvidia.com/role/ConsolidatedBalanceSheets,"{""cik"": ""0001045810"", ""context_ref"": ""c-11"", ""period_instant"": ""2026-01-25"", ""period_key"": ""instant_2026-01-25"", ""preferred_sign"": 1.0, ""statement_role"": ""http://www.nvidia.com/role/ConsolidatedBalanceSheets"", ""statement_type"": ""BalanceSheet"", ""weight"": 1.0}",{},False,,edgar_xbrl
f-162,32850fcccfd06fb8cd4ad4c29ce3cff473f999266b0be2b942b401f9b23ab13b,NVDA,edgar,balance_sheet,us-gaap:DeferredIncomeTaxAssetsNet,DeferredTaxNoncurrentAssets,deferredtaxnoncurrentassets,Deferred income tax assets,10979000000,10979000000.0,usd,USD,1.0,instant_2025-01-26,reported,instant,,2025-01-26,2025-01-26,2026,,2026-02-25,10-K,0001045810-26-000021,edgar:0001045810-26-000021:f-162,c-12,http://www.nvidia.com/role/ConsolidatedBalanceSheets,"{""cik"": ""0001045810"", ""context_ref"": ""c-12"", ""period_instant"": ""2025-01-26"", ""period_key"": ""instant_2025-01-26"", ""preferred_sign"": 1.0, ""statement_role"": ""http://www.nvidia.com/role/ConsolidatedBalanceSheets"", ""statement_type"": ""BalanceSheet"", ""weight"": 1.0}",{},False,,edgar_xbrl
f-1057,1fb1a9b40a1d7363d8e882f7b2ae8b7544a25f4b4a11ae757532be685dc41d03,NVDA,edgar,balance_sheet,us-gaap:DeferredIncomeTaxAssetsNet,DeferredTaxNoncurrentAssets,deferredtaxnoncurrentassets,Deferred income tax assets,11000000000.0,11000000000.0,usd,USD,1.0,instant_2025-01-26,reported,instant,,2025-01-26,2025-01-26,2026,,2026-02-25,10-K,0001045810-26-000021,edgar:0001045810-26-000021:f-1057,c-12,http://www.nvidia.com/role/ConsolidatedBalanceSheets,"{""cik"": ""0001045810"", ""context_ref"": ""c-12"", ""period_instant"": ""2025-01-26"", ""period_key"": ""instant_2025-01-26"", ""preferred_sign"": 1.0, ""statement_role"": ""http://www.nvidia.com/role/ConsolidatedBalanceSheets"", ""statement_type"": ""BalanceSheet"", ""weight"": 1.0}",{},False,,edgar_xbrl
f-179,0155d0c123e63b3c033c15f367dfa7dbb583b5884c3730d5aab1cc609c6d0d9d,NVDA,edgar,balance_sheet,us-gaap:OperatingLeaseLiabilityNoncurrent,OperatingLeaseNonCurrentDebtEquivalent,operatingleasenoncurrentdebtequivalent,Long-term operating lease liabilities,2572000000,2572000000.0,usd,USD,1.0,instant_2026-01-25,reported,instant,,2026-01-25,2026-01-25,2026,,2026-02-25,10-K,0001045810-26-000021,edgar:0001045810-26-000021:f-179,c-11,http://www.nvidia.com/role/ConsolidatedBalanceSheets,"{""cik"": ""0001045810"", ""context_ref"": ""c-11"", ""period_instant"": ""2026-01-25"", ""period_key"": ""instant_2026-01-25"", ""preferred_sign"": 1.0, ""statement_role"": ""http://www.nvidia.com/role/ConsolidatedBalanceSheets"", ""statement_type"": ""BalanceSheet"", ""weight"": 1.0}",{},False,,edgar_xbrl
f-302,418191a058adcf60292685a1a89bc29f42432a61aa50c675b6be7de288aa25a9,NVDA,edgar,cash_flow_statement,us-gaap:ShareBasedCompensation,StockBasedCompensationExpense,stockbasedcompensationexpense,Stock-based compensation expense,6386000000,6386000000.0,usd,USD,1.0,duration_2025-01-27_2026-01-25,reported,duration,2025-01-27,2026-01-25,,2026,FY,2026-02-25,10-K,0001045810-26-000021,edgar:0001045810-26-000021:f-302,c-1,http://www.nvidia.com/role/ConsolidatedStatementsofCashFlows,"{""balance"": ""debit"", ""cik"": ""0001045810"", ""context_ref"": ""c-1"", ""period_key"": ""duration_2025-01-27_2026-01-25"", ""preferred_sign"": 1.0, ""statement_role"": ""http://www.nvidia.com/role/ConsolidatedStatementsofCashFlows"", ""statement_type"": ""CashFlowStatement"", ""weight"": 1.0}",{},False,,edgar_xbrl
f-303,00f5ef332a045fc77e21f380187d3434a315e17117a5b7de7aac864de7a12288,NVDA,edgar,cash_flow_statement,us-gaap:ShareBasedCompensation,StockBasedCompensationExpense,stockbasedcompensationexpense,Stock-based compensation expense,4737000000,4737000000.0,usd,USD,1.0,duration_2024-01-29_2025-01-26,reported,duration,2024-01-29,2025-01-26,,2026,FY,2026-02-25,10-K,0001045810-26-000021,edgar:0001045810-26-000021:f-303,c-9,http://www.nvidia.com/role/ConsolidatedStatementsofCashFlows,"{""balance"": ""debit"", ""cik"": ""0001045810"", ""context_ref"": ""c-9"", ""period_key"": ""duration_2024-01-29_2025-01-26"", ""preferred_sign"": 1.0, ""statement_role"": ""http://www.nvidia.com/role/ConsolidatedStatementsofCashFlows"", ""statement_type"": ""CashFlowStatement"", ""weight"": 1.0}",{},False,,edgar_xbrl
f-304,7859d583eb8c689d17fd45c714402de5cb433fc775b12cf18ad4ee4d99ae17bf,NVDA,edgar,cash_flow_statement,us-gaap:ShareBasedCompensation,StockBasedCompensationExpense,stockbasedcompensationexpense,Stock-based compensation expense,3549000000,3549000000.0,usd,USD,1.0,duration_2023-01-30_2024-01-28,reported,duration,2023-01-30,2024-01-28,,2025,FY,2026-02-25,10-K,0001045810-26-000021,edgar:0001045810-26-000021:f-304,c-10,http://www.nvidia.com/role/ConsolidatedStatementsofCashFlows,"{""balance"": ""debit"", ""cik"": ""0001045810"", ""context_ref"": ""c-10"", ""period_key"": ""duration_2023-01-30_2024-01-28"", ""preferred_sign"": 1.0, ""statement_role"": ""http://www.nvidia.com/role/ConsolidatedStatementsofCashFlows"", ""statement_type"": ""CashFlowStatement"", ""weight"": 1.0}",{},False,,edgar_xbrl
f-305,3a2352f52c178802a5af6252b3fd76b2299a838b697e5d3a61de3070faefcc43,NVDA,edgar,cash_flow_statement,us-gaap:DepreciationDepletionAndAmortization,DepreciationExpense,depreciationexpense,Depreciation and amortization,2843000000,2843000000.0,usd,USD,1.0,duration_2025-01-27_2026-01-25,reported,duration,2025-01-27,2026-01-25,,2026,FY,2026-02-25,10-K,0001045810-26-000021,edgar:0001045810-26-000021:f-305,c-1,http://www.nvidia.com/role/ConsolidatedStatementsofCashFlows,"{""balance"": ""debit"", ""cik"": ""0001045810"", ""context_ref"": ""c-1"", ""period_key"": ""duration_2025-01-27_2026-01-25"", ""preferred_sign"": 1.0, ""statement_role"": ""http://www.nvidia.com/role/ConsolidatedStatementsofCashFlows"", ""statement_type"": ""CashFlowStatement"", ""weight"": 1.0}",{},False,,edgar_xbrl
f-306,d88155c23f3a4e7a0cfeda6f7d24abbb72232023901726fd76d73044f6d9bc8b,NVDA,edgar,cash_flow_statement,us-gaap:DepreciationDepletionAndAmortization,DepreciationExpense,depreciationexpense,Depreciation and amortization,1864000000,1864000000.0,usd,USD,1.0,duration_2024-01-29_2025-01-26,reported,duration,2024-01-29,2025-01-26,,2026,FY,2026-02-25,10-K,0001045810-26-000021,edgar:0001045810-26-000021:f-306,c-9,http://www.nvidia.com/role/ConsolidatedStatementsofCashFlows,"{""balance"": ""debit"", ""cik"": ""0001045810"", ""context_ref"": ""c-9"", ""period_key"": ""duration_2024-01-29_2025-01-26"", ""preferred_sign"": 1.0, ""statement_role"": ""http://www.nvidia.com/role/ConsolidatedStatementsofCashFlows"", ""statement_type"": ""CashFlowStatement"", ""weight"": 1.0}",{},False,,edgar_xbrl
f-307,420ce17419b6b82b57c3e4180fb14d0f65139777b39f0725c60a1fa2c8367ca8,NVDA,edgar,cash_flow_statement,us-gaap:DepreciationDepletionAndAmortization,DepreciationExpense,depreciationexpense,Depreciation and amortization,1508000000,1508000000.0,usd,USD,1.0,duration_2023-01-30_2024-01-28,reported,duration,2023-01-30,2024-01-28,,2025,FY,2026-02-25,10-K,0001045810-26-000021,edgar:0001045810-26-000021:f-307,c-10,http://www.nvidia.com/role/ConsolidatedStatementsofCashFlows,"{""balance"": ""debit"", ""cik"": ""0001045810"", ""context_ref"": ""c-10"", ""period_key"": ""duration_2023-01-30_2024-01-28"", ""preferred_sign"": 1.0, ""statement_role"": ""http://www.nvidia.com/role/ConsolidatedStatementsofCashFlows"", ""statement_type"": ""CashFlowStatement"", ""weight"": 1.0}",{},False,,edgar_xbrl
f-308,206e27014b202c13e9a4befee8c5dfc2cd1e034042c4878e7ce6d8985ff793fa,NVDA,edgar,cash_flow_statement,us-gaap:GainLossOnInvestments,GainLossOnInvestmentsIS,gainlossoninvestmentsis,"Gains on non-marketable equity securities and publicly-held equity securities, net",8918000000,8918000000.0,usd,USD,1.0,duration_2025-01-27_2026-01-25,reported,duration,2025-01-27,2026-01-25,,2026,FY,2026-02-25,10-K,0001045810-26-000021,edgar:0001045810-26-000021:f-308,c-1,http://www.nvidia.com/role/ConsolidatedStatementsofCashFlows,"{""balance"": ""credit"", ""cik"": ""0001045810"", ""context_ref"": ""c-1"", ""period_key"": ""duration_2025-01-27_2026-01-25"", ""preferred_sign"": 1.0, ""statement_role"": ""http://www.nvidia.com/role/ConsolidatedStatementsofCashFlows"", ""statement_type"": ""CashFlowStatement"", ""weight"": -1.0}",{},False,,edgar_xbrl
f-309,27f81889d2f4150ba4b4064e8d74cdf37e5361677ead0083e15235ff864b7415,NVDA,edgar,cash_flow_statement,us-gaap:GainLossOnInvestments,GainLossOnInvestmentsIS,gainlossoninvestmentsis,"Gains on non-marketable equity securities and publicly-held equity securities, net",1030000000,1030000000.0,usd,USD,1.0,duration_2024-01-29_2025-01-26,reported,duration,2024-01-29,2025-01-26,,2026,FY,2026-02-25,10-K,0001045810-26-000021,edgar:0001045810-26-000021:f-309,c-9,http://www.nvidia.com/role/ConsolidatedStatementsofCashFlows,"{""balance"": ""credit"", ""cik"": ""0001045810"", ""context_ref"": ""c-9"", ""period_key"": ""duration_2024-01-29_2025-01-26"", ""preferred_sign"": 1.0, ""statement_role"": ""http://www.nvidia.com/role/ConsolidatedStatementsofCashFlows"", ""statement_type"": ""CashFlowStatement"", ""weight"": -1.0}",{},False,,edgar_xbrl
f-310,7dc485298662308ea4b81b448db135b949620eb73b02b7dd062699ea17680063,NVDA,edgar,cash_flow_statement,us-gaap:GainLossOnInvestments,GainLossOnInvestmentsIS,gainlossoninvestmentsis,"Gains on non-marketable equity securities and publicly-held equity securities, net",238000000,238000000.0,usd,USD,1.0,duration_2023-01-30_2024-01-28,reported,duration,2023-01-30,2024-01-28,,2025,FY,2026-02-25,10-K,0001045810-26-000021,edgar:0001045810-26-000021:f-310,c-10,http://www.nvidia.com/role/ConsolidatedStatementsofCashFlows,"{""balance"": ""credit"", ""cik"": ""0001045810"", ""context_ref"": ""c-10"", ""period_key"": ""duration_2023-01-30_2024-01-28"", ""preferred_sign"": 1.0, ""statement_role"": ""http://www.nvidia.com/role/ConsolidatedStatementsofCashFlows"", ""statement_type"": ""CashFlowStatement"", ""weight"": -1.0}",{},False,,edgar_xbrl
f-314,c909b6cb2839021bacd3d0dda9ca0eefd39b76275ae11e6e9e547bd0dbbabace,NVDA,edgar,cash_flow_statement,us-gaap:OtherNoncashIncomeExpense,OtherNonCashItemsCF,othernoncashitemscf,Other,287000000,287000000.0,usd,USD,1.0,duration_2025-01-27_2026-01-25,reported,duration,2025-01-27,2026-01-25,,2026,FY,2026-02-25,10-K,0001045810-26-000021,edgar:0001045810-26-000021:f-314,c-1,http://www.nvidia.com/role/ConsolidatedStatementsofCashFlows,"{""cik"": ""0001045810"", ""context_ref"": ""c-1"", ""period_key"": ""duration_2025-01-27_2026-01-25"", ""preferred_sign"": 1.0, ""statement_role"": ""http://www.nvidia.com/role/ConsolidatedStatementsofCashFlows"", ""statement_type"": ""CashFlowStatement"", ""weight"": -1.0}",{},False,,edgar_xbrl
f-315,7faf82757dedc1efe8fd431a48ee8f4af6e806341caaf3abf0be36dd61e43f0b,NVDA,edgar,cash_flow_statement,us-gaap:OtherNoncashIncomeExpense,OtherNonCashItemsCF,othernoncashitemscf,Other,502000000,502000000.0,usd,USD,1.0,duration_2024-01-29_2025-01-26,reported,duration,2024-01-29,2025-01-26,,2026,FY,2026-02-25,10-K,0001045810-26-000021,edgar:0001045810-26-000021:f-315,c-9,http://www.nvidia.com/role/ConsolidatedStatementsofCashFlows,"{""cik"": ""0001045810"", ""context_ref"": ""c-9"", ""period_key"": ""duration_2024-01-29_2025-01-26"", ""preferred_sign"": 1.0, ""statement_role"": ""http://www.nvidia.com/role/ConsolidatedStatementsofCashFlows"", ""statement_type"": ""CashFlowStatement"", ""weight"": -1.0}",{},False,,edgar_xbrl
f-316,3a754c0b46c31dccdd77924309deb4a91960be66293b1a265b72296a1f6f63cb,NVDA,edgar,cash_flow_statement,us-gaap:OtherNoncashIncomeExpense,OtherNonCashItemsCF,othernoncashitemscf,Other,278000000,278000000.0,usd,USD,1.0,duration_2023-01-30_2024-01-28,reported,duration,2023-01-30,2024-01-28,,2025,FY,2026-02-25,10-K,0001045810-26-000021,edgar:0001045810-26-000021:f-316,c-10,http://www.nvidia.com/role/ConsolidatedStatementsofCashFlows,"{""cik"": ""0001045810"", ""context_ref"": ""c-10"", ""period_key"": ""duration_2023-01-30_2024-01-28"", ""preferred_sign"": 1.0, ""statement_role"": ""http://www.nvidia.com/role/ConsolidatedStatementsofCashFlows"", ""statement_type"": ""CashFlowStatement"", ""weight"": -1.0}",{},False,,edgar_xbrl
f-317,44212fa014888b9bdc03fb60d468ae3bc696aab5fa59792c3c73d0290020cdc8,NVDA,edgar,cash_flow_statement,us-gaap:IncreaseDecreaseInAccountsReceivable,,increasedecreaseinaccountsreceivable,Accounts receivable,15399000000,15399000000.0,usd,USD,1.0,duration_2025-01-27_2026-01-25,reported,duration,2025-01-27,2026-01-25,,2026,FY,2026-02-25,10-K,0001045810-26-000021,edgar:0001045810-26-000021:f-317,c-1,http://www.nvidia.com/role/ConsolidatedStatementsofCashFlows,"{""cik"": ""0001045810"", ""context_ref"": ""c-1"", ""period_key"": ""duration_2025-01-27_2026-01-25"", ""preferred_sign"": 1.0, ""statement_role"": ""http://www.nvidia.com/role/ConsolidatedStatementsofCashFlows"", ""statement_type"": ""CashFlowStatement"", ""weight"": -1.0}",{},False,,edgar_xbrl
f-318,30748b41d2e0afbe64774b253c5ab9c84f85363008f7e58d1d8d3dfaaaa869cb,NVDA,edgar,cash_flow_statement,us-gaap:IncreaseDecreaseInAccountsReceivable,,increasedecreaseinaccountsreceivable,Accounts receivable,13063000000,13063000000.0,usd,USD,1.0,duration_2024-01-29_2025-01-26,reported,duration,2024-01-29,2025-01-26,,2026,FY,2026-02-25,10-K,0001045810-26-000021,edgar:0001045810-26-000021:f-318,c-9,http://www.nvidia.com/role/ConsolidatedStatementsofCashFlows,"{""cik"": ""0001045810"", ""context_ref"": ""c-9"", ""period_key"": ""duration_2024-01-29_2025-01-26"", ""preferred_sign"": 1.0, ""statement_role"": ""http://www.nvidia.com/role/ConsolidatedStatementsofCashFlows"", ""statement_type"": ""CashFlowStatement"", ""weight"": -1.0}",{},False,,edgar_xbrl
f-319,9d90366bcb2302dd457402769063e89dd7c4e5b45cdc2331681ca821450a4641,NVDA,edgar,cash_flow_statement,us-gaap:IncreaseDecreaseInAccountsReceivable,,increasedecreaseinaccountsreceivable,Accounts receivable,6172000000,6172000000.0,usd,USD,1.0,duration_2023-01-30_2024-01-28,reported,duration,2023-01-30,2024-01-28,,2025,FY,2026-02-25,10-K,0001045810-26-000021,edgar:0001045810-26-000021:f-319,c-10,http://www.nvidia.com/role/ConsolidatedStatementsofCashFlows,"{""cik"": ""0001045810"", ""context_ref"": ""c-10"", ""period_key"": ""duration_2023-01-30_2024-01-28"", ""preferred_sign"": 1.0, ""statement_role"": ""http://www.nvidia.com/role/ConsolidatedStatementsofCashFlows"", ""statement_type"": ""CashFlowStatement"", ""weight"": -1.0}",{},False,,edgar_xbrl
f-320,f17fb15d70731d95c3ecbdfe4674c1df860d1f95af4f5a8f034214fb98b13155,NVDA,edgar,cash_flow_statement,us-gaap:IncreaseDecreaseInInventories,,increasedecreaseininventories,Inventories,11324000000,11324000000.0,usd,USD,1.0,duration_2025-01-27_2026-01-25,reported,duration,2025-01-27,2026-01-25,,2026,FY,2026-02-25,10-K,0001045810-26-000021,edgar:0001045810-26-000021:f-320,c-1,http://www.nvidia.com/role/ConsolidatedStatementsofCashFlows,"{""cik"": ""0001045810"", ""context_ref"": ""c-1"", ""period_key"": ""duration_2025-01-27_2026-01-25"", ""preferred_sign"": 1.0, ""statement_role"": ""http://www.nvidia.com/role/ConsolidatedStatementsofCashFlows"", ""statement_type"": ""CashFlowStatement"", ""weight"": -1.0}",{},False,,edgar_xbrl
f-321,71c92bb4937d6b3aa48565fb22987d9e8bd0296e180301595c9cc25469d03658,NVDA,edgar,cash_flow_statement,us-gaap:IncreaseDecreaseInInventories,,increasedecreaseininventories,Inventories,4781000000,4781000000.0,usd,USD,1.0,duration_2024-01-29_2025-01-26,reported,duration,2024-01-29,2025-01-26,,2026,FY,2026-02-25,10-K,0001045810-26-000021,edgar:0001045810-26-000021:f-321,c-9,http://www.nvidia.com/role/ConsolidatedStatementsofCashFlows,"{""cik"": ""0001045810"", ""context_ref"": ""c-9"", ""period_key"": ""duration_2024-01-29_2025-01-26"", ""preferred_sign"": 1.0, ""statement_role"": ""http://www.nvidia.com/role/ConsolidatedStatementsofCashFlows"", ""statement_type"": ""CashFlowStatement"", ""weight"": -1.0}",{},False,,edgar_xbrl
f-322,4cead686169ec1f286df861496136b23415dccff2df9ddd7e6ce16f62e116d1d,NVDA,edgar,cash_flow_statement,us-gaap:IncreaseDecreaseInInventories,,increasedecreaseininventories,Inventories,98000000,98000000.0,usd,USD,1.0,duration_2023-01-30_2024-01-28,reported,duration,2023-01-30,2024-01-28,,2025,FY,2026-02-25,10-K,0001045810-26-000021,edgar:0001045810-26-000021:f-322,c-10,http://www.nvidia.com/role/ConsolidatedStatementsofCashFlows,"{""cik"": ""0001045810"", ""context_ref"": ""c-10"", ""period_key"": ""duration_2023-01-30_2024-01-28"", ""preferred_sign"": 1.0, ""statement_role"": ""http://www.nvidia.com/role/ConsolidatedStatementsofCashFlows"", ""statement_type"": ""CashFlowStatement"", ""weight"": -1.0}",{},False,,edgar_xbrl
f-323,f3a18201026d7c450ff3fa30c9ffc0334dccb955304cef1ac3f83316b9a1f7c0,NVDA,edgar,cash_flow_statement,us-gaap:IncreaseDecreaseInPrepaidDeferredExpenseAndOtherAssets,,increasedecreaseinprepaiddeferredexpenseandotherassets,Prepaid expenses and other assets,-577000000,-577000000.0,usd,USD,1.0,duration_2025-01-27_2026-01-25,reported,duration,2025-01-27,2026-01-25,,2026,FY,2026-02-25,10-K,0001045810-26-000021,edgar:0001045810-26-000021:f-323,c-1,http://www.nvidia.com/role/ConsolidatedStatementsofCashFlows,"{""cik"": ""0001045810"", ""context_ref"": ""c-1"", ""period_key"": ""duration_2025-01-27_2026-01-25"", ""preferred_sign"": 1.0, ""statement_role"": ""http://www.nvidia.com/role/ConsolidatedStatementsofCashFlows"", ""statement_type"": ""CashFlowStatement"", ""weight"": -1.0}",{},False,,edgar_xbrl
f-324,baa117a34d48243b978f5939bdc804d0cfeeabfdee2528a80d251592f0b6c057,NVDA,edgar,cash_flow_statement,us-gaap:IncreaseDecreaseInPrepaidDeferredExpenseAndOtherAssets,,increasedecreaseinprepaiddeferredexpenseandotherassets,Prepaid expenses and other assets,395000000,395000000.0,usd,USD,1.0,duration_2024-01-29_2025-01-26,reported,duration,2024-01-29,2025-01-26,,2026,FY,2026-02-25,10-K,0001045810-26-000021,edgar:0001045810-26-000021:f-324,c-9,http://www.nvidia.com/role/ConsolidatedStatementsofCashFlows,"{""cik"": ""0001045810"", ""context_ref"": ""c-9"", ""period_key"": ""duration_2024-01-29_2025-01-26"", ""preferred_sign"": 1.0, ""statement_role"": ""http://www.nvidia.com/role/ConsolidatedStatementsofCashFlows"", ""statement_type"": ""CashFlowStatement"", ""weight"": -1.0}",{},False,,edgar_xbrl
f-325,8ad532356e1636ede6dc4e7124a4368f4c54bbfb578c1a5ee0443b37ad9025b4,NVDA,edgar,cash_flow_statement,us-gaap:IncreaseDecreaseInPrepaidDeferredExpenseAndOtherAssets,,increasedecreaseinprepaiddeferredexpenseandotherassets,Prepaid expenses and other assets,1522000000,1522000000.0,usd,USD,1.0,duration_2023-01-30_2024-01-28,reported,duration,2023-01-30,2024-01-28,,2025,FY,2026-02-25,10-K,0001045810-26-000021,edgar:0001045810-26-000021:f-325,c-10,http://www.nvidia.com/role/ConsolidatedStatementsofCashFlows,"{""cik"": ""0001045810"", ""context_ref"": ""c-10"", ""period_key"": ""duration_2023-01-30_2024-01-28"", ""preferred_sign"": 1.0, ""statement_role"": ""http://www.nvidia.com/role/ConsolidatedStatementsofCashFlows"", ""statement_type"": ""CashFlowStatement"", ""weight"": -1.0}",{},False,,edgar_xbrl
f-326,53dbb181681e705ead6b11aa2ef7ba99946e5eee8fc99bc941940199bcb6bb55,NVDA,edgar,cash_flow_statement,us-gaap:IncreaseDecreaseInAccountsPayable,,increasedecreaseinaccountspayable,Accounts payable,3096000000,3096000000.0,usd,USD,1.0,duration_2025-01-27_2026-01-25,reported,duration,2025-01-27,2026-01-25,,2026,FY,2026-02-25,10-K,0001045810-26-000021,edgar:0001045810-26-000021:f-326,c-1,http://www.nvidia.com/role/ConsolidatedStatementsofCashFlows,"{""cik"": ""0001045810"", ""context_ref"": ""c-1"", ""period_key"": ""duration_2025-01-27_2026-01-25"", ""preferred_sign"": 1.0, ""statement_role"": ""http://www.nvidia.com/role/ConsolidatedStatementsofCashFlows"", ""statement_type"": ""CashFlowStatement"", ""weight"": 1.0}",{},False,,edgar_xbrl
f-327,83381d6c38353f38ab679f09eecba86774183b7f3ec3221907c2efa023357086,NVDA,edgar,cash_flow_statement,us-gaap:IncreaseDecreaseInAccountsPayable,,increasedecreaseinaccountspayable,Accounts payable,3357000000,3357000000.0,usd,USD,1.0,duration_2024-01-29_2025-01-26,reported,duration,2024-01-29,2025-01-26,,2026,FY,2026-02-25,10-K,0001045810-26-000021,edgar:0001045810-26-000021:f-327,c-9,http://www.nvidia.com/role/ConsolidatedStatementsofCashFlows,"{""cik"": ""0001045810"", ""context_ref"": ""c-9"", ""period_key"": ""duration_2024-01-29_2025-01-26"", ""preferred_sign"": 1.0, ""statement_role"": ""http://www.nvidia.com/role/ConsolidatedStatementsofCashFlows"", ""statement_type"": ""CashFlowStatement"", ""weight"": 1.0}",{},False,,edgar_xbrl
f-328,8814378b93adefe139a34701dbbaf77e06566a69c0a30b1bb1301211b9538e7b,NVDA,edgar,cash_flow_statement,us-gaap:IncreaseDecreaseInAccountsPayable,,increasedecreaseinaccountspayable,Accounts payable,1531000000,1531000000.0,usd,USD,1.0,duration_2023-01-30_2024-01-28,reported,duration,2023-01-30,2024-01-28,,2025,FY,2026-02-25,10-K,0001045810-26-000021,edgar:0001045810-26-000021:f-328,c-10,http://www.nvidia.com/role/ConsolidatedStatementsofCashFlows,"{""cik"": ""0001045810"", ""context_ref"": ""c-10"", ""period_key"": ""duration_2023-01-30_2024-01-28"", ""preferred_sign"": 1.0, ""statement_role"": ""http://www.nvidia.com/role/ConsolidatedStatementsofCashFlows"", ""statement_type"": ""CashFlowStatement"", ""weight"": 1.0}",{},False,,edgar_xbrl
f-329,5220d710f3c44b836513a50477edf52c9e2251312f2ede05ad3526ff629fbd3b,NVDA,edgar,cash_flow_statement,us-gaap:IncreaseDecreaseInAccruedLiabilitiesAndOtherOperatingLiabilities,ChangeInAccruedLiabilities,changeinaccruedliabilities,Accrued and other current liabilities,5257000000,5257000000.0,usd,USD,1.0,duration_2025-01-27_2026-01-25,reported,duration,2025-01-27,2026-01-25,,2026,FY,2026-02-25,10-K,0001045810-26-000021,edgar:0001045810-26-000021:f-329,c-1,http://www.nvidia.com/role/ConsolidatedStatementsofCashFlows,"{""cik"": ""0001045810"", ""context_ref"": ""c-1"", ""period_key"": ""duration_2025-01-27_2026-01-25"", ""preferred_sign"": 1.0, ""statement_role"": ""http://www.nvidia.com/role/ConsolidatedStatementsofCashFlows"", ""statement_type"": ""CashFlowStatement"", ""weight"": 1.0}",{},False,,edgar_xbrl
f-330,11951646c288f9d585e4f934d35b0fbb57e858925e126f81df16d18c530aa78f,NVDA,edgar,cash_flow_statement,us-gaap:IncreaseDecreaseInAccruedLiabilitiesAndOtherOperatingLiabilities,ChangeInAccruedLiabilities,changeinaccruedliabilities,Accrued and other current liabilities,4278000000,4278000000.0,usd,USD,1.0,duration_2024-01-29_2025-01-26,reported,duration,2024-01-29,2025-01-26,,2026,FY,2026-02-25,10-K,0001045810-26-000021,edgar:0001045810-26-000021:f-330,c-9,http://www.nvidia.com/role/ConsolidatedStatementsofCashFlows,"{""cik"": ""0001045810"", ""context_ref"": ""c-9"", ""period_key"": ""duration_2024-01-29_2025-01-26"", ""preferred_sign"": 1.0, ""statement_role"": ""http://www.nvidia.com/role/ConsolidatedStatementsofCashFlows"", ""statement_type"": ""CashFlowStatement"", ""weight"": 1.0}",{},False,,edgar_xbrl
f-331,0a65bfec26121f02005d82f71fdd2a504b1080cde21bba95a112ab40c053987e,NVDA,edgar,cash_flow_statement,us-gaap:IncreaseDecreaseInAccruedLiabilitiesAndOtherOperatingLiabilities,ChangeInAccruedLiabilities,changeinaccruedliabilities,Accrued and other current liabilities,2025000000,2025000000.0,usd,USD,1.0,duration_2023-01-30_2024-01-28,reported,duration,2023-01-30,2024-01-28,,2025,FY,2026-02-25,10-K,0001045810-26-000021,edgar:0001045810-26-000021:f-331,c-10,http://www.nvidia.com/role/ConsolidatedStatementsofCashFlows,"{""cik"": ""0001045810"", ""context_ref"": ""c-10"", ""period_key"": ""duration_2023-01-30_2024-01-28"", ""preferred_sign"": 1.0, ""statement_role"": ""http://www.nvidia.com/role/ConsolidatedStatementsofCashFlows"", ""statement_type"": ""CashFlowStatement"", ""weight"": 1.0}",{},False,,edgar_xbrl
f-332,dc7f0ea13c6d69a6efc6e4f8f5a9cf89d717384bf9130ff0cc6d9063777362ff,NVDA,edgar,cash_flow_statement,us-gaap:IncreaseDecreaseInOtherNoncurrentLiabilities,NetCashFromOperatingActivities,netcashfromoperatingactivities,Other long-term liabilities,1844000000,1844000000.0,usd,USD,1.0,duration_2025-01-27_2026-01-25,reported,duration,2025-01-27,2026-01-25,,2026,FY,2026-02-25,10-K,0001045810-26-000021,edgar:0001045810-26-000021:f-332,c-1,http://www.nvidia.com/role/ConsolidatedStatementsofCashFlows,"{""cik"": ""0001045810"", ""context_ref"": ""c-1"", ""period_key"": ""duration_2025-01-27_2026-01-25"", ""preferred_sign"": 1.0, ""statement_role"": ""http://www.nvidia.com/role/ConsolidatedStatementsofCashFlows"", ""statement_type"": ""CashFlowStatement"", ""weight"": 1.0}",{},False,,edgar_xbrl
f-333,ea55bd0506b946c7b84fb89de6c11007b2d333a3e404a33cd9affcf034cef930,NVDA,edgar,cash_flow_statement,us-gaap:IncreaseDecreaseInOtherNoncurrentLiabilities,NetCashFromOperatingActivities,netcashfromoperatingactivities,Other long-term liabilities,1221000000,1221000000.0,usd,USD,1.0,duration_2024-01-29_2025-01-26,reported,duration,2024-01-29,2025-01-26,,2026,FY,2026-02-25,10-K,0001045810-26-000021,edgar:0001045810-26-000021:f-333,c-9,http://www.nvidia.com/role/ConsolidatedStatementsofCashFlows,"{""cik"": ""0001045810"", ""context_ref"": ""c-9"", ""period_key"": ""duration_2024-01-29_2025-01-26"", ""preferred_sign"": 1.0, ""statement_role"": ""http://www.nvidia.com/role/ConsolidatedStatementsofCashFlows"", ""statement_type"": ""CashFlowStatement"", ""weight"": 1.0}",{},False,,edgar_xbrl
f-334,170b8bee2bd4a84c49c324a85191116bef778b632ff97a3519afcb5d7ed3d80d,NVDA,edgar,cash_flow_statement,us-gaap:IncreaseDecreaseInOtherNoncurrentLiabilities,NetCashFromOperatingActivities,netcashfromoperatingactivities,Other long-term liabilities,514000000,514000000.0,usd,USD,1.0,duration_2023-01-30_2024-01-28,reported,duration,2023-01-30,2024-01-28,,2025,FY,2026-02-25,10-K,0001045810-26-000021,edgar:0001045810-26-000021:f-334,c-10,http://www.nvidia.com/role/ConsolidatedStatementsofCashFlows,"{""cik"": ""0001045810"", ""context_ref"": ""c-10"", ""period_key"": ""duration_2023-01-30_2024-01-28"", ""preferred_sign"": 1.0, ""statement_role"": ""http://www.nvidia.com/role/ConsolidatedStatementsofCashFlows"", ""statement_type"": ""CashFlowStatement"", ""weight"": 1.0}",{},False,,edgar_xbrl
f-335,23c6d159db050359fcdd0af712097573061d0054880eafaee804a0c6340af1d7,NVDA,edgar,cash_flow_statement,us-gaap:NetCashProvidedByUsedInOperatingActivities,NetCashFromOperatingActivities,netcashfromoperatingactivities,Net cash provided by operating activities,102718000000,102718000000.0,usd,USD,1.0,duration_2025-01-27_2026-01-25,reported,duration,2025-01-27,2026-01-25,,2026,FY,2026-02-25,10-K,0001045810-26-000021,edgar:0001045810-26-000021:f-335,c-1,http://www.nvidia.com/role/ConsolidatedStatementsofCashFlows,"{""balance"": ""debit"", ""cik"": ""0001045810"", ""context_ref"": ""c-1"", ""period_key"": ""duration_2025-01-27_2026-01-25"", ""preferred_sign"": 1.0, ""statement_role"": ""http://www.nvidia.com/role/ConsolidatedStatementsofCashFlows"", ""statement_type"": ""CashFlowStatement"", ""weight"": 1.0}",{},False,,edgar_xbrl
f-336,92e10801b7596b18e890714f7256e7af786f0a64be8bd17de92b9ef018492792,NVDA,edgar,cash_flow_statement,us-gaap:NetCashProvidedByUsedInOperatingActivities,NetCashFromOperatingActivities,netcashfromoperatingactivities,Net cash provided by operating activities,64089000000,64089000000.0,usd,USD,1.0,duration_2024-01-29_2025-01-26,reported,duration,2024-01-29,2025-01-26,,2026,FY,2026-02-25,10-K,0001045810-26-000021,edgar:0001045810-26-000021:f-336,c-9,http://www.nvidia.com/role/ConsolidatedStatementsofCashFlows,"{""balance"": ""debit"", ""cik"": ""0001045810"", ""context_ref"": ""c-9"", ""period_key"": ""duration_2024-01-29_2025-01-26"", ""preferred_sign"": 1.0, ""statement_role"": ""http://www.nvidia.com/role/ConsolidatedStatementsofCashFlows"", ""statement_type"": ""CashFlowStatement"", ""weight"": 1.0}",{},False,,edgar_xbrl
f-337,83a8cab80aa554f80acc5023321b0423b1e648bb9158bc624f2df7f37f9ec5af,NVDA,edgar,cash_flow_statement,us-gaap:NetCashProvidedByUsedInOperatingActivities,NetCashFromOperatingActivities,netcashfromoperatingactivities,Net cash provided by operating activities,28090000000,28090000000.0,usd,USD,1.0,duration_2023-01-30_2024-01-28,reported,duration,2023-01-30,2024-01-28,,2025,FY,2026-02-25,10-K,0001045810-26-000021,edgar:0001045810-26-000021:f-337,c-10,http://www.nvidia.com/role/ConsolidatedStatementsofCashFlows,"{""balance"": ""debit"", ""cik"": ""0001045810"", ""context_ref"": ""c-10"", ""period_key"": ""duration_2023-01-30_2024-01-28"", ""preferred_sign"": 1.0, ""statement_role"": ""http://www.nvidia.com/role/ConsolidatedStatementsofCashFlows"", ""statement_type"": ""CashFlowStatement"", ""weight"": 1.0}",{},False,,edgar_xbrl
f-338,8f1dec249392ddaeb2013cb72f3ec9f7614115c2e95afa434dca617f6f077c0e,NVDA,edgar,cash_flow_statement,us-gaap:ProceedsFromSaleOfAvailableForSaleSecuritiesDebt,InvestmentProceeds,investmentproceeds,Proceeds from sales of marketable securities,15157000000,15157000000.0,usd,USD,1.0,duration_2025-01-27_2026-01-25,reported,duration,2025-01-27,2026-01-25,,2026,FY,2026-02-25,10-K,0001045810-26-000021,edgar:0001045810-26-000021:f-338,c-1,http://www.nvidia.com/role/ConsolidatedStatementsofCashFlows,"{""balance"": ""debit"", ""cik"": ""0001045810"", ""context_ref"": ""c-1"", ""period_key"": ""duration_2025-01-27_2026-01-25"", ""preferred_sign"": 1.0, ""statement_role"": ""http://www.nvidia.com/role/ConsolidatedStatementsofCashFlows"", ""statement_type"": ""CashFlowStatement"", ""weight"": 1.0}",{},False,,edgar_xbrl
f-339,17330c62c1ced85145efa75e25ac816f4363a4dae29d58006f9c304419d0235b,NVDA,edgar,cash_flow_statement,us-gaap:ProceedsFromSaleOfAvailableForSaleSecuritiesDebt,InvestmentProceeds,investmentproceeds,Proceeds from sales of marketable securities,495000000,495000000.0,usd,USD,1.0,duration_2024-01-29_2025-01-26,reported,duration,2024-01-29,2025-01-26,,2026,FY,2026-02-25,10-K,0001045810-26-000021,edgar:0001045810-26-000021:f-339,c-9,http://www.nvidia.com/role/ConsolidatedStatementsofCashFlows,"{""balance"": ""debit"", ""cik"": ""0001045810"", ""context_ref"": ""c-9"", ""period_key"": ""duration_2024-01-29_2025-01-26"", ""preferred_sign"": 1.0, ""statement_role"": ""http://www.nvidia.com/role/ConsolidatedStatementsofCashFlows"", ""statement_type"": ""CashFlowStatement"", ""weight"": 1.0}",{},False,,edgar_xbrl
f-340,9d37c3609a64679e2eaff07bbcc02bf9a28ddb8e71beec3d0ca9d00da11e5c6b,NVDA,edgar,cash_flow_statement,us-gaap:ProceedsFromSaleOfAvailableForSaleSecuritiesDebt,InvestmentProceeds,investmentproceeds,Proceeds from sales of marketable securities,50000000,50000000.0,usd,USD,1.0,duration_2023-01-30_2024-01-28,reported,duration,2023-01-30,2024-01-28,,2025,FY,2026-02-25,10-K,0001045810-26-000021,edgar:0001045810-26-000021:f-340,c-10,http://www.nvidia.com/role/ConsolidatedStatementsofCashFlows,"{""balance"": ""debit"", ""cik"": ""0001045810"", ""context_ref"": ""c-10"", ""period_key"": ""duration_2023-01-30_2024-01-28"", ""preferred_sign"": 1.0, ""statement_role"": ""http://www.nvidia.com/role/ConsolidatedStatementsofCashFlows"", ""statement_type"": ""CashFlowStatement"", ""weight"": 1.0}",{},False,,edgar_xbrl
f-341,cb0e541c8dbca4e51144c770eae420bc21f8605c6e0188347744b919abba0ab8,NVDA,edgar,cash_flow_statement,us-gaap:ProceedsFromMaturitiesPrepaymentsAndCallsOfAvailableForSaleSecurities,InvestmentProceeds,investmentproceeds,Proceeds from maturities of marketable securities,11226000000,11226000000.0,usd,USD,1.0,duration_2025-01-27_2026-01-25,reported,duration,2025-01-27,2026-01-25,,2026,FY,2026-02-25,10-K,0001045810-26-000021,edgar:0001045810-26-000021:f-341,c-1,http://www.nvidia.com/role/ConsolidatedStatementsofCashFlows,"{""cik"": ""0001045810"", ""context_ref"": ""c-1"", ""period_key"": ""duration_2025-01-27_2026-01-25"", ""preferred_sign"": 1.0, ""statement_role"": ""http://www.nvidia.com/role/ConsolidatedStatementsofCashFlows"", ""statement_type"": ""CashFlowStatement"", ""weight"": 1.0}",{},False,,edgar_xbrl
f-342,1a22a3bf28b99122b68167ccedebc08f00a10109b954bb307f7912acdd38b393,NVDA,edgar,cash_flow_statement,us-gaap:ProceedsFromMaturitiesPrepaymentsAndCallsOfAvailableForSaleSecurities,InvestmentProceeds,investmentproceeds,Proceeds from maturities of marketable securities,11195000000,11195000000.0,usd,USD,1.0,duration_2024-01-29_2025-01-26,reported,duration,2024-01-29,2025-01-26,,2026,FY,2026-02-25,10-K,0001045810-26-000021,edgar:0001045810-26-000021:f-342,c-9,http://www.nvidia.com/role/ConsolidatedStatementsofCashFlows,"{""cik"": ""0001045810"", ""context_ref"": ""c-9"", ""period_key"": ""duration_2024-01-29_2025-01-26"", ""preferred_sign"": 1.0, ""statement_role"": ""http://www.nvidia.com/role/ConsolidatedStatementsofCashFlows"", ""statement_type"": ""CashFlowStatement"", ""weight"": 1.0}",{},False,,edgar_xbrl
f-343,f206715f4cdb33517df4c48996ded7455677d4a728cc8a67b1f447bfa78c12a8,NVDA,edgar,cash_flow_statement,us-gaap:ProceedsFromMaturitiesPrepaymentsAndCallsOfAvailableForSaleSecurities,InvestmentProceeds,investmentproceeds,Proceeds from maturities of marketable securities,9732000000,9732000000.0,usd,USD,1.0,duration_2023-01-30_2024-01-28,reported,duration,2023-01-30,2024-01-28,,2025,FY,2026-02-25,10-K,0001045810-26-000021,edgar:0001045810-26-000021:f-343,c-10,http://www.nvidia.com/role/ConsolidatedStatementsofCashFlows,"{""cik"": ""0001045810"", ""context_ref"": ""c-10"", ""period_key"": ""duration_2023-01-30_2024-01-28"", ""preferred_sign"": 1.0, ""statement_role"": ""http://www.nvidia.com/role/ConsolidatedStatementsofCashFlows"", ""statement_type"": ""CashFlowStatement"", ""weight"": 1.0}",{},False,,edgar_xbrl
f-344,cfdb739604685097634cf0a170cbd264dea72a2285420563bff4c260251e7a36,NVDA,edgar,cash_flow_statement,us-gaap:ProceedsFromSaleOfEquitySecuritiesFvNi,NetCashFromInvestingActivities,netcashfrominvestingactivities,Proceeds from sales of non-marketable equity securities,84000000,84000000.0,usd,USD,1.0,duration_2025-01-27_2026-01-25,reported,duration,2025-01-27,2026-01-25,,2026,FY,2026-02-25,10-K,0001045810-26-000021,edgar:0001045810-26-000021:f-344,c-1,http://www.nvidia.com/role/ConsolidatedStatementsofCashFlows,"{""cik"": ""0001045810"", ""context_ref"": ""c-1"", ""period_key"": ""duration_2025-01-27_2026-01-25"", ""preferred_sign"": 1.0, ""statement_role"": ""http://www.nvidia.com/role/ConsolidatedStatementsofCashFlows"", ""statement_type"": ""CashFlowStatement"", ""weight"": 1.0}",{},False,,edgar_xbrl
f-345,207dace89c8c28b4419166ecc3ee484fe634010cff6caf4d35e5f6a75194fd6c,NVDA,edgar,cash_flow_statement,us-gaap:ProceedsFromSaleOfEquitySecuritiesFvNi,NetCashFromInvestingActivities,netcashfrominvestingactivities,Proceeds from sales of non-marketable equity securities,171000000,171000000.0,usd,USD,1.0,duration_2024-01-29_2025-01-26,reported,duration,2024-01-29,2025-01-26,,2026,FY,2026-02-25,10-K,0001045810-26-000021,edgar:0001045810-26-000021:f-345,c-9,http://www.nvidia.com/role/ConsolidatedStatementsofCashFlows,"{""cik"": ""0001045810"", ""context_ref"": ""c-9"", ""period_key"": ""duration_2024-01-29_2025-01-26"", ""preferred_sign"": 1.0, ""statement_role"": ""http://www.nvidia.com/role/ConsolidatedStatementsofCashFlows"", ""statement_type"": ""CashFlowStatement"", ""weight"": 1.0}",{},False,,edgar_xbrl
f-346,bbb4d30e104d0f3cfe5b0bd777a2e749b842f79380813279ef3ba5afc300986b,NVDA,edgar,cash_flow_statement,us-gaap:ProceedsFromSaleOfEquitySecuritiesFvNi,NetCashFromInvestingActivities,netcashfrominvestingactivities,Proceeds from sales of non-marketable equity securities,1000000,1000000.0,usd,USD,1.0,duration_2023-01-30_2024-01-28,reported,duration,2023-01-30,2024-01-28,,2025,FY,2026-02-25,10-K,0001045810-26-000021,edgar:0001045810-26-000021:f-346,c-10,http://www.nvidia.com/role/ConsolidatedStatementsofCashFlows,"{""cik"": ""0001045810"", ""context_ref"": ""c-10"", ""period_key"": ""duration_2023-01-30_2024-01-28"", ""preferred_sign"": 1.0, ""statement_role"": ""http://www.nvidia.com/role/ConsolidatedStatementsofCashFlows"", ""statement_type"": ""CashFlowStatement"", ""weight"": 1.0}",{},False,,edgar_xbrl
f-347,cd8009790d622efd4f3b572370e1441830b23d5cbd88c52340728515b7dcb39d,NVDA,edgar,cash_flow_statement,us-gaap:PaymentsToAcquireAvailableForSaleSecuritiesDebt,,paymentstoacquireavailableforsalesecuritiesdebt,Purchases of marketable securities,40616000000,40616000000.0,usd,USD,1.0,duration_2025-01-27_2026-01-25,reported,duration,2025-01-27,2026-01-25,,2026,FY,2026-02-25,10-K,0001045810-26-000021,edgar:0001045810-26-000021:f-347,c-1,http://www.nvidia.com/role/ConsolidatedStatementsofCashFlows,"{""cik"": ""0001045810"", ""context_ref"": ""c-1"", ""period_key"": ""duration_2025-01-27_2026-01-25"", ""preferred_sign"": 1.0, ""statement_role"": ""http://www.nvidia.com/role/ConsolidatedStatementsofCashFlows"", ""statement_type"": ""CashFlowStatement"", ""weight"": -1.0}",{},False,,edgar_xbrl
f-348,141a06275cec0c4a0ac95391f9f39b14b65654bcac82d9419980ad74d7d1a3a6,NVDA,edgar,cash_flow_statement,us-gaap:PaymentsToAcquireAvailableForSaleSecuritiesDebt,,paymentstoacquireavailableforsalesecuritiesdebt,Purchases of marketable securities,26575000000,26575000000.0,usd,USD,1.0,duration_2024-01-29_2025-01-26,reported,duration,2024-01-29,2025-01-26,,2026,FY,2026-02-25,10-K,0001045810-26-000021,edgar:0001045810-26-000021:f-348,c-9,http://www.nvidia.com/role/ConsolidatedStatementsofCashFlows,"{""cik"": ""0001045810"", ""context_ref"": ""c-9"", ""period_key"": ""duration_2024-01-29_2025-01-26"", ""preferred_sign"": 1.0, ""statement_role"": ""http://www.nvidia.com/role/ConsolidatedStatementsofCashFlows"", ""statement_type"": ""CashFlowStatement"", ""weight"": -1.0}",{},False,,edgar_xbrl
f-349,3f82788a3d38ed1080e6a3bb8a85e1f4abe289dd3bb0789211a269040127064c,NVDA,edgar,cash_flow_statement,us-gaap:PaymentsToAcquireAvailableForSaleSecuritiesDebt,,paymentstoacquireavailableforsalesecuritiesdebt,Purchases of marketable securities,18211000000,18211000000.0,usd,USD,1.0,duration_2023-01-30_2024-01-28,reported,duration,2023-01-30,2024-01-28,,2025,FY,2026-02-25,10-K,0001045810-26-000021,edgar:0001045810-26-000021:f-349,c-10,http://www.nvidia.com/role/ConsolidatedStatementsofCashFlows,"{""cik"": ""0001045810"", ""context_ref"": ""c-10"", ""period_key"": ""duration_2023-01-30_2024-01-28"", ""preferred_sign"": 1.0, ""statement_role"": ""http://www.nvidia.com/role/ConsolidatedStatementsofCashFlows"", ""statement_type"": ""CashFlowStatement"", ""weight"": -1.0}",{},False,,edgar_xbrl
f-350,7653350e4e08289c2805cb329b7c281daa4ed4cb89319fd1367792a2cf39e3e7,NVDA,edgar,cash_flow_statement,us-gaap:PaymentsToAcquireEquitySecuritiesFvNi,InvestmentPurchases,investmentpurchases,Purchases of non-marketable equity securities,17502000000,17502000000.0,usd,USD,1.0,duration_2025-01-27_2026-01-25,reported,duration,2025-01-27,2026-01-25,,2026,FY,2026-02-25,10-K,0001045810-26-000021,edgar:0001045810-26-000021:f-350,c-1,http://www.nvidia.com/role/ConsolidatedStatementsofCashFlows,"{""cik"": ""0001045810"", ""context_ref"": ""c-1"", ""period_key"": ""duration_2025-01-27_2026-01-25"", ""preferred_sign"": 1.0, ""statement_role"": ""http://www.nvidia.com/role/ConsolidatedStatementsofCashFlows"", ""statement_type"": ""CashFlowStatement"", ""weight"": -1.0}",{},False,,edgar_xbrl
f-351,fa305af13ce41e3fe8779f49bc407ca05f498080dae16c7039d0c92bbeb4b780,NVDA,edgar,cash_flow_statement,us-gaap:PaymentsToAcquireEquitySecuritiesFvNi,InvestmentPurchases,investmentpurchases,Purchases of non-marketable equity securities,1486000000,1486000000.0,usd,USD,1.0,duration_2024-01-29_2025-01-26,reported,duration,2024-01-29,2025-01-26,,2026,FY,2026-02-25,10-K,0001045810-26-000021,edgar:0001045810-26-000021:f-351,c-9,http://www.nvidia.com/role/ConsolidatedStatementsofCashFlows,"{""cik"": ""0001045810"", ""context_ref"": ""c-9"", ""period_key"": ""duration_2024-01-29_2025-01-26"", ""preferred_sign"": 1.0, ""statement_role"": ""http://www.nvidia.com/role/ConsolidatedStatementsofCashFlows"", ""statement_type"": ""CashFlowStatement"", ""weight"": -1.0}",{},False,,edgar_xbrl
f-352,0c0b532e1c61081f31fc4917d486e777e7309305f7f1d72b518dacfd23bd8fbb,NVDA,edgar,cash_flow_statement,us-gaap:PaymentsToAcquireEquitySecuritiesFvNi,InvestmentPurchases,investmentpurchases,Purchases of non-marketable equity securities,862000000,862000000.0,usd,USD,1.0,duration_2023-01-30_2024-01-28,reported,duration,2023-01-30,2024-01-28,,2025,FY,2026-02-25,10-K,0001045810-26-000021,edgar:0001045810-26-000021:f-352,c-10,http://www.nvidia.com/role/ConsolidatedStatementsofCashFlows,"{""cik"": ""0001045810"", ""context_ref"": ""c-10"", ""period_key"": ""duration_2023-01-30_2024-01-28"", ""preferred_sign"": 1.0, ""statement_role"": ""http://www.nvidia.com/role/ConsolidatedStatementsofCashFlows"", ""statement_type"": ""CashFlowStatement"", ""weight"": -1.0}",{},False,,edgar_xbrl
f-353,5b911f446e1a13a8c9f55e8339f30eff7a5f08bdb510ec8b1c5cad06f74cf838,NVDA,edgar,cash_flow_statement,us-gaap:PaymentsToAcquireBusinessTwoNetOfCashAcquired,,paymentstoacquirebusinesstwonetofcashacquired,"Groq, Inc.",13000000000,13000000000.0,usd,USD,1.0,duration_2025-01-27_2026-01-25,reported,duration,2025-01-27,2026-01-25,,2026,FY,2026-02-25,10-K,0001045810-26-000021,edgar:0001045810-26-000021:f-353,c-1,http://www.nvidia.com/role/ConsolidatedStatementsofCashFlows,"{""cik"": ""0001045810"", ""context_ref"": ""c-1"", ""period_key"": ""duration_2025-01-27_2026-01-25"", ""preferred_sign"": 1.0, ""statement_role"": ""http://www.nvidia.com/role/ConsolidatedStatementsofCashFlows"", ""statement_type"": ""CashFlowStatement"", ""weight"": -1.0}",{},False,,edgar_xbrl
f-354,bc1e9f75b246c48674b197057789e9112839b63d25630ed69aff5fb376c65229,NVDA,edgar,cash_flow_statement,us-gaap:PaymentsToAcquireBusinessTwoNetOfCashAcquired,,paymentstoacquirebusinesstwonetofcashacquired,"Groq, Inc.",0,0.0,usd,USD,1.0,duration_2024-01-29_2025-01-26,reported,duration,2024-01-29,2025-01-26,,2026,FY,2026-02-25,10-K,0001045810-26-000021,edgar:0001045810-26-000021:f-354,c-9,http://www.nvidia.com/role/ConsolidatedStatementsofCashFlows,"{""cik"": ""0001045810"", ""context_ref"": ""c-9"", ""period_key"": ""duration_2024-01-29_2025-01-26"", ""preferred_sign"": 1.0, ""statement_role"": ""http://www.nvidia.com/role/ConsolidatedStatementsofCashFlows"", ""statement_type"": ""CashFlowStatement"", ""weight"": -1.0}",{},False,,edgar_xbrl
f-355,b60a3da9ab3fd59362ad87e140bd32fc378b00dc8a787384c749e0679d5e8bfe,NVDA,edgar,cash_flow_statement,us-gaap:PaymentsToAcquireBusinessTwoNetOfCashAcquired,,paymentstoacquirebusinesstwonetofcashacquired,"Groq, Inc.",0,0.0,usd,USD,1.0,duration_2023-01-30_2024-01-28,reported,duration,2023-01-30,2024-01-28,,2025,FY,2026-02-25,10-K,0001045810-26-000021,edgar:0001045810-26-000021:f-355,c-10,http://www.nvidia.com/role/ConsolidatedStatementsofCashFlows,"{""cik"": ""0001045810"", ""context_ref"": ""c-10"", ""period_key"": ""duration_2023-01-30_2024-01-28"", ""preferred_sign"": 1.0, ""statement_role"": ""http://www.nvidia.com/role/ConsolidatedStatementsofCashFlows"", ""statement_type"": ""CashFlowStatement"", ""weight"": -1.0}",{},False,,edgar_xbrl
f-356,e9e19b4257c13fb10756bf16ea37ba4aef0a588ea36e388389257cd488891c29,NVDA,edgar,cash_flow_statement,us-gaap:PaymentsToAcquireProductiveAssets,CapitalExpenses,capitalexpenses,Purchases related to property and equipment and intangible assets,6042000000,6042000000.0,usd,USD,1.0,duration_2025-01-27_2026-01-25,reported,duration,2025-01-27,2026-01-25,,2026,FY,2026-02-25,10-K,0001045810-26-000021,edgar:0001045810-26-000021:f-356,c-1,http://www.nvidia.com/role/ConsolidatedStatementsofCashFlows,"{""cik"": ""0001045810"", ""context_ref"": ""c-1"", ""period_key"": ""duration_2025-01-27_2026-01-25"", ""preferred_sign"": 1.0, ""statement_role"": ""http://www.nvidia.com/role/ConsolidatedStatementsofCashFlows"", ""statement_type"": ""CashFlowStatement"", ""weight"": -1.0}",{},False,,edgar_xbrl
f-357,00abe01073f3f75acdddbd471d7ac389c0db93a0f00c363abc1dda77fa9dc372,NVDA,edgar,cash_flow_statement,us-gaap:PaymentsToAcquireProductiveAssets,CapitalExpenses,capitalexpenses,Purchases related to property and equipment and intangible assets,3236000000,3236000000.0,usd,USD,1.0,duration_2024-01-29_2025-01-26,reported,duration,2024-01-29,2025-01-26,,2026,FY,2026-02-25,10-K,0001045810-26-000021,edgar:0001045810-26-000021:f-357,c-9,http://www.nvidia.com/role/ConsolidatedStatementsofCashFlows,"{""cik"": ""0001045810"", ""context_ref"": ""c-9"", ""period_key"": ""duration_2024-01-29_2025-01-26"", ""preferred_sign"": 1.0, ""statement_role"": ""http://www.nvidia.com/role/ConsolidatedStatementsofCashFlows"", ""statement_type"": ""CashFlowStatement"", ""weight"": -1.0}",{},False,,edgar_xbrl
f-358,d8a6ae8b5bcde5a2fd4f40e17617faa3e5411f60f8a7bb66f83ccd1455de345c,NVDA,edgar,cash_flow_statement,us-gaap:PaymentsToAcquireProductiveAssets,CapitalExpenses,capitalexpenses,Purchases related to property and equipment and intangible assets,1069000000,1069000000.0,usd,USD,1.0,duration_2023-01-30_2024-01-28,reported,duration,2023-01-30,2024-01-28,,2025,FY,2026-02-25,10-K,0001045810-26-000021,edgar:0001045810-26-000021:f-358,c-10,http://www.nvidia.com/role/ConsolidatedStatementsofCashFlows,"{""cik"": ""0001045810"", ""context_ref"": ""c-10"", ""period_key"": ""duration_2023-01-30_2024-01-28"", ""preferred_sign"": 1.0, ""statement_role"": ""http://www.nvidia.com/role/ConsolidatedStatementsofCashFlows"", ""statement_type"": ""CashFlowStatement"", ""weight"": -1.0}",{},False,,edgar_xbrl
f-359,3c57731c5fa2e964e0287112edd61d63432c18797dc166e0ff51b9704219000b,NVDA,edgar,cash_flow_statement,us-gaap:PaymentsToAcquireBusinessesNetOfCashAcquired,AcquisitionsNet,acquisitionsnet,"Acquisitions, net of cash acquired",1535000000,1535000000.0,usd,USD,1.0,duration_2025-01-27_2026-01-25,reported,duration,2025-01-27,2026-01-25,,2026,FY,2026-02-25,10-K,0001045810-26-000021,edgar:0001045810-26-000021:f-359,c-1,http://www.nvidia.com/role/ConsolidatedStatementsofCashFlows,"{""balance"": ""credit"", ""cik"": ""0001045810"", ""context_ref"": ""c-1"", ""period_key"": ""duration_2025-01-27_2026-01-25"", ""preferred_sign"": 1.0, ""statement_role"": ""http://www.nvidia.com/role/ConsolidatedStatementsofCashFlows"", ""statement_type"": ""CashFlowStatement"", ""weight"": -1.0}",{},False,,edgar_xbrl
f-360,2e7d0545698ceef9beb9994e6dfc3c7cee1f8783c7ab16814390047dff516855,NVDA,edgar,cash_flow_statement,us-gaap:PaymentsToAcquireBusinessesNetOfCashAcquired,AcquisitionsNet,acquisitionsnet,"Acquisitions, net of cash acquired",1007000000,1007000000.0,usd,USD,1.0,duration_2024-01-29_2025-01-26,reported,duration,2024-01-29,2025-01-26,,2026,FY,2026-02-25,10-K,0001045810-26-000021,edgar:0001045810-26-000021:f-360,c-9,http://www.nvidia.com/role/ConsolidatedStatementsofCashFlows,"{""balance"": ""credit"", ""cik"": ""0001045810"", ""context_ref"": ""c-9"", ""period_key"": ""duration_2024-01-29_2025-01-26"", ""preferred_sign"": 1.0, ""statement_role"": ""http://www.nvidia.com/role/ConsolidatedStatementsofCashFlows"", ""statement_type"": ""CashFlowStatement"", ""weight"": -1.0}",{},False,,edgar_xbrl
f-361,b792f52e45e2c4fcbb321c92edbf603c65a309f551f6ae9f30e54fb1cf735373,NVDA,edgar,cash_flow_statement,us-gaap:PaymentsToAcquireBusinessesNetOfCashAcquired,AcquisitionsNet,acquisitionsnet,"Acquisitions, net of cash acquired",83000000,83000000.0,usd,USD,1.0,duration_2023-01-30_2024-01-28,reported,duration,2023-01-30,2024-01-28,,2025,FY,2026-02-25,10-K,0001045810-26-000021,edgar:0001045810-26-000021:f-361,c-10,http://www.nvidia.com/role/ConsolidatedStatementsofCashFlows,"{""balance"": ""credit"", ""cik"": ""0001045810"", ""context_ref"": ""c-10"", ""period_key"": ""duration_2023-01-30_2024-01-28"", ""preferred_sign"": 1.0, ""statement_role"": ""http://www.nvidia.com/role/ConsolidatedStatementsofCashFlows"", ""statement_type"": ""CashFlowStatement"", ""weight"": -1.0}",{},False,,edgar_xbrl
f-362,1e5d00cbb17674acf330ed873f29ea9ddc885ecd560cbbfa46997e9ba2906e15,NVDA,edgar,cash_flow_statement,us-gaap:PaymentsForProceedsFromOtherInvestingActivities,NetCashFromInvestingActivities,netcashfrominvestingactivities,Other,0,0.0,usd,USD,1.0,duration_2025-01-27_2026-01-25,reported,duration,2025-01-27,2026-01-25,,2026,FY,2026-02-25,10-K,0001045810-26-000021,edgar:0001045810-26-000021:f-362,c-1,http://www.nvidia.com/role/ConsolidatedStatementsofCashFlows,"{""cik"": ""0001045810"", ""context_ref"": ""c-1"", ""period_key"": ""duration_2025-01-27_2026-01-25"", ""preferred_sign"": 1.0, ""statement_role"": ""http://www.nvidia.com/role/ConsolidatedStatementsofCashFlows"", ""statement_type"": ""CashFlowStatement"", ""weight"": -1.0}",{},False,,edgar_xbrl
f-363,c276abd85b9a07f6e2dad406d666cdb54f285016cfe03d53b903a4e50723c600,NVDA,edgar,cash_flow_statement,us-gaap:PaymentsForProceedsFromOtherInvestingActivities,NetCashFromInvestingActivities,netcashfrominvestingactivities,Other,-22000000,-22000000.0,usd,USD,1.0,duration_2024-01-29_2025-01-26,reported,duration,2024-01-29,2025-01-26,,2026,FY,2026-02-25,10-K,0001045810-26-000021,edgar:0001045810-26-000021:f-363,c-9,http://www.nvidia.com/role/ConsolidatedStatementsofCashFlows,"{""cik"": ""0001045810"", ""context_ref"": ""c-9"", ""period_key"": ""duration_2024-01-29_2025-01-26"", ""preferred_sign"": 1.0, ""statement_role"": ""http://www.nvidia.com/role/ConsolidatedStatementsofCashFlows"", ""statement_type"": ""CashFlowStatement"", ""weight"": -1.0}",{},False,,edgar_xbrl
f-364,c8fa071a77b67746c2ec10fbae251a2b88d76f6f215e26eb7e72c2dcdf277431,NVDA,edgar,cash_flow_statement,us-gaap:PaymentsForProceedsFromOtherInvestingActivities,NetCashFromInvestingActivities,netcashfrominvestingactivities,Other,124000000,124000000.0,usd,USD,1.0,duration_2023-01-30_2024-01-28,reported,duration,2023-01-30,2024-01-28,,2025,FY,2026-02-25,10-K,0001045810-26-000021,edgar:0001045810-26-000021:f-364,c-10,http://www.nvidia.com/role/ConsolidatedStatementsofCashFlows,"{""cik"": ""0001045810"", ""context_ref"": ""c-10"", ""period_key"": ""duration_2023-01-30_2024-01-28"", ""preferred_sign"": 1.0, ""statement_role"": ""http://www.nvidia.com/role/ConsolidatedStatementsofCashFlows"", ""statement_type"": ""CashFlowStatement"", ""weight"": -1.0}",{},False,,edgar_xbrl
f-365,315aad066ba49b1c08d83e06fab186352c2aab32459d7a0c0a8f744ef5f6b4c4,NVDA,edgar,cash_flow_statement,us-gaap:NetCashProvidedByUsedInInvestingActivities,NetCashFromInvestingActivities,netcashfrominvestingactivities,Net cash used in investing activities,-52228000000,-52228000000.0,usd,USD,1.0,duration_2025-01-27_2026-01-25,reported,duration,2025-01-27,2026-01-25,,2026,FY,2026-02-25,10-K,0001045810-26-000021,edgar:0001045810-26-000021:f-365,c-1,http://www.nvidia.com/role/ConsolidatedStatementsofCashFlows,"{""balance"": ""debit"", ""cik"": ""0001045810"", ""context_ref"": ""c-1"", ""period_key"": ""duration_2025-01-27_2026-01-25"", ""preferred_sign"": 1.0, ""statement_role"": ""http://www.nvidia.com/role/ConsolidatedStatementsofCashFlows"", ""statement_type"": ""CashFlowStatement"", ""weight"": 1.0}",{},False,,edgar_xbrl
f-366,e1e4118b04c11a1c3422a1e2d0c9aaad1a347945e7900b7978b8c3edb0c8c959,NVDA,edgar,cash_flow_statement,us-gaap:NetCashProvidedByUsedInInvestingActivities,NetCashFromInvestingActivities,netcashfrominvestingactivities,Net cash used in investing activities,-20421000000,-20421000000.0,usd,USD,1.0,duration_2024-01-29_2025-01-26,reported,duration,2024-01-29,2025-01-26,,2026,FY,2026-02-25,10-K,0001045810-26-000021,edgar:0001045810-26-000021:f-366,c-9,http://www.nvidia.com/role/ConsolidatedStatementsofCashFlows,"{""balance"": ""debit"", ""cik"": ""0001045810"", ""context_ref"": ""c-9"", ""period_key"": ""duration_2024-01-29_2025-01-26"", ""preferred_sign"": 1.0, ""statement_role"": ""http://www.nvidia.com/role/ConsolidatedStatementsofCashFlows"", ""statement_type"": ""CashFlowStatement"", ""weight"": 1.0}",{},False,,edgar_xbrl
f-367,89c0fb33bb2e9ba5d7e85cb5a0360081747fdc09b3a337cb345d9ba5465755fc,NVDA,edgar,cash_flow_statement,us-gaap:NetCashProvidedByUsedInInvestingActivities,NetCashFromInvestingActivities,netcashfrominvestingactivities,Net cash used in investing activities,-10566000000,-10566000000.0,usd,USD,1.0,duration_2023-01-30_2024-01-28,reported,duration,2023-01-30,2024-01-28,,2025,FY,2026-02-25,10-K,0001045810-26-000021,edgar:0001045810-26-000021:f-367,c-10,http://www.nvidia.com/role/ConsolidatedStatementsofCashFlows,"{""balance"": ""debit"", ""cik"": ""0001045810"", ""context_ref"": ""c-10"", ""period_key"": ""duration_2023-01-30_2024-01-28"", ""preferred_sign"": 1.0, ""statement_role"": ""http://www.nvidia.com/role/ConsolidatedStatementsofCashFlows"", ""statement_type"": ""CashFlowStatement"", ""weight"": 1.0}",{},False,,edgar_xbrl
f-368,6c08d52ee65c4371bb1693af805ff6489730d357da648a351c8b43ab69ed9d4f,NVDA,edgar,cash_flow_statement,us-gaap:ProceedsFromStockPlans,StockIssuanceProceeds,stockissuanceproceeds,Proceeds related to employee stock plans,644000000,644000000.0,usd,USD,1.0,duration_2025-01-27_2026-01-25,reported,duration,2025-01-27,2026-01-25,,2026,FY,2026-02-25,10-K,0001045810-26-000021,edgar:0001045810-26-000021:f-368,c-1,http://www.nvidia.com/role/ConsolidatedStatementsofCashFlows,"{""cik"": ""0001045810"", ""context_ref"": ""c-1"", ""period_key"": ""duration_2025-01-27_2026-01-25"", ""preferred_sign"": 1.0, ""statement_role"": ""http://www.nvidia.com/role/ConsolidatedStatementsofCashFlows"", ""statement_type"": ""CashFlowStatement"", ""weight"": 1.0}",{},False,,edgar_xbrl
f-369,eef7bc798a03ecb2b5e0d855143464ed5e451b6f5b1bbbd9cb56fc7035c0d4ef,NVDA,edgar,cash_flow_statement,us-gaap:ProceedsFromStockPlans,StockIssuanceProceeds,stockissuanceproceeds,Proceeds related to employee stock plans,490000000,490000000.0,usd,USD,1.0,duration_2024-01-29_2025-01-26,reported,duration,2024-01-29,2025-01-26,,2026,FY,2026-02-25,10-K,0001045810-26-000021,edgar:0001045810-26-000021:f-369,c-9,http://www.nvidia.com/role/ConsolidatedStatementsofCashFlows,"{""cik"": ""0001045810"", ""context_ref"": ""c-9"", ""period_key"": ""duration_2024-01-29_2025-01-26"", ""preferred_sign"": 1.0, ""statement_role"": ""http://www.nvidia.com/role/ConsolidatedStatementsofCashFlows"", ""statement_type"": ""CashFlowStatement"", ""weight"": 1.0}",{},False,,edgar_xbrl
f-370,0e7ea8068401138770f08e0b9432dfe46aa9405c1b248f3ac963b3f9c13b08ac,NVDA,edgar,cash_flow_statement,us-gaap:ProceedsFromStockPlans,StockIssuanceProceeds,stockissuanceproceeds,Proceeds related to employee stock plans,403000000,403000000.0,usd,USD,1.0,duration_2023-01-30_2024-01-28,reported,duration,2023-01-30,2024-01-28,,2025,FY,2026-02-25,10-K,0001045810-26-000021,edgar:0001045810-26-000021:f-370,c-10,http://www.nvidia.com/role/ConsolidatedStatementsofCashFlows,"{""cik"": ""0001045810"", ""context_ref"": ""c-10"", ""period_key"": ""duration_2023-01-30_2024-01-28"", ""preferred_sign"": 1.0, ""statement_role"": ""http://www.nvidia.com/role/ConsolidatedStatementsofCashFlows"", ""statement_type"": ""CashFlowStatement"", ""weight"": 1.0}",{},False,,edgar_xbrl
f-371,832e04226edc6d2c26f839306d1249ed0f358fcf6a0a6ea0d9d0f4a0a15ee0f3,NVDA,edgar,cash_flow_statement,us-gaap:PaymentsForRepurchaseOfCommonStock,EquityExpenseIncome(BuybackIssued),equityexpenseincome_buybackissued,Payments related to repurchases of common stock,40086000000,40086000000.0,usd,USD,1.0,duration_2025-01-27_2026-01-25,reported,duration,2025-01-27,2026-01-25,,2026,FY,2026-02-25,10-K,0001045810-26-000021,edgar:0001045810-26-000021:f-371,c-1,http://www.nvidia.com/role/ConsolidatedStatementsofCashFlows,"{""balance"": ""credit"", ""cik"": ""0001045810"", ""context_ref"": ""c-1"", ""period_key"": ""duration_2025-01-27_2026-01-25"", ""preferred_sign"": 1.0, ""statement_role"": ""http://www.nvidia.com/role/ConsolidatedStatementsofCashFlows"", ""statement_type"": ""CashFlowStatement"", ""weight"": -1.0}",{},False,,edgar_xbrl
f-372,9e2c62fe1597669be527149d89931c414da71593bf15c8ba8ab130e25a2e71c2,NVDA,edgar,cash_flow_statement,us-gaap:PaymentsForRepurchaseOfCommonStock,EquityExpenseIncome(BuybackIssued),equityexpenseincome_buybackissued,Payments related to repurchases of common stock,33706000000,33706000000.0,usd,USD,1.0,duration_2024-01-29_2025-01-26,reported,duration,2024-01-29,2025-01-26,,2026,FY,2026-02-25,10-K,0001045810-26-000021,edgar:0001045810-26-000021:f-372,c-9,http://www.nvidia.com/role/ConsolidatedStatementsofCashFlows,"{""balance"": ""credit"", ""cik"": ""0001045810"", ""context_ref"": ""c-9"", ""period_key"": ""duration_2024-01-29_2025-01-26"", ""preferred_sign"": 1.0, ""statement_role"": ""http://www.nvidia.com/role/ConsolidatedStatementsofCashFlows"", ""statement_type"": ""CashFlowStatement"", ""weight"": -1.0}",{},False,,edgar_xbrl
f-373,e496d557cdaf45ad912cc6343d122f53fc1abc242bf921abe8ec0fe4c3255d66,NVDA,edgar,cash_flow_statement,us-gaap:PaymentsForRepurchaseOfCommonStock,EquityExpenseIncome(BuybackIssued),equityexpenseincome_buybackissued,Payments related to repurchases of common stock,9533000000,9533000000.0,usd,USD,1.0,duration_2023-01-30_2024-01-28,reported,duration,2023-01-30,2024-01-28,,2025,FY,2026-02-25,10-K,0001045810-26-000021,edgar:0001045810-26-000021:f-373,c-10,http://www.nvidia.com/role/ConsolidatedStatementsofCashFlows,"{""balance"": ""credit"", ""cik"": ""0001045810"", ""context_ref"": ""c-10"", ""period_key"": ""duration_2023-01-30_2024-01-28"", ""preferred_sign"": 1.0, ""statement_role"": ""http://www.nvidia.com/role/ConsolidatedStatementsofCashFlows"", ""statement_type"": ""CashFlowStatement"", ""weight"": -1.0}",{},False,,edgar_xbrl
f-374,833177c58e6a604354bc890daaf99e911572a2d67982e6b922fdf954cd52fd07,NVDA,edgar,cash_flow_statement,us-gaap:PaymentsRelatedToTaxWithholdingForShareBasedCompensation,,paymentsrelatedtotaxwithholdingforsharebasedcompensation,Payments related to employee stock plan taxes,7948000000,7948000000.0,usd,USD,1.0,duration_2025-01-27_2026-01-25,reported,duration,2025-01-27,2026-01-25,,2026,FY,2026-02-25,10-K,0001045810-26-000021,edgar:0001045810-26-000021:f-374,c-1,http://www.nvidia.com/role/ConsolidatedStatementsofCashFlows,"{""cik"": ""0001045810"", ""context_ref"": ""c-1"", ""period_key"": ""duration_2025-01-27_2026-01-25"", ""preferred_sign"": 1.0, ""statement_role"": ""http://www.nvidia.com/role/ConsolidatedStatementsofCashFlows"", ""statement_type"": ""CashFlowStatement"", ""weight"": -1.0}",{},False,,edgar_xbrl
f-375,bab586e865385759702232ee5712cd9d655fa1b696381810cc6ec42eb4678a3b,NVDA,edgar,cash_flow_statement,us-gaap:PaymentsRelatedToTaxWithholdingForShareBasedCompensation,,paymentsrelatedtotaxwithholdingforsharebasedcompensation,Payments related to employee stock plan taxes,6930000000,6930000000.0,usd,USD,1.0,duration_2024-01-29_2025-01-26,reported,duration,2024-01-29,2025-01-26,,2026,FY,2026-02-25,10-K,0001045810-26-000021,edgar:0001045810-26-000021:f-375,c-9,http://www.nvidia.com/role/ConsolidatedStatementsofCashFlows,"{""cik"": ""0001045810"", ""context_ref"": ""c-9"", ""period_key"": ""duration_2024-01-29_2025-01-26"", ""preferred_sign"": 1.0, ""statement_role"": ""http://www.nvidia.com/role/ConsolidatedStatementsofCashFlows"", ""statement_type"": ""CashFlowStatement"", ""weight"": -1.0}",{},False,,edgar_xbrl
f-376,de3cc41925c3fce2c686a33fc760b028ae72631f91b5d670a78b1b442c2866b1,NVDA,edgar,cash_flow_statement,us-gaap:PaymentsRelatedToTaxWithholdingForShareBasedCompensation,,paymentsrelatedtotaxwithholdingforsharebasedcompensation,Payments related to employee stock plan taxes,2783000000,2783000000.0,usd,USD,1.0,duration_2023-01-30_2024-01-28,reported,duration,2023-01-30,2024-01-28,,2025,FY,2026-02-25,10-K,0001045810-26-000021,edgar:0001045810-26-000021:f-376,c-10,http://www.nvidia.com/role/ConsolidatedStatementsofCashFlows,"{""cik"": ""0001045810"", ""context_ref"": ""c-10"", ""period_key"": ""duration_2023-01-30_2024-01-28"", ""preferred_sign"": 1.0, ""statement_role"": ""http://www.nvidia.com/role/ConsolidatedStatementsofCashFlows"", ""statement_type"": ""CashFlowStatement"", ""weight"": -1.0}",{},False,,edgar_xbrl
f-380,50674ccdac2d76446b07682f7909f6c3766bdca27ae6e062e63f037a9fd17e0a,NVDA,edgar,cash_flow_statement,nvda:PaymentsForFinancedPropertyPlantAndEquipmentAndIntangibleAssetsFinancingActivities,,paymentsforfinancedpropertyplantandequipmentandintangibleassetsfinancingactivities,Principal payments on property and equipment and intangible assets,101000000,101000000.0,usd,USD,1.0,duration_2025-01-27_2026-01-25,reported,duration,2025-01-27,2026-01-25,,2026,FY,2026-02-25,10-K,0001045810-26-000021,edgar:0001045810-26-000021:f-380,c-1,http://www.nvidia.com/role/ConsolidatedStatementsofCashFlows,"{""balance"": ""credit"", ""cik"": ""0001045810"", ""context_ref"": ""c-1"", ""period_key"": ""duration_2025-01-27_2026-01-25"", ""preferred_sign"": 1.0, ""statement_role"": ""http://www.nvidia.com/role/ConsolidatedStatementsofCashFlows"", ""statement_type"": ""CashFlowStatement"", ""weight"": -1.0}",{},False,,edgar_xbrl
f-381,259b37e196c577fb5180e1682fd136cafc23ddb228b38c1238f6a96868618475,NVDA,edgar,cash_flow_statement,nvda:PaymentsForFinancedPropertyPlantAndEquipmentAndIntangibleAssetsFinancingActivities,,paymentsforfinancedpropertyplantandequipmentandintangibleassetsfinancingactivities,Principal payments on property and equipment and intangible assets,129000000,129000000.0,usd,USD,1.0,duration_2024-01-29_2025-01-26,reported,duration,2024-01-29,2025-01-26,,2026,FY,2026-02-25,10-K,0001045810-26-000021,edgar:0001045810-26-000021:f-381,c-9,http://www.nvidia.com/role/ConsolidatedStatementsofCashFlows,"{""balance"": ""credit"", ""cik"": ""0001045810"", ""context_ref"": ""c-9"", ""period_key"": ""duration_2024-01-29_2025-01-26"", ""preferred_sign"": 1.0, ""statement_role"": ""http://www.nvidia.com/role/ConsolidatedStatementsofCashFlows"", ""statement_type"": ""CashFlowStatement"", ""weight"": -1.0}",{},False,,edgar_xbrl
f-382,63ee43bb14c8dde7b3bcb909744a2210a067064f35a6abb9a6e61773d8a31956,NVDA,edgar,cash_flow_statement,nvda:PaymentsForFinancedPropertyPlantAndEquipmentAndIntangibleAssetsFinancingActivities,,paymentsforfinancedpropertyplantandequipmentandintangibleassetsfinancingactivities,Principal payments on property and equipment and intangible assets,74000000,74000000.0,usd,USD,1.0,duration_2023-01-30_2024-01-28,reported,duration,2023-01-30,2024-01-28,,2025,FY,2026-02-25,10-K,0001045810-26-000021,edgar:0001045810-26-000021:f-382,c-10,http://www.nvidia.com/role/ConsolidatedStatementsofCashFlows,"{""balance"": ""credit"", ""cik"": ""0001045810"", ""context_ref"": ""c-10"", ""period_key"": ""duration_2023-01-30_2024-01-28"", ""preferred_sign"": 1.0, ""statement_role"": ""http://www.nvidia.com/role/ConsolidatedStatementsofCashFlows"", ""statement_type"": ""CashFlowStatement"", ""weight"": -1.0}",{},False,,edgar_xbrl
f-383,c7451ea3656a7316a0d19037ad94214330ca70226e874be4ddd80bcc329f08d7,NVDA,edgar,cash_flow_statement,us-gaap:RepaymentsOfDebt,DebtRepayments,debtrepayments,Repayment of debt,0,0.0,usd,USD,1.0,duration_2025-01-27_2026-01-25,reported,duration,2025-01-27,2026-01-25,,2026,FY,2026-02-25,10-K,0001045810-26-000021,edgar:0001045810-26-000021:f-383,c-1,http://www.nvidia.com/role/ConsolidatedStatementsofCashFlows,"{""cik"": ""0001045810"", ""context_ref"": ""c-1"", ""period_key"": ""duration_2025-01-27_2026-01-25"", ""preferred_sign"": 1.0, ""statement_role"": ""http://www.nvidia.com/role/ConsolidatedStatementsofCashFlows"", ""statement_type"": ""CashFlowStatement"", ""weight"": -1.0}",{},False,,edgar_xbrl
f-384,46b39680663f95cba094cd45d55cfc403e31094be30549b55953028ae5e99ec5,NVDA,edgar,cash_flow_statement,us-gaap:RepaymentsOfDebt,DebtRepayments,debtrepayments,Repayment of debt,1250000000,1250000000.0,usd,USD,1.0,duration_2024-01-29_2025-01-26,reported,duration,2024-01-29,2025-01-26,,2026,FY,2026-02-25,10-K,0001045810-26-000021,edgar:0001045810-26-000021:f-384,c-9,http://www.nvidia.com/role/ConsolidatedStatementsofCashFlows,"{""cik"": ""0001045810"", ""context_ref"": ""c-9"", ""period_key"": ""duration_2024-01-29_2025-01-26"", ""preferred_sign"": 1.0, ""statement_role"": ""http://www.nvidia.com/role/ConsolidatedStatementsofCashFlows"", ""statement_type"": ""CashFlowStatement"", ""weight"": -1.0}",{},False,,edgar_xbrl
f-385,99103b060425c91f698dfdb3bb321eb03e93659273179327df7789eabbf5190b,NVDA,edgar,cash_flow_statement,us-gaap:RepaymentsOfDebt,DebtRepayments,debtrepayments,Repayment of debt,1250000000,1250000000.0,usd,USD,1.0,duration_2023-01-30_2024-01-28,reported,duration,2023-01-30,2024-01-28,,2025,FY,2026-02-25,10-K,0001045810-26-000021,edgar:0001045810-26-000021:f-385,c-10,http://www.nvidia.com/role/ConsolidatedStatementsofCashFlows,"{""cik"": ""0001045810"", ""context_ref"": ""c-10"", ""period_key"": ""duration_2023-01-30_2024-01-28"", ""preferred_sign"": 1.0, ""statement_role"": ""http://www.nvidia.com/role/ConsolidatedStatementsofCashFlows"", ""statement_type"": ""CashFlowStatement"", ""weight"": -1.0}",{},False,,edgar_xbrl
f-386,6e16c5ac6cdd477b6cdceee7ff31cc5e56b3dc1c2ffc011380ad138a1a83d715,NVDA,edgar,cash_flow_statement,us-gaap:ProceedsFromPaymentsForOtherFinancingActivities,NetCashFromFinancingActivities,netcashfromfinancingactivities,Other,-9000000,-9000000.0,usd,USD,1.0,duration_2025-01-27_2026-01-25,reported,duration,2025-01-27,2026-01-25,,2026,FY,2026-02-25,10-K,0001045810-26-000021,edgar:0001045810-26-000021:f-386,c-1,http://www.nvidia.com/role/ConsolidatedStatementsofCashFlows,"{""cik"": ""0001045810"", ""context_ref"": ""c-1"", ""period_key"": ""duration_2025-01-27_2026-01-25"", ""preferred_sign"": 1.0, ""statement_role"": ""http://www.nvidia.com/role/ConsolidatedStatementsofCashFlows"", ""statement_type"": ""CashFlowStatement"", ""weight"": 1.0}",{},False,,edgar_xbrl
f-387,f2b8bbdd22b46727211190a1f2fe7737ec8b82efd6e58d83989a1b93e34f88e1,NVDA,edgar,cash_flow_statement,us-gaap:ProceedsFromPaymentsForOtherFinancingActivities,NetCashFromFinancingActivities,netcashfromfinancingactivities,Other,0,0.0,usd,USD,1.0,duration_2024-01-29_2025-01-26,reported,duration,2024-01-29,2025-01-26,,2026,FY,2026-02-25,10-K,0001045810-26-000021,edgar:0001045810-26-000021:f-387,c-9,http://www.nvidia.com/role/ConsolidatedStatementsofCashFlows,"{""cik"": ""0001045810"", ""context_ref"": ""c-9"", ""period_key"": ""duration_2024-01-29_2025-01-26"", ""preferred_sign"": 1.0, ""statement_role"": ""http://www.nvidia.com/role/ConsolidatedStatementsofCashFlows"", ""statement_type"": ""CashFlowStatement"", ""weight"": 1.0}",{},False,,edgar_xbrl
f-388,9474b34bc65a9123cc3304039ef346479424a059d62e8e4a0a4d661f88d0df8f,NVDA,edgar,cash_flow_statement,us-gaap:ProceedsFromPaymentsForOtherFinancingActivities,NetCashFromFinancingActivities,netcashfromfinancingactivities,Other,-1000000,-1000000.0,usd,USD,1.0,duration_2023-01-30_2024-01-28,reported,duration,2023-01-30,2024-01-28,,2025,FY,2026-02-25,10-K,0001045810-26-000021,edgar:0001045810-26-000021:f-388,c-10,http://www.nvidia.com/role/ConsolidatedStatementsofCashFlows,"{""cik"": ""0001045810"", ""context_ref"": ""c-10"", ""period_key"": ""duration_2023-01-30_2024-01-28"", ""preferred_sign"": 1.0, ""statement_role"": ""http://www.nvidia.com/role/ConsolidatedStatementsofCashFlows"", ""statement_type"": ""CashFlowStatement"", ""weight"": 1.0}",{},False,,edgar_xbrl
f-389,faf334a3c1980f7f2b8691501c80e023b9a5adc300c8620c07a2aaae7363bbd0,NVDA,edgar,cash_flow_statement,us-gaap:NetCashProvidedByUsedInFinancingActivities,NetCashFromFinancingActivities,netcashfromfinancingactivities,Net cash used in financing activities,-48474000000,-48474000000.0,usd,USD,1.0,duration_2025-01-27_2026-01-25,reported,duration,2025-01-27,2026-01-25,,2026,FY,2026-02-25,10-K,0001045810-26-000021,edgar:0001045810-26-000021:f-389,c-1,http://www.nvidia.com/role/ConsolidatedStatementsofCashFlows,"{""balance"": ""debit"", ""cik"": ""0001045810"", ""context_ref"": ""c-1"", ""period_key"": ""duration_2025-01-27_2026-01-25"", ""preferred_sign"": 1.0, ""statement_role"": ""http://www.nvidia.com/role/ConsolidatedStatementsofCashFlows"", ""statement_type"": ""CashFlowStatement"", ""weight"": 1.0}",{},False,,edgar_xbrl
f-390,8aba6acd94fddf0cf26e76150b5ac28b2275849e480fe57c0df588b0de5017b2,NVDA,edgar,cash_flow_statement,us-gaap:NetCashProvidedByUsedInFinancingActivities,NetCashFromFinancingActivities,netcashfromfinancingactivities,Net cash used in financing activities,-42359000000,-42359000000.0,usd,USD,1.0,duration_2024-01-29_2025-01-26,reported,duration,2024-01-29,2025-01-26,,2026,FY,2026-02-25,10-K,0001045810-26-000021,edgar:0001045810-26-000021:f-390,c-9,http://www.nvidia.com/role/ConsolidatedStatementsofCashFlows,"{""balance"": ""debit"", ""cik"": ""0001045810"", ""context_ref"": ""c-9"", ""period_key"": ""duration_2024-01-29_2025-01-26"", ""preferred_sign"": 1.0, ""statement_role"": ""http://www.nvidia.com/role/ConsolidatedStatementsofCashFlows"", ""statement_type"": ""CashFlowStatement"", ""weight"": 1.0}",{},False,,edgar_xbrl
f-391,7ff0319611e6f5e452c91afc927aa2804fe1425c61b665e87cc418033ce110a4,NVDA,edgar,cash_flow_statement,us-gaap:NetCashProvidedByUsedInFinancingActivities,NetCashFromFinancingActivities,netcashfromfinancingactivities,Net cash used in financing activities,-13633000000,-13633000000.0,usd,USD,1.0,duration_2023-01-30_2024-01-28,reported,duration,2023-01-30,2024-01-28,,2025,FY,2026-02-25,10-K,0001045810-26-000021,edgar:0001045810-26-000021:f-391,c-10,http://www.nvidia.com/role/ConsolidatedStatementsofCashFlows,"{""balance"": ""debit"", ""cik"": ""0001045810"", ""context_ref"": ""c-10"", ""period_key"": ""duration_2023-01-30_2024-01-28"", ""preferred_sign"": 1.0, ""statement_role"": ""http://www.nvidia.com/role/ConsolidatedStatementsofCashFlows"", ""statement_type"": ""CashFlowStatement"", ""weight"": 1.0}",{},False,,edgar_xbrl
f-392,5e42a5c7dd5a1d1e39e00834bc2b50392b909f5091e1998e27389442b134d461,NVDA,edgar,cash_flow_statement,us-gaap:CashCashEquivalentsRestrictedCashAndRestrictedCashEquivalentsPeriodIncreaseDecreaseIncludingExchangeRateEffect,NetChangeInCash,netchangeincash,Change in cash and cash equivalents,2016000000,2016000000.0,usd,USD,1.0,duration_2025-01-27_2026-01-25,reported,duration,2025-01-27,2026-01-25,,2026,FY,2026-02-25,10-K,0001045810-26-000021,edgar:0001045810-26-000021:f-392,c-1,http://www.nvidia.com/role/ConsolidatedStatementsofCashFlows,"{""cik"": ""0001045810"", ""context_ref"": ""c-1"", ""period_key"": ""duration_2025-01-27_2026-01-25"", ""preferred_sign"": 1.0, ""statement_role"": ""http://www.nvidia.com/role/ConsolidatedStatementsofCashFlows"", ""statement_type"": ""CashFlowStatement"", ""weight"": 1.0}",{},False,,edgar_xbrl
f-393,28f40ceec2eebd458f70efb333f0b8f20212551aee53bdf2792d784e2424ca93,NVDA,edgar,cash_flow_statement,us-gaap:CashCashEquivalentsRestrictedCashAndRestrictedCashEquivalentsPeriodIncreaseDecreaseIncludingExchangeRateEffect,NetChangeInCash,netchangeincash,Change in cash and cash equivalents,1309000000,1309000000.0,usd,USD,1.0,duration_2024-01-29_2025-01-26,reported,duration,2024-01-29,2025-01-26,,2026,FY,2026-02-25,10-K,0001045810-26-000021,edgar:0001045810-26-000021:f-393,c-9,http://www.nvidia.com/role/ConsolidatedStatementsofCashFlows,"{""cik"": ""0001045810"", ""context_ref"": ""c-9"", ""period_key"": ""duration_2024-01-29_2025-01-26"", ""preferred_sign"": 1.0, ""statement_role"": ""http://www.nvidia.com/role/ConsolidatedStatementsofCashFlows"", ""statement_type"": ""CashFlowStatement"", ""weight"": 1.0}",{},False,,edgar_xbrl
f-394,eec4ac343e0e57e196bde105a0b055fdd50cd194df90489fef00401c4174d1f5,NVDA,edgar,cash_flow_statement,us-gaap:CashCashEquivalentsRestrictedCashAndRestrictedCashEquivalentsPeriodIncreaseDecreaseIncludingExchangeRateEffect,NetChangeInCash,netchangeincash,Change in cash and cash equivalents,3891000000,3891000000.0,usd,USD,1.0,duration_2023-01-30_2024-01-28,reported,duration,2023-01-30,2024-01-28,,2025,FY,2026-02-25,10-K,0001045810-26-000021,edgar:0001045810-26-000021:f-394,c-10,http://www.nvidia.com/role/ConsolidatedStatementsofCashFlows,"{""cik"": ""0001045810"", ""context_ref"": ""c-10"", ""period_key"": ""duration_2023-01-30_2024-01-28"", ""preferred_sign"": 1.0, ""statement_role"": ""http://www.nvidia.com/role/ConsolidatedStatementsofCashFlows"", ""statement_type"": ""CashFlowStatement"", ""weight"": 1.0}",{},False,,edgar_xbrl
f-397,f0ef264a55ccfaf1ed0b5cd29a8603af337582bcec47fa15a4cc772ee9813a17,NVDA,edgar,cash_flow_statement,us-gaap:CashCashEquivalentsRestrictedCashAndRestrictedCashEquivalents,CashAndCashEquivalents,cashandcashequivalents,Cash and cash equivalents at end of period,3389000000,3389000000.0,usd,USD,1.0,instant_2023-01-29,reported,instant,,2023-01-29,2023-01-29,2024,,2026-02-25,10-K,0001045810-26-000021,edgar:0001045810-26-000021:f-397,c-17,http://www.nvidia.com/role/ConsolidatedStatementsofCashFlows,"{""cik"": ""0001045810"", ""context_ref"": ""c-17"", ""period_instant"": ""2023-01-29"", ""period_key"": ""instant_2023-01-29"", ""preferred_sign"": 1.0, ""statement_role"": ""http://www.nvidia.com/role/ConsolidatedStatementsofCashFlows"", ""statement_type"": ""CashFlowStatement""}",{},False,,edgar_xbrl
f-398,45ab2c2d50f9d5ac6768431dec88fcf17d7e52e6104060488a78adce1822f707,NVDA,edgar,cash_flow_statement,us-gaap:CashCashEquivalentsRestrictedCashAndRestrictedCashEquivalents,CashAndCashEquivalents,cashandcashequivalents,Cash and cash equivalents at end of period,10605000000,10605000000.0,usd,USD,1.0,instant_2026-01-25,reported,instant,,2026-01-25,2026-01-25,2026,,2026-02-25,10-K,0001045810-26-000021,edgar:0001045810-26-000021:f-398,c-11,http://www.nvidia.com/role/ConsolidatedStatementsofCashFlows,"{""cik"": ""0001045810"", ""context_ref"": ""c-11"", ""period_instant"": ""2026-01-25"", ""period_key"": ""instant_2026-01-25"", ""preferred_sign"": 1.0, ""statement_role"": ""http://www.nvidia.com/role/ConsolidatedStatementsofCashFlows"", ""statement_type"": ""CashFlowStatement""}",{},False,,edgar_xbrl
f-395,868a21cd44c2ad7f6d8abd00969d9c0f5b688f89db8a9680a1e0e28849537dfb,NVDA,edgar,cash_flow_statement,us-gaap:CashCashEquivalentsRestrictedCashAndRestrictedCashEquivalents,CashAndCashEquivalents,cashandcashequivalents,Cash and cash equivalents at end of period,8589000000,8589000000.0,usd,USD,1.0,instant_2025-01-26,reported,instant,,2025-01-26,2025-01-26,2026,,2026-02-25,10-K,0001045810-26-000021,edgar:0001045810-26-000021:f-395,c-12,http://www.nvidia.com/role/ConsolidatedStatementsofCashFlows,"{""cik"": ""0001045810"", ""context_ref"": ""c-12"", ""period_instant"": ""2025-01-26"", ""period_key"": ""instant_2025-01-26"", ""preferred_sign"": 1.0, ""statement_role"": ""http://www.nvidia.com/role/ConsolidatedStatementsofCashFlows"", ""statement_type"": ""CashFlowStatement""}",{},False,,edgar_xbrl
f-396,0f87563d1ee0eb2464407df05d3e3193751f91ebf4c59a8f308457d90cbb6c4d,NVDA,edgar,cash_flow_statement,us-gaap:CashCashEquivalentsRestrictedCashAndRestrictedCashEquivalents,CashAndCashEquivalents,cashandcashequivalents,Cash and cash equivalents at end of period,7280000000,7280000000.0,usd,USD,1.0,instant_2024-01-28,reported,instant,,2024-01-28,2024-01-28,2025,,2026-02-25,10-K,0001045810-26-000021,edgar:0001045810-26-000021:f-396,c-26,http://www.nvidia.com/role/ConsolidatedStatementsofCashFlows,"{""cik"": ""0001045810"", ""context_ref"": ""c-26"", ""period_instant"": ""2024-01-28"", ""period_key"": ""instant_2024-01-28"", ""preferred_sign"": 1.0, ""statement_role"": ""http://www.nvidia.com/role/ConsolidatedStatementsofCashFlows"", ""statement_type"": ""CashFlowStatement""}",{},False,,edgar_xbrl
f-402,89151389b53d412cae2fa19843859126409464ab63f98cf6424c77a6c3c79ec1,NVDA,edgar,cash_flow_statement,us-gaap:IncomeTaxesPaidNet,IncomeTaxes,incometaxes,"Cash paid for income taxes, net",15118000000,15118000000.0,usd,USD,1.0,duration_2024-01-29_2025-01-26,reported,duration,2024-01-29,2025-01-26,,2026,FY,2026-02-25,10-K,0001045810-26-000021,edgar:0001045810-26-000021:f-402,c-9,http://www.nvidia.com/role/ConsolidatedStatementsofCashFlows,"{""cik"": ""0001045810"", ""context_ref"": ""c-9"", ""period_key"": ""duration_2024-01-29_2025-01-26"", ""preferred_sign"": 1.0, ""statement_role"": ""http://www.nvidia.com/role/ConsolidatedStatementsofCashFlows"", ""statement_type"": ""CashFlowStatement"", ""weight"": 1.0}",{},False,,edgar_xbrl
f-403,a49074b4e42a9e6a3e07adf751e80a1ff7173a56e8b53607f0e1b62d51f72289,NVDA,edgar,cash_flow_statement,us-gaap:IncomeTaxesPaidNet,IncomeTaxes,incometaxes,"Cash paid for income taxes, net",6549000000,6549000000.0,usd,USD,1.0,duration_2023-01-30_2024-01-28,reported,duration,2023-01-30,2024-01-28,,2025,FY,2026-02-25,10-K,0001045810-26-000021,edgar:0001045810-26-000021:f-403,c-10,http://www.nvidia.com/role/ConsolidatedStatementsofCashFlows,"{""cik"": ""0001045810"", ""context_ref"": ""c-10"", ""period_key"": ""duration_2023-01-30_2024-01-28"", ""preferred_sign"": 1.0, ""statement_role"": ""http://www.nvidia.com/role/ConsolidatedStatementsofCashFlows"", ""statement_type"": ""CashFlowStatement"", ""weight"": 1.0}",{},False,,edgar_xbrl
f-311,7e5db51e63578cf0f49fbedcd31d89b47f3004a664c8e83d3476dc0aca45b862,NVDA,edgar,cash_flow_statement,us-gaap:DeferredIncomeTaxExpenseBenefit,IncomeTaxes,incometaxes,Deferred income taxes,-1424000000,-1424000000.0,usd,USD,1.0,duration_2025-01-27_2026-01-25,reported,duration,2025-01-27,2026-01-25,,2026,FY,2026-02-25,10-K,0001045810-26-000021,edgar:0001045810-26-000021:f-311,c-1,http://www.nvidia.com/role/ConsolidatedStatementsofCashFlows,"{""balance"": ""debit"", ""cik"": ""0001045810"", ""context_ref"": ""c-1"", ""period_key"": ""duration_2025-01-27_2026-01-25"", ""preferred_sign"": 1.0, ""statement_role"": ""http://www.nvidia.com/role/ConsolidatedStatementsofCashFlows"", ""statement_type"": ""CashFlowStatement"", ""weight"": 1.0}",{},False,,edgar_xbrl
f-312,62d1de4beda68af470b9332ec5c94e252ff99bb67663edc4cd69164cd758c7e8,NVDA,edgar,cash_flow_statement,us-gaap:DeferredIncomeTaxExpenseBenefit,IncomeTaxes,incometaxes,Deferred income taxes,-4477000000,-4477000000.0,usd,USD,1.0,duration_2024-01-29_2025-01-26,reported,duration,2024-01-29,2025-01-26,,2026,FY,2026-02-25,10-K,0001045810-26-000021,edgar:0001045810-26-000021:f-312,c-9,http://www.nvidia.com/role/ConsolidatedStatementsofCashFlows,"{""balance"": ""debit"", ""cik"": ""0001045810"", ""context_ref"": ""c-9"", ""period_key"": ""duration_2024-01-29_2025-01-26"", ""preferred_sign"": 1.0, ""statement_role"": ""http://www.nvidia.com/role/ConsolidatedStatementsofCashFlows"", ""statement_type"": ""CashFlowStatement"", ""weight"": 1.0}",{},False,,edgar_xbrl
f-313,4dde59a35d4677c502f62b58d0f3619d600d8ec3d22ddd3fd45b9e445ba0c310,NVDA,edgar,cash_flow_statement,us-gaap:DeferredIncomeTaxExpenseBenefit,IncomeTaxes,incometaxes,Deferred income taxes,-2489000000,-2489000000.0,usd,USD,1.0,duration_2023-01-30_2024-01-28,reported,duration,2023-01-30,2024-01-28,,2025,FY,2026-02-25,10-K,0001045810-26-000021,edgar:0001045810-26-000021:f-313,c-10,http://www.nvidia.com/role/ConsolidatedStatementsofCashFlows,"{""balance"": ""debit"", ""cik"": ""0001045810"", ""context_ref"": ""c-10"", ""period_key"": ""duration_2023-01-30_2024-01-28"", ""preferred_sign"": 1.0, ""statement_role"": ""http://www.nvidia.com/role/ConsolidatedStatementsofCashFlows"", ""statement_type"": ""CashFlowStatement"", ""weight"": 1.0}",{},False,,edgar_xbrl
f-401,0c9fae98f641645aaf3811cb64e51eefb78cdd1e7ea4a9ea6472e0a4b5af3698,NVDA,edgar,cash_flow_statement,us-gaap:IncomeTaxesPaidNet,IncomeTaxes,incometaxes,"Cash paid for income taxes, net",20288000000,20288000000.0,usd,USD,1.0,duration_2025-01-27_2026-01-25,reported,duration,2025-01-27,2026-01-25,,2026,FY,2026-02-25,10-K,0001045810-26-000021,edgar:0001045810-26-000021:f-401,c-1,http://www.nvidia.com/role/ConsolidatedStatementsofCashFlows,"{""cik"": ""0001045810"", ""context_ref"": ""c-1"", ""period_key"": ""duration_2025-01-27_2026-01-25"", ""preferred_sign"": 1.0, ""statement_role"": ""http://www.nvidia.com/role/ConsolidatedStatementsofCashFlows"", ""statement_type"": ""CashFlowStatement"", ""weight"": 1.0}",{},False,,edgar_xbrl
f-377,531a49d4851d2fcfe16fa717c0625c0596d19aa2d5d2a4e898296dd906cec181,NVDA,edgar,cash_flow_statement,us-gaap:PaymentsOfDividends,DistributionsToMinorityInterests,distributionstominorityinterests,Dividends paid,974000000,974000000.0,usd,USD,1.0,duration_2025-01-27_2026-01-25,reported,duration,2025-01-27,2026-01-25,,2026,FY,2026-02-25,10-K,0001045810-26-000021,edgar:0001045810-26-000021:f-377,c-1,http://www.nvidia.com/role/ConsolidatedStatementsofCashFlows,"{""balance"": ""credit"", ""cik"": ""0001045810"", ""context_ref"": ""c-1"", ""period_key"": ""duration_2025-01-27_2026-01-25"", ""preferred_sign"": 1.0, ""statement_role"": ""http://www.nvidia.com/role/ConsolidatedStatementsofCashFlows"", ""statement_type"": ""CashFlowStatement"", ""weight"": -1.0}",{},False,,edgar_xbrl
f-378,dc412538dee6bc1f61252865f9293a71704d0f748ef9e8c9ae86ae01e7dd277e,NVDA,edgar,cash_flow_statement,us-gaap:PaymentsOfDividends,DistributionsToMinorityInterests,distributionstominorityinterests,Dividends paid,834000000,834000000.0,usd,USD,1.0,duration_2024-01-29_2025-01-26,reported,duration,2024-01-29,2025-01-26,,2026,FY,2026-02-25,10-K,0001045810-26-000021,edgar:0001045810-26-000021:f-378,c-9,http://www.nvidia.com/role/ConsolidatedStatementsofCashFlows,"{""balance"": ""credit"", ""cik"": ""0001045810"", ""context_ref"": ""c-9"", ""period_key"": ""duration_2024-01-29_2025-01-26"", ""preferred_sign"": 1.0, ""statement_role"": ""http://www.nvidia.com/role/ConsolidatedStatementsofCashFlows"", ""statement_type"": ""CashFlowStatement"", ""weight"": -1.0}",{},False,,edgar_xbrl
f-379,29df1a6a4b2224f5f9f52e4234a4a0254816c1a08be9b0fa8059752fb899b927,NVDA,edgar,cash_flow_statement,us-gaap:PaymentsOfDividends,DistributionsToMinorityInterests,distributionstominorityinterests,Dividends paid,395000000,395000000.0,usd,USD,1.0,duration_2023-01-30_2024-01-28,reported,duration,2023-01-30,2024-01-28,,2025,FY,2026-02-25,10-K,0001045810-26-000021,edgar:0001045810-26-000021:f-379,c-10,http://www.nvidia.com/role/ConsolidatedStatementsofCashFlows,"{""balance"": ""credit"", ""cik"": ""0001045810"", ""context_ref"": ""c-10"", ""period_key"": ""duration_2023-01-30_2024-01-28"", ""preferred_sign"": 1.0, ""statement_role"": ""http://www.nvidia.com/role/ConsolidatedStatementsofCashFlows"", ""statement_type"": ""CashFlowStatement"", ""weight"": -1.0}",{},False,,edgar_xbrl
f-1146,db75ba7ecac790aa75560292de2032bb26c3fd0e5165d018c85df005488e8eac,NVDA,edgar,cash_flow_statement,us-gaap:DepreciationDepletionAndAmortization,DepreciationExpense,depreciationexpense,Depreciation and amortization,1600000000,1600000000.0,usd,USD,1.0,duration_2025-01-27_2026-01-25,reported,duration,2025-01-27,2026-01-25,,2026,FY,2026-02-25,10-K,0001045810-26-000021,edgar:0001045810-26-000021:f-1146,c-202,http://www.nvidia.com/role/ConsolidatedStatementsofCashFlows,"{""balance"": ""debit"", ""cik"": ""0001045810"", ""context_ref"": ""c-202"", ""period_key"": ""duration_2025-01-27_2026-01-25"", ""preferred_sign"": 1.0, ""statement_role"": ""http://www.nvidia.com/role/ConsolidatedStatementsofCashFlows"", ""statement_type"": ""CashFlowStatement"", ""weight"": 1.0}","{""us-gaap_StatementBusinessSegmentsAxis"": ""nvda:ComputeAndNetworkingSegmentMember""}",False,,edgar_xbrl
f-1147,c1151bda7903d1521ef9ec1b19990b90a8d1896d629a548353bf2f267cec5c39,NVDA,edgar,cash_flow_statement,us-gaap:DepreciationDepletionAndAmortization,DepreciationExpense,depreciationexpense,Depreciation and amortization,732000000,732000000.0,usd,USD,1.0,duration_2024-01-29_2025-01-26,reported,duration,2024-01-29,2025-01-26,,2026,FY,2026-02-25,10-K,0001045810-26-000021,edgar:0001045810-26-000021:f-1147,c-203,http://www.nvidia.com/role/ConsolidatedStatementsofCashFlows,"{""balance"": ""debit"", ""cik"": ""0001045810"", ""context_ref"": ""c-203"", ""period_key"": ""duration_2024-01-29_2025-01-26"", ""preferred_sign"": 1.0, ""statement_role"": ""http://www.nvidia.com/role/ConsolidatedStatementsofCashFlows"", ""statement_type"": ""CashFlowStatement"", ""weight"": 1.0}","{""us-gaap_StatementBusinessSegmentsAxis"": ""nvda:ComputeAndNetworkingSegmentMember""}",False,,edgar_xbrl
f-1148,99f6a878c277dec86ad5a72de0fdcc8501a789b790a95000f0c130eb1a4d96c7,NVDA,edgar,cash_flow_statement,us-gaap:DepreciationDepletionAndAmortization,DepreciationExpense,depreciationexpense,Depreciation and amortization,457000000,457000000.0,usd,USD,1.0,duration_2023-01-30_2024-01-28,reported,duration,2023-01-30,2024-01-28,,2025,FY,2026-02-25,10-K,0001045810-26-000021,edgar:0001045810-26-000021:f-1148,c-204,http://www.nvidia.com/role/ConsolidatedStatementsofCashFlows,"{""balance"": ""debit"", ""cik"": ""0001045810"", ""context_ref"": ""c-204"", ""period_key"": ""duration_2023-01-30_2024-01-28"", ""preferred_sign"": 1.0, ""statement_role"": ""http://www.nvidia.com/role/ConsolidatedStatementsofCashFlows"", ""statement_type"": ""CashFlowStatement"", ""weight"": 1.0}","{""us-gaap_StatementBusinessSegmentsAxis"": ""nvda:ComputeAndNetworkingSegmentMember""}",False,,edgar_xbrl
f-1149,431b7ad83f63827ae83afe3967ac8a8c2f4bb6f369835e265564bb80ae460e0c,NVDA,edgar,cash_flow_statement,us-gaap:DepreciationDepletionAndAmortization,DepreciationExpense,depreciationexpense,Depreciation and amortization,590000000,590000000.0,usd,USD,1.0,duration_2025-01-27_2026-01-25,reported,duration,2025-01-27,2026-01-25,,2026,FY,2026-02-25,10-K,0001045810-26-000021,edgar:0001045810-26-000021:f-1149,c-205,http://www.nvidia.com/role/ConsolidatedStatementsofCashFlows,"{""balance"": ""debit"", ""cik"": ""0001045810"", ""context_ref"": ""c-205"", ""period_key"": ""duration_2025-01-27_2026-01-25"", ""preferred_sign"": 1.0, ""statement_role"": ""http://www.nvidia.com/role/ConsolidatedStatementsofCashFlows"", ""statement_type"": ""CashFlowStatement"", ""weight"": 1.0}","{""us-gaap_StatementBusinessSegmentsAxis"": ""nvda:GraphicsSegmentMember""}",False,,edgar_xbrl
f-1150,084c3d39d98af40ec38b2b46d592f8bca1bd4a312223158b5c4f07b02f346531,NVDA,edgar,cash_flow_statement,us-gaap:DepreciationDepletionAndAmortization,DepreciationExpense,depreciationexpense,Depreciation and amortization,372000000,372000000.0,usd,USD,1.0,duration_2024-01-29_2025-01-26,reported,duration,2024-01-29,2025-01-26,,2026,FY,2026-02-25,10-K,0001045810-26-000021,edgar:0001045810-26-000021:f-1150,c-206,http://www.nvidia.com/role/ConsolidatedStatementsofCashFlows,"{""balance"": ""debit"", ""cik"": ""0001045810"", ""context_ref"": ""c-206"", ""period_key"": ""duration_2024-01-29_2025-01-26"", ""preferred_sign"": 1.0, ""statement_role"": ""http://www.nvidia.com/role/ConsolidatedStatementsofCashFlows"", ""statement_type"": ""CashFlowStatement"", ""weight"": 1.0}","{""us-gaap_StatementBusinessSegmentsAxis"": ""nvda:GraphicsSegmentMember""}",False,,edgar_xbrl
f-1151,10e84e2325883089b27566963007c46c98ec9a44558252b7f1c0ff29c66161e7,NVDA,edgar,cash_flow_statement,us-gaap:DepreciationDepletionAndAmortization,DepreciationExpense,depreciationexpense,Depreciation and amortization,307000000,307000000.0,usd,USD,1.0,duration_2023-01-30_2024-01-28,reported,duration,2023-01-30,2024-01-28,,2025,FY,2026-02-25,10-K,0001045810-26-000021,edgar:0001045810-26-000021:f-1151,c-207,http://www.nvidia.com/role/ConsolidatedStatementsofCashFlows,"{""balance"": ""debit"", ""cik"": ""0001045810"", ""context_ref"": ""c-207"", ""period_key"": ""duration_2023-01-30_2024-01-28"", ""preferred_sign"": 1.0, ""statement_role"": ""http://www.nvidia.com/role/ConsolidatedStatementsofCashFlows"", ""statement_type"": ""CashFlowStatement"", ""weight"": 1.0}","{""us-gaap_StatementBusinessSegmentsAxis"": ""nvda:GraphicsSegmentMember""}",False,,edgar_xbrl
